Date,Subreddit,Comment,Undelete Link,PullPush Link
2009-07-30,r/politics,"Give me a break. I served 2 tours (Fallujah and Ramadi) as a Marine infantryman, and very few of my buddies are having major problems, let alone murdering everyone they see. There were, however, several mal-adjusted guys who used the experience to justify major problems, and who routinely tell stories about ""80+"" kill counts, no matter how ludicrous a number that is to anyone who has served in country (barring some, as in extremely few, snipers. Most of whom are still on active duty and  doing fine.)

PTSD is a real thing, but it is not nearly as prevalent as made out to be. And even then, it manifests itself in much less homicidal ways. Some guys really eat up the ""hard-core killer"" junk, and it's the failure of NCO's to replace that with professionalism that leads to this shit. 

That being said, any time some guy bangs on and on about all the people he killed and how fucked up he is, and thats why he's on drugs (insert war sob story here) you can bet he was a pretty sub-par soldier or Marine and is somewhat full of shit. Sadly, some of those guys did indeed see some action, and so it is hard for anyone besides the guys who were there to call them out on it.  Don't buy everything you read on the internets.",https://undelete.pullpush.io/r/politics/comments/95sjd/_/c0bj1uf/,https://api.pullpush.io/reddit/comment/search/?ids=c0bj1uf
2009-08-06,r/AskReddit,Chewing tobacco. Stay classy.,https://undelete.pullpush.io/r/AskReddit/comments/98754/_/c0brugy/,https://api.pullpush.io/reddit/comment/search/?ids=c0brugy
2009-09-09,r/worldnews,"Well, since it was in Afghanistan.... Way to go dumbass.  ",https://undelete.pullpush.io/r/worldnews/comments/9ispy/_/c0cxuqm/,https://api.pullpush.io/reddit/comment/search/?ids=c0cxuqm
2009-09-24,r/AskReddit,Join the Marines.,https://undelete.pullpush.io/r/AskReddit/comments/9ns5n/_/c0djur1/,https://api.pullpush.io/reddit/comment/search/?ids=c0djur1
2009-10-31,r/AskReddit,"I served 2 tours a Marine machinegunner in Iraq, the first outside of Falluja and the second at the Government Center in downtown Ramadi. I was involved in sustained gunfights in both. I get a kick out of playing COD 4, it has absolutely nothing to do with real combat. It's just a game, and I enjoy games like that. I draw no comparison to real combat.",https://undelete.pullpush.io/r/AskReddit/comments/9zpqx/_/c0f6byy/,https://api.pullpush.io/reddit/comment/search/?ids=c0f6byy
2009-11-10,r/AskReddit,Yut! USMC 2004-2008. Currently US Army.,https://undelete.pullpush.io/r/AskReddit/comments/a2ups/_/c0fliko/,https://api.pullpush.io/reddit/comment/search/?ids=c0fliko
2009-11-20,r/WTF,"Uhh, read that last line. WTF? This happened in ancient Peru too?",https://undelete.pullpush.io/r/WTF/comments/a6aup/_/c0g1l6y/,https://api.pullpush.io/reddit/comment/search/?ids=c0g1l6y
2009-11-30,r/AskReddit,"As a former Marine and current member of the Army, if those are your reasons for military service, stay out. ",https://undelete.pullpush.io/r/AskReddit/comments/a99xs/_/c0gg81f/,https://api.pullpush.io/reddit/comment/search/?ids=c0gg81f
2009-12-04,r/politics,"Human Terrain Mapping teams have done wonders in keeping down civilian casualties as units who are exposed to the information gleaned can respond to real, not perceived, requirements of the area and it's residents. It also paints a relatively accurate picture of the demographics of the area, allowing units to focus not so much on raids for intelligence, which alleviates possible civilian casualties and more importantly allows units to act in a more friendly fashion. If there is worry this will be used for targeting, well, that's for certain. These teams allow the real bad dudes to be separated from civilians and dealt with accordingly. By bad dudes I mean the type who cannot be convinced to come in out of the cold. Human Terrain teams can however shed light on who is on the fence, and therefore who can be approached instead of killed. All in all, these teams are good both US efforts and Afghan civilians. Not so good for the hardcore criminal/Taliban types.",https://undelete.pullpush.io/r/politics/comments/ab3h9/_/c0gp3ng/,https://api.pullpush.io/reddit/comment/search/?ids=c0gp3ng
2010-01-17,r/guns,"Bravo Company USA makes upper receivers that meet and generally exceed the spec's of Colts, which are the military standard. That, and the company is  small enough where any of youre problems will be immediately addressed as opposed hrough jumping through the hoops of large gun manufacturers. He also gives a hell of alot to the shooting community as a whole, and deserves the business. And at about $475.00 a pop, the uppers look good financially.",https://undelete.pullpush.io/r/guns/comments/apfvm/_/c0ivvej/,https://api.pullpush.io/reddit/comment/search/?ids=c0ivvej
2010-01-19,r/guns,"I am an Atheist. I am also a former Marine infantryman. The RCO (ACOG) is a fantastic optic, and it kept me alive on both my tours in Al-Anbar province. The ability to accurately establish a range to target, as well as the BDC (bullet drop compensator) allowed me to make accurate hits out to 400 meters with a standard service rifle. This was my experience, I know of Marines and Soldiers who have made hits at greater distances. Do I think it was irresponsible for DOD procurement not to figure this out and ask for it to be changed? Sure. Does it piss me off that there are bible verses on the side of US military optics? A bit. Does any of this offset that the ACOG/RCO is one of the best combat optics on the market? Absolutely not. It made me a more effective warfighter, and allowed me to put 5th century reprobate religious fanatics in the ground. I certainly wouldn't go back and take it off my rifle had I known (Which I did. This isn't exactly new news in the gunfighter world.)",https://undelete.pullpush.io/r/guns/comments/arg8a/_/c0j11fj/,https://api.pullpush.io/reddit/comment/search/?ids=c0j11fj
2010-01-20,r/guns,"Yes, we did. In fact, everytime someone read off the verse numbers they were answered with an inevitable ""the other serial number, jackass."" But to be honest, I didn't know they were bible verses until a buddy of mine, a bible thumper type, pointed it out to me. As I said, the optic still stayed on my rifle after that.",https://undelete.pullpush.io/r/guns/comments/arg8a/_/c0j29ek/,https://api.pullpush.io/reddit/comment/search/?ids=c0j29ek
2010-01-20,r/guns,"While knowing this, the Islamic world which soon followed the 7th Century rise and expansion was one of the sciences, philosophy, and literature. I don't want to sully that history by comparing our current fanatical friends with it, so I reach back a little further into the (comparatively) Arab dark ages. Or, I just made that up to justify my ignorance. Either one works.",https://undelete.pullpush.io/r/guns/comments/arg8a/_/c0j29jz/,https://api.pullpush.io/reddit/comment/search/?ids=c0j29jz
2010-01-20,r/guns,And there is definitely an atheist or two in the fighting holes. ,https://undelete.pullpush.io/r/guns/comments/arg8a/_/c0j2t8y/,https://api.pullpush.io/reddit/comment/search/?ids=c0j2t8y
2010-01-20,r/guns,Amen.,https://undelete.pullpush.io/r/guns/comments/arg8a/_/c0j30x2/,https://api.pullpush.io/reddit/comment/search/?ids=c0j30x2
2010-02-14,r/guns,"Nugent is a service dodging coward. As a combat veteran, that motherfucker makes me want to puke when he spews his warmongering macho bullshit. Suck a dick Ted.",https://undelete.pullpush.io/r/guns/comments/b1sq6/_/c0kj1rp/,https://api.pullpush.io/reddit/comment/search/?ids=c0kj1rp
2010-02-17,r/guns,Glad you'd rather have some other guy go in your place. Enjoy your happy life. ,https://undelete.pullpush.io/r/guns/comments/b1sq6/_/c0kpayy/,https://api.pullpush.io/reddit/comment/search/?ids=c0kpayy
2010-02-19,r/guns,"You guys forget that the US Military speaks English and has knowledge of the local terrain, whether it be human or geographical. Good luck hiding. ",https://undelete.pullpush.io/r/guns/comments/b3urx/_/c0kv7f4/,https://api.pullpush.io/reddit/comment/search/?ids=c0kv7f4
2010-02-20,r/pics,This Marine agrees with those Marines. ,https://undelete.pullpush.io/r/pics/comments/b4723/_/c0kvx1x/,https://api.pullpush.io/reddit/comment/search/?ids=c0kvx1x
2010-03-20,r/politics,Semper Fi Gunny. Fair winds and following seas.,https://undelete.pullpush.io/r/politics/comments/bfkpg/_/c0mjevc/,https://api.pullpush.io/reddit/comment/search/?ids=c0mjevc
2010-04-02,r/reddit.com,I'm there. I will never let these people win.,https://undelete.pullpush.io/r/reddit.com/comments/bld8v/_/c0ncmx0/,https://api.pullpush.io/reddit/comment/search/?ids=c0ncmx0
2010-04-12,r/politics,Curious how much different the response here would be if he was protesting the war through his disrespect of the flag.,https://undelete.pullpush.io/r/politics/comments/bq04j/_/c0nzr1u/,https://api.pullpush.io/reddit/comment/search/?ids=c0nzr1u
2010-04-13,r/guns,Sell it and get an AR.,https://undelete.pullpush.io/r/guns/comments/bpz1n/_/c0nzxkn/,https://api.pullpush.io/reddit/comment/search/?ids=c0nzxkn
2010-04-13,r/guns,"As an armorer, and a combat veteran who has carried AR variants over several deployments, I'd say that you really have no idea what you are talking about if you believe that. Ergonomically, there is little better. A safety that can be manipulated easily with the strong hand thumb, the ability to manipulate the charging handle for malfunction drills while maintaining a proper firing grip on the weapon, a magazine release that is easily depressed and allows for extremely fast magazine changes as the support hand plays no role, allowing for quick indexing of a fresh magazine. The Sig 556 does have similar locations for safety and magazine release, in my personal opinion they are not as ergonomically advantageous as the fire controls of an AR. Also, the location of the bolt manipulation device require shooters to turn the weapon on it's side, much like an AK. Anyone who has run malfunction clearing drills with an AK in a stress-induced environment will understand the problem. I have also personally watched Sig 556's go down too often for my personal liking, while good AR's keep on running. Add to this the plethora of support and options in comparison, and I stand by my statement to sell it and get an AR, and then shoot the ever-loving shit out of it.",https://undelete.pullpush.io/r/guns/comments/bpz1n/_/c0o2eqa/,https://api.pullpush.io/reddit/comment/search/?ids=c0o2eqa
2010-04-13,r/guns,"My rationale is below, in response to the usual anti-AR internet expert shenanigans.",https://undelete.pullpush.io/r/guns/comments/bpz1n/_/c0o2f0f/,https://api.pullpush.io/reddit/comment/search/?ids=c0o2f0f
2010-04-15,r/AskReddit,"The Indian Wars, the Phillipines, Haiti and Nicaragua in the 1920's, Vietnam, Nicaragua and El Salvador again in the 80's. As for would have, I ""did"" for Iraq and would love to get to the Ghan. Small wars are pretty enjoyable. It's the big ones, with days of artillery fire and inhuman brutality that take the fun out of fighting. But small wars (and Iraq and Afghanistan are indeed small wars) provide the rush of small combat actions along with the intellectual challenge of building personal relationships and infrastructure within the local community. Small wars are thinking wars, which I much prefer over the bloody slugfests of great power conventional warfare. Oh, and the revolution, because I'm Amuuurican.",https://undelete.pullpush.io/r/AskReddit/comments/br5of/_/c0o6rpu/,https://api.pullpush.io/reddit/comment/search/?ids=c0o6rpu
2010-04-22,r/pics,I beat one down with a rifle stock. Fucker crawled into bed with me.,https://undelete.pullpush.io/r/pics/comments/burh7/_/c0onhzq/,https://api.pullpush.io/reddit/comment/search/?ids=c0onhzq
2010-04-26,r/WTF,Screw finding the attacker. I'd like to know the names of the people who walked past and did nothing. Especially cell phone picture guy.,https://undelete.pullpush.io/r/WTF/comments/bw75k/_/c0ovpxm/,https://api.pullpush.io/reddit/comment/search/?ids=c0ovpxm
2010-04-29,r/politics,Fair winds and following seas Marine. Rest peacefully.,https://undelete.pullpush.io/r/politics/comments/bxxdr/_/c0p4bw5/,https://api.pullpush.io/reddit/comment/search/?ids=c0p4bw5
2010-05-03,r/AskReddit,Enlist in the US military. You can avoid the draft and get citizenship.,https://undelete.pullpush.io/r/AskReddit/comments/bz5yk/_/c0pb5ge/,https://api.pullpush.io/reddit/comment/search/?ids=c0pb5ge
2010-07-10,r/politics,Rest easy guys.,https://undelete.pullpush.io/r/politics/comments/co2hf/_/c0tyxm7/,https://api.pullpush.io/reddit/comment/search/?ids=c0tyxm7
2010-07-14,r/politics,"Forget it dude, it's not worth arguing with them. They'll never get it. Semper Fi.",https://undelete.pullpush.io/r/politics/comments/cp4yi/_/c0u7fb4/,https://api.pullpush.io/reddit/comment/search/?ids=c0u7fb4
2010-07-24,r/WTF,Looked like good kills to me. Solid work by the pilots.,https://undelete.pullpush.io/r/WTF/comments/ct89p/_/c0v2ls3/,https://api.pullpush.io/reddit/comment/search/?ids=c0v2ls3
2010-07-29,r/reddit.com,"Assange himself says he likes going after bastards. But if his leak results in the deaths of Afghans who are doing what they can to keep an intolerant and brutal group from taking control of their nation, does he not himself become a prick?

Quite often the US military is judged for making decision that result in the deaths of innocents in the name of a larger mission, and almost always it is a negative connotation. Will the charges now be changed because of the participant?",https://undelete.pullpush.io/r/reddit.com/comments/cuz3h/_/c0vgrve/,https://api.pullpush.io/reddit/comment/search/?ids=c0vgrve
2010-07-30,r/news,"Or the ones who worked with coalition forces because they didn't want a bunch of religious zealots who don't allow music or female education running their country. You know, guys who wanted to make where they live a better place. The fact that the anti-war folks who only claim to care about the civilians will try and justify it makes them hypocrites.",https://undelete.pullpush.io/r/news/comments/cvl7d/_/c0vlx6q/,https://api.pullpush.io/reddit/comment/search/?ids=c0vlx6q
2010-07-30,r/politics,Or soulless for not caring about how a return of Taliban rule would play out with the civilians you think you're defending.,https://undelete.pullpush.io/r/politics/comments/cvji7/_/c0vlxpg/,https://api.pullpush.io/reddit/comment/search/?ids=c0vlxpg
2010-07-30,r/reddit.com,Upvoted in the interest of sarcasm.,https://undelete.pullpush.io/r/reddit.com/comments/cvnbw/_/c0vlyll/,https://api.pullpush.io/reddit/comment/search/?ids=c0vlyll
2010-07-31,r/politics,I don't. I live it.,https://undelete.pullpush.io/r/politics/comments/cvji7/_/c0vo4yw/,https://api.pullpush.io/reddit/comment/search/?ids=c0vo4yw
2010-07-31,r/politics,"I've spent the last 6 years as a Marine and then soldier. I'm headed out of my fourth deployment. I try my best to help the people I come in contact with, and I know for a fact that we are trying our hardest to make Afghanistan a better place. I know this because it is my intent, and as a frontline combat soldier the only intent that really means a damn when it comes making all of the policy a reality. So yeah, I don't think that the United States is doing it's best to protect the Afghan people from a resurgence in fundamentalist rule, I know it because I live it. You will ignore my post, and likely call me brainwashed or naive, and yet I doubt you have set one foot in the countries you rush so quickly to demonize our efforts in.",https://undelete.pullpush.io/r/politics/comments/cvji7/_/c0vo6ga/,https://api.pullpush.io/reddit/comment/search/?ids=c0vo6ga
2010-08-30,r/AskReddit,"I had a limey engineer attached to my infantry company when I was in the Marine Corps, so it's possible. I believe you'll need a green card, but that may be un-necessary. Go to goarmy.com, if you can't find the answer there you will at least find contact information for recruiters who will be able to help. Good luck, you'll be joining a long line of Brits to put on the American uniform.
",https://undelete.pullpush.io/r/AskReddit/comments/d76e8/_/c0y28yg/,https://api.pullpush.io/reddit/comment/search/?ids=c0y28yg
2010-09-08,r/guns,"Turning the gas regulator to off doesn't turn your piston system into a direct impingement system, it simply turns it off, i.e. if you fire a round the action will simply not cycle and you would need to manually manipulate the bolt.

The reason it's a tiny amount is that there is a hole in that regulator that allows gas to bleed off to operate the piston. When you turn the regulator you are moving the hole, and therefore no gas can bleed off. ",https://undelete.pullpush.io/r/guns/comments/db63r/_/c0ywauc/,https://api.pullpush.io/reddit/comment/search/?ids=c0ywauc
2010-09-15,r/reddit.com,I too served in Iraq and I am headed to Afghan shortly. And I too am ashamed. Keep fighting the good fight brother.,https://undelete.pullpush.io/r/reddit.com/comments/ddveg/_/c0zioda/,https://api.pullpush.io/reddit/comment/search/?ids=c0zioda
2010-09-17,r/conspiracy,"Uh, you guy's don't know too much about the cultural make-up of the US military, do you? I served with plenty of dudes who spoke shoddy english.",https://undelete.pullpush.io/r/conspiracy/comments/devf4/_/c0zpiq1/,https://api.pullpush.io/reddit/comment/search/?ids=c0zpiq1
2010-09-18,r/guns,"Probably both. Most gang-associated guns are Lorcin's or Hi-Points, generally cheap and easy to get a hold of illegally, and not exactly well known for their reliability. But neither of the shooters were displaying any kind of proficiency. ",https://undelete.pullpush.io/r/guns/comments/dfoq6/_/c0zv2zg/,https://api.pullpush.io/reddit/comment/search/?ids=c0zv2zg
2010-09-18,r/videos,The ones who are skinny and out of shape.,https://undelete.pullpush.io/r/videos/comments/dfo3v/_/c0zvpnw/,https://api.pullpush.io/reddit/comment/search/?ids=c0zvpnw
2010-09-19,r/guns,"BRASS TO THE GRASS!!! That's why they said no dude, your linked ammo is upside down.",https://undelete.pullpush.io/r/guns/comments/dftnn/_/c0zwbff/,https://api.pullpush.io/reddit/comment/search/?ids=c0zwbff
2010-09-19,r/guns,"Looks kind of fake, those muzzle flashes seemed fishy. ",https://undelete.pullpush.io/r/guns/comments/dfv6f/_/c0zxgl5/,https://api.pullpush.io/reddit/comment/search/?ids=c0zxgl5
2010-09-23,r/worldnews,"So the CIA has guys who are killing insurgent leaders in Afghanistan and Pakistan successfully, who are working in tandem with US Military and Afghan military hunter-killer teams, and according to the article are following a plan that hope to drive moderate insurgents towards dealing with the government as their radical leaders are killed off? I am failing to see where this is a bad thing. 
This is also not exactly new news either, anyone who has been paying attention has known about the Kandahar force for quite sometime, and you don't need to go to Afghanistan to figure it out.",https://undelete.pullpush.io/r/worldnews/comments/dhrdp/_/c10b95l/,https://api.pullpush.io/reddit/comment/search/?ids=c10b95l
2010-09-23,r/movies,Upvoted for a good film about a side of the war we rarely hear about.,https://undelete.pullpush.io/r/movies/comments/dhk7a/_/c10beed/,https://api.pullpush.io/reddit/comment/search/?ids=c10beed
2010-09-24,r/worldnews,"Absolutely. And according to the article quite effective ones. Guys that eliminate fundamentalist leaders and drive possibly moderate low level insurgents into the arms of the security forces are good in my book. I'd rather this war end with stability, not some women-hating assholes who shoot people for listening to Iron Maiden.",https://undelete.pullpush.io/r/worldnews/comments/dhrdp/_/c10dl7y/,https://api.pullpush.io/reddit/comment/search/?ids=c10dl7y
2010-09-24,r/worldnews,"Not really, if these pursuit teams are targeting enemy combatant leaders it's far from it. If they were detonating car bombs amongst civilian populations in Pakistan, I'd agree with you. But instead they are killing the guys who do that.",https://undelete.pullpush.io/r/worldnews/comments/dhrdp/_/c10ffx5/,https://api.pullpush.io/reddit/comment/search/?ids=c10ffx5
2010-09-24,r/worldnews,"Leaders, as in insurgent leaders. Not the pastor at the baptist church down the street, but the leadership of a combatant group that tends to, at least outwardly, embrace extremism more so than many of their subordinates. I'm not exactly sure where you got me advocating the killing of someone because of religious beliefs, I'm advocating the killing of combatant leadership. Which is pretty much standard during war.",https://undelete.pullpush.io/r/worldnews/comments/dhrdp/_/c10fqg0/,https://api.pullpush.io/reddit/comment/search/?ids=c10fqg0
2010-09-28,r/WTF,"I served two tours, one in Ramadi and one in Fallujah as a Marine infantryman. I never saw Baghdad, and especially not the green zone. I also respect Petraeus, as do many of the soldiers and Marines I serve/served with. And you're a contractor? I don't think that speaks for anything, it's a job. Get over yourself.",https://undelete.pullpush.io/r/WTF/comments/djsgk/_/c10reey/,https://api.pullpush.io/reddit/comment/search/?ids=c10reey
2010-09-29,r/todayilearned,"The Army has switched to M855A1, which is the new ""green"" round that isn't any better for the the environment than the older lead rounds, but did manage to calm a few people who were convinced the lead was killing the environment. It was a great opportunity to redesign the round in order to give 5.56 better terminal ballistics, but instead we got a round that does nothing better. However, SOCOM and the Marine Corps have gone with SOST (Special Operation Science and Technology) round, which has better ballistics in both human tissue and going through barriers such as glass. It is a much better round.

The most ridiculous thing is that we are even discussing enviro-friendly ways of killing people.",https://undelete.pullpush.io/r/todayilearned/comments/dkgf3/_/c10vuu3/,https://api.pullpush.io/reddit/comment/search/?ids=c10vuu3
2010-09-30,r/wikipedia,The dude had grenades? And people think American cops are militarized.,https://undelete.pullpush.io/r/wikipedia/comments/dkqb4/_/c10xko9/,https://api.pullpush.io/reddit/comment/search/?ids=c10xko9
2010-09-30,r/AskReddit,Lenny.,https://undelete.pullpush.io/r/AskReddit/comments/dkifm/_/c10xnxc/,https://api.pullpush.io/reddit/comment/search/?ids=c10xnxc
2011-05-31,r/AskReddit,"I was raised in New England in a pretty liberal and progressive family. My mother is a bit of a hippie, and my father is a very bright guy who never bought in to the bullshit that accompanies sending young men off to war. He became a teacher during Vietnam to avoid the draft, and imbued in me a sense of cynicism when it comes to why wars are fought. However, for as long as I can remember I wanted to be a professional soldier. For many years I have tried to come up with an explanation as to why, but have always drawn a blank. It was simply what I was destined to do.

As a kid, I just liked playing war. When I got a little older, into high school, I became a voracious reader of all things combat related, and developed a much deeper need to experience war for myself. Oddly, I was also pretty politically active, which led to my protesting the Iraq war before it kicked off (I found myself fighting in Fallujah within 2 years. The irony.) That mixture of political awareness and the deep seated drive to experience war to its fullest brought me to steps of a Marine Corps recruiting office.

I was accepted into a pretty decent east coast university after high school, and both my parents really wanted me to attend. Knowing, but not fully understanding, my need to put on a uniform they tried to get me to go to school first and then take a commission. Instead I deferred a year and went backpacking around Europe and North Africa, attempting to ""find myself"". After 6 months, I still felt as devoid of adventure as I had when I left, so I returned to the states. During my time abroad, I had continued my research as to how I was going to get myself to war. I bounced between the Army, for the Ranger regiment, and even flirted with the idea of running off the France to join the Legion. But the more I read, the more I felt the Marine Corps was the place for me. Although known as knuckle dragging brainwashed murderers, the history of the Marine Corps instead represented a service that was known for its outside the box thinking as well as its aggression. Men like ""Hard-head"" Hanneken, Smedley Butler, and ""Brute"" Krulak were much more the warrior intellectuals that I wanted to be. The Marine Corps history was full of small bush fire wars, quite similar to what I saw as our near martial future, in which the Corps had acquitted itself admirably. On top of all this, the Marine Corps also has one hell of a reputation as a hardcore fighting force. If I was going to fight, I was going to do it with the best.

I also wanted to fight soon. Taking a commission would have required a degree, and almost 2 years of training, and I was making this decision winter of 2003-2004 when Iraq was just beginning to look like the intense insurgency it was to become. I had been waiting for my war since I was about 8, and I sure as hell wasn't going to miss it because of school. Also, in all my reading I had always identified more with the enlisted men, living the hard life in the mud and the the gore with shitty pay and few breaks. To me, it almost seemed as becoming an officer was copping out, avoiding the misery. Officers are also generally not the ones who go through the door first, and that's who I wanted to be. So in February 2004 I walked in to a Marine Corps recruiting office. I told the recruiter I wanted 2 things, the infantry and to be in Iraq within the year. Now, I know now that only one of those was a viable request, but the recruiter told me he couldn't do alot, but he was pretty damned sure he could get me those. Sure enough, he wasn't wrong. I shipped to Parris Island on March 1, 2004, became a Machinegunner (0331) over the summer at SOI and reported in to 3rd Battalion 8th Marines that fall. I deployed on my first tour in January of 2005 to Fallujah. I saw intense combat there and in Ramadi the following year, and finished off my 4 years in the Corps with a sea deployment to the Horn of Africa and the Gulf. I left the Corps after making Sergeant in 4 years to attend school for International Affairs and language. I am still enlisted, but now in the Army and deployed to Afghanistan. I love this job more than I ever thought I would, and my time in the Marine Corps was exactly what I had hoped it would be. I fought hard with tough men, and did the best I could to help the people living in the war ravaged country that surrounded us. It shaped me into the soldier I am today.

I realize this isn't the standard ""I went to war and now I'm broken and angry and depressed"" story, but it is mine and it is true. But I do not want you to take is as some kind of cheerleading to join the Marines. You had better really want it, or you should look elsewhere. I know many men who did not have the same experience as me, good men who simply responded to fighting, killing, and losing friends differently. So you'd better be damned certain this is what you want to do, because if it isn't you will regret it a hell of alot.

Some people here have advised you to be an officer because it's an easier life and the pay is better. If that is what you want, fuck off and stay a civilian. Shitty officers come from the mass of spoiled kids who want to play they game without the misery. Frankly, I would recommend enlisting first and then seeing if it is actually something you want to make a career out of. If it is, get out, go to school as a civilian, and then take a commission upon graduation. Save your possible future Marines/Soldiers/Airmen/Sailors from your shitty selfish leadership, which it will be if those are your reasons for commissioning.

Good luck, I hope my long rambling helps you in some way. Just remember, if it is something you really want, well, fucking go for it.



",https://undelete.pullpush.io/r/AskReddit/comments/ho19g/_/c1wxxg3/,https://api.pullpush.io/reddit/comment/search/?ids=c1wxxg3
2011-06-03,r/reddit.com,Holy fuck....I just realized I'm crying.,https://undelete.pullpush.io/r/reddit.com/comments/hqpv7/_/c1xlfj3/,https://api.pullpush.io/reddit/comment/search/?ids=c1xlfj3
2011-06-06,r/pics,Good luck. Bring the hate.,https://undelete.pullpush.io/r/pics/comments/hs553/_/c1y2azd/,https://api.pullpush.io/reddit/comment/search/?ids=c1y2azd
2011-06-20,r/AskReddit,Get the M4.,https://undelete.pullpush.io/r/AskReddit/comments/i4432/_/c20rsl7/,https://api.pullpush.io/reddit/comment/search/?ids=c20rsl7
2011-06-24,r/worldnews,"If you think you can understand war with data, you are part of the problem.
",https://undelete.pullpush.io/r/worldnews/comments/i7fj0/_/c21lv2a/,https://api.pullpush.io/reddit/comment/search/?ids=c21lv2a
2011-06-25,r/AskReddit,"As a 7 year infantryman with 4 tours, I want to upvote you. Everyone can serve their fellow man in whatever it is they do best, it doesn't require a uniform and a rifle. Thank you for being a true patriot.",https://undelete.pullpush.io/r/AskReddit/comments/i8vqp/_/c21umxa/,https://api.pullpush.io/reddit/comment/search/?ids=c21umxa
2011-07-02,r/guns,"I switched to Glocks 2 years ago, and haven't looked back. Damn things just refuse to malfunction.",https://undelete.pullpush.io/r/guns/comments/iepl4/_/c236vey/,https://api.pullpush.io/reddit/comment/search/?ids=c236vey
2011-07-05,r/videos,"I served with Gunny Walgren in 2004-2005. He gave that speech to the battalion the day we headed out to Fallujah, it was the best ""into the fight"" speech I have ever heard in real life. It's good to see he's still out there getting the boys ready for battle in another clime and place, they are lucky to have him. 

Still gives me chills 7 years later.",https://undelete.pullpush.io/r/videos/comments/ih2om/_/c23q19j/,https://api.pullpush.io/reddit/comment/search/?ids=c23q19j
2011-07-06,r/videos,"To be clear, we arrived in country just as Phantom Fury was closing up. We relieved 1/8 a few months early, they'd been chewed up pretty good and some of their companies were combat ineffective. I don't want to take credit for what those men did, they were warriors to the core. But when we were heading out, all we really knew was that we were going to Fallujah, and things were bad. The Gunny's (then Staff Sergeant) John Glenn speech was just what we needed.",https://undelete.pullpush.io/r/videos/comments/ih2om/_/c23vyyu/,https://api.pullpush.io/reddit/comment/search/?ids=c23vyyu
2011-07-07,r/Military,"Only become an officer if you truly want to lead men/women and take care of them. If you become an officer for quality of life, pay, benefits, the rest....stay out. Save your future soldiers/sailors/airmen/Marines from poor selfish leadership.",https://undelete.pullpush.io/r/Military/comments/iinvu/_/c244frz/,https://api.pullpush.io/reddit/comment/search/?ids=c244frz
2011-08-09,r/pics,"Fair Winds and Following Seas, Marine.",https://undelete.pullpush.io/r/pics/comments/jdni0/_/c2baq1o/,https://api.pullpush.io/reddit/comment/search/?ids=c2baq1o
2011-08-14,r/AskReddit,"It's one reason I own firearms and ammunition, and maintain proficiency with them. If he won't share or barter, you are god damn right I would.",https://undelete.pullpush.io/r/AskReddit/comments/jigou/_/c2cghmv/,https://api.pullpush.io/reddit/comment/search/?ids=c2cghmv
2011-08-17,r/videos,"Semper Fi, Sir.",https://undelete.pullpush.io/r/videos/comments/jl285/_/c2d145x/,https://api.pullpush.io/reddit/comment/search/?ids=c2d145x
2011-08-17,r/videos,"Bit of nonsense? The man served several tours as a Marine. Within our ranks, we take the motto quite seriously. We hold faith with our fellow Marines, respecting their sacrifice and humanity (as I have tried to do here.) As a four tour guy myself, all I can really say is Fuck You. I hope your self righteous flippant comments make you feel as though you have actually contributed to your fellow man. Selfish prick.",https://undelete.pullpush.io/r/videos/comments/jl285/_/c2d25b4/,https://api.pullpush.io/reddit/comment/search/?ids=c2d25b4
2011-08-17,r/videos,"Bit of nonsense? This guy served several tours overseas as a Marine, and we Marines take our motto quite seriously. We keep faith with our fellow Marines, and respect their actions. As a four tour guy myself, I am humbled and in awe of his sacrifice. I hope your self righteous cowardly internet comments let you feel as though you have somehow contributed to your fellow man, although we both know you are just making up for your personal worthlessness with angry internet comments. Fucking prick.",https://undelete.pullpush.io/r/videos/comments/jl285/_/c2d2f0o/,https://api.pullpush.io/reddit/comment/search/?ids=c2d2f0o
2011-08-20,r/IAmA,"Ma'am, you are hard as woodpecker lips. Thank you for your time and service.",https://undelete.pullpush.io/r/IAmA/comments/jo9zi/_/c2dtlm7/,https://api.pullpush.io/reddit/comment/search/?ids=c2dtlm7
2011-09-05,r/videos,God damn it......he's not a Marine. ,https://undelete.pullpush.io/r/videos/comments/k5ek0/_/c2hnwk9/,https://api.pullpush.io/reddit/comment/search/?ids=c2hnwk9
2011-09-06,r/AskReddit,"Combat.
",https://undelete.pullpush.io/r/AskReddit/comments/k5vl4/_/c2hrbzh/,https://api.pullpush.io/reddit/comment/search/?ids=c2hrbzh
2011-09-17,r/reddit.com,Black Controller?,https://undelete.pullpush.io/r/reddit.com/comments/khxit/_/c2kgtrh/,https://api.pullpush.io/reddit/comment/search/?ids=c2kgtrh
2011-09-29,r/pics,I'm a former 3/8 Marine. This hit home.,https://undelete.pullpush.io/r/pics/comments/kuc6k/_/c2nd8eg/,https://api.pullpush.io/reddit/comment/search/?ids=c2nd8eg
2011-10-08,r/gaming,"Hey dude, I'm a real squad leader in a real infantry unit. Don't sweat it, I fucking suck at videogames.",https://undelete.pullpush.io/r/gaming/comments/l4umd/_/c2px8b1/,https://api.pullpush.io/reddit/comment/search/?ids=c2px8b1
2011-10-11,r/todayilearned,"They lost me at ""pass through itself"".",https://undelete.pullpush.io/r/todayilearned/comments/l78vj/_/c2qg7xh/,https://api.pullpush.io/reddit/comment/search/?ids=c2qg7xh
2011-10-18,r/Military,"Penis Envy
",https://undelete.pullpush.io/r/Military/comments/lgc3c/_/c2sh1mp/,https://api.pullpush.io/reddit/comment/search/?ids=c2sh1mp
2011-10-19,r/guns,"A machinegunner is already humping the heaviest weapon on patrol as it is, loading him down with another 40 lbs of ammunition is a terrible leadership decision. Ammunition needs to be spread loaded, not dumped on one kid. And if the gunner gets hit, you now have quite the contraption to get off his body as well as one heavy pack to now toss to another guy who already has his personal weapon and kit. That may sound easy, but I can assure you that under fire fucking around with things like this is not a pleasant experience. It looks cool as hell, and may have a place with MK48's in a DA/Assaulter role, but not in conventional machinegun use.",https://undelete.pullpush.io/r/guns/comments/lhlyh/_/c2ssjw3/,https://api.pullpush.io/reddit/comment/search/?ids=c2ssjw3
2011-10-19,r/Military,"I posted this over in r/guns, but it will likely get more feedback here.

A machinegunner is already humping the heaviest weapon on patrol as it is, loading him down with another 40 lbs of ammunition is a terrible leadership decision. Ammunition needs to be spread loaded, not dumped on one kid. And if the gunner gets hit, you now have quite the contraption to get off his body as well as one heavy pack to now toss to another guy who already has his personal weapon and kit. That may sound easy, but I can assure you that under fire fucking around with things like this is not a pleasant experience. It looks cool as hell, and may have a place with MK48's in a DA/Assaulter role, but not in conventional machinegun use.",https://undelete.pullpush.io/r/Military/comments/lh5dg/_/c2st17l/,https://api.pullpush.io/reddit/comment/search/?ids=c2st17l
2011-10-20,r/Military,"I would say carrying a machinegun around in the mountains is pretty traditional, fighting in hills is nothing new. It is also a case where weight management is much more important, and dumping that much extra weight on a guy is a poor leadership call. On flat terrain, not so much of an issue, but fighting at elevation against guys who aren't weighed down with body armor and ridiculous amounts of ammunition already leaves us at a maneuver disadvantage. Although the way most units react to contact, with ""fire superiority"" instead of maneuver, I can see why this thing is popular.",https://undelete.pullpush.io/r/Military/comments/lh5dg/_/c2t149h/,https://api.pullpush.io/reddit/comment/search/?ids=c2t149h
2011-10-20,r/Military,"First, I have maneuvered in mountains of eastern Afghanistan, but mainly because I restricted the weight my squad was allowed the carry. SAW gunners should not be humping 800 rounds in those hills, nor should a guy who is saddled with a 20+ lbs 240 be carrying 500 rounds on his person. I too had only 20 men in my platoon, and so our focus became maneuver and fire discipline. You carry the kind of weight you are talking about, then you cannot maneuver on the enemy, and therefore require lots of ammunition IOT sit tight and lay down fire as an alternative. Carrying enough ammunition to do that keeps you from being able to maneuver, which requires you to carry enough ammunition.....you see where I'm going, it's cyclical. Keeping with that kind of activity, this system has a purpose, however if we are to break our ineffectiveness at small unit action this kind of weight needs to be cut. I recommend you look into AWG's ""Lighten the Load"" study, as well as some mountaineering pages on weight vs ability at altitude. ",https://undelete.pullpush.io/r/Military/comments/lh5dg/_/c2t4i1a/,https://api.pullpush.io/reddit/comment/search/?ids=c2t4i1a
2011-10-21,r/atheism,BUT THAT KID IS TOTALLY GAY!,https://undelete.pullpush.io/r/atheism/comments/ljhk9/_/c2t8av6/,https://api.pullpush.io/reddit/comment/search/?ids=c2t8av6
2011-10-24,r/videos,Only true if you were good friends before the fight. ,https://undelete.pullpush.io/r/videos/comments/lmml0/_/c2ty3k3/,https://api.pullpush.io/reddit/comment/search/?ids=c2ty3k3
2011-10-24,r/pics,"It's also what I hate about cars. They take so many young lives, we should live in a world without them.",https://undelete.pullpush.io/r/pics/comments/lmr5p/_/c2ty41j/,https://api.pullpush.io/reddit/comment/search/?ids=c2ty41j
2011-10-26,r/politics,"Just to clarify, Ranger batt deployments are generally around 90-120 days, since much of it is high tempo combat. Reading a few of the comments I see some people seem to think he may have had no choice economically...and these people clearly have no idea what the Regiment does. Rangers are an extremely elite special operations unit. It is not the place a guy goes to get benefits and a paycheck. This Ranger clearly loved his job, and from the sounds of it was the epitome of a combat leader. A fine unit has lost a fine man, rest easy Ranger.",https://undelete.pullpush.io/r/politics/comments/lpx74/_/c2uq8go/,https://api.pullpush.io/reddit/comment/search/?ids=c2uq8go
2011-10-26,r/politics,"I'm not going to try and change your mind, as you clearly are convinced there could be no way guys could really enjoy military life. But I'll just say that I served several combat tours, am currently doing quite well in college and enjoying it, and am also looking forward to graduating so I can get back to active duty. I wouldn't say I have no other options after my years in the military, and that fact you suppose that about all combat veterans is pretty insulting but does the job of illuminating how incredibly naive you are.",https://undelete.pullpush.io/r/politics/comments/lpx74/_/c2uqqcd/,https://api.pullpush.io/reddit/comment/search/?ids=c2uqqcd
2011-10-27,r/videos,"That's from my company in Ramadi, 2006. After things like this we'd usually look for the guy, kill him if we could find him, and if not laugh about it and talk about how crazy that shit is. On occasion we would moon or give the finger, depending on how much fire was going on after. We also used to play the ""Stand above the bullet proof glass until someone takes a shot or you bitch out"" game, which in hindsight may have been slightly ridiculous.",https://undelete.pullpush.io/r/videos/comments/lqrab/_/c2uz8vn/,https://api.pullpush.io/reddit/comment/search/?ids=c2uz8vn
2011-10-28,r/videos,"I'm not sure how I would prove that. The video is at the Government Center in downtown Ramadi, looking north over the intersection of Route Michigan and Gov Center road (these were our names, not the Iraqi ones, clearly). In the background you can see a large gray building that we listed as a target reference point for air strikes as Battleship Gray, and can be see in some of the footage in this video http://www.youtube.com/watch?v=X1vsOplqr3U , specifically when it was hit with GMLRS. You can also see many of the same buildings in this video http://www.youtube.com/watch?v=37CGj0G5InY , it was shot just outside of the post the bulletproof glass video was taken in. It is all from Kilo Company, 3/8 Marines on our March-September 2006 tour. That's the best I can do for you.",https://undelete.pullpush.io/r/videos/comments/lqrab/_/c2v1it1/,https://api.pullpush.io/reddit/comment/search/?ids=c2v1it1
2011-10-28,r/videos,"Hey man, no worries. It didn't come off as dickish at all, hell, I wish I could provide more proof frankly. These intewebz can be deceiving at times.",https://undelete.pullpush.io/r/videos/comments/lqrab/_/c2v1l38/,https://api.pullpush.io/reddit/comment/search/?ids=c2v1l38
2011-11-11,r/funny,"I'm upvoting not because I'm a fan of trivializing this topic, but because on the 236th Birthday of the Marine Corps these Marines deserve the attention. Semper Fi Devil Dogs.",https://undelete.pullpush.io/r/funny/comments/m80ro/_/c2yy23c/,https://api.pullpush.io/reddit/comment/search/?ids=c2yy23c
2011-11-17,r/pics,Holy shit.....I'd forgotten. Thank you.,https://undelete.pullpush.io/r/pics/comments/mfpfv/_/c30mayv/,https://api.pullpush.io/reddit/comment/search/?ids=c30mayv
2011-11-28,r/Military,"Semper Fi Doc, fair winds and following seas.",https://undelete.pullpush.io/r/Military/comments/ms60f/_/c33f2j0/,https://api.pullpush.io/reddit/comment/search/?ids=c33f2j0
2011-11-30,r/Military,"One: You are not going into Marine Recon. You will be joining up as an 0300 contract with the ability to try out for Recon either at ITB or in the fleet. Your recruiter is simply selling you what you want to hear.
Two: Frankly, you really sound like you need to become an infantryman before you start talking about any specialized field. Your post makes you come across as naively motivated and easily sold on things. Focus on just being a good infantryman first, then move on to something else. Down the road it is possible to transfer services, but you sound a ways off from being ready for BUD/S, and even BRC. Good luck to you, but stay focused on the 50m target for now, which is graduating MCRD.

Edit, because I missed it at first: You WILL NOT be able to transfer services soon after graduating MCRD to try out for BUD/S. The Marine Corps will want you for at least your first enlistment, so if your recruiter is feeding you some line about how you can join the Marines and then magically go to BUD/S, he's lying to you.",https://undelete.pullpush.io/r/Military/comments/muhhp/_/c33ynpv/,https://api.pullpush.io/reddit/comment/search/?ids=c33ynpv
2011-11-30,r/Military,"Your recruiter is jerking you around. As far as I know, there have never been contracts that specify you being able to try out for recon (except Reservists). In infantry school you will likely have a screening, and in the fleet you can talk to Recon at any time to take the screening. However, whether you go or not is up to your command, so even that isn't set in stone. I've never heard of having to ""wait a year"" before taking the screening. There is also MARSOC now, and they are hiring. But there aren't contracts for that, there is a screening and a pipeline, just like Recon. You need to be in first. But that is an expanding unit, and they do some very cool things.

As for the duration of your first contract, that's exactly what I mean. You aren't going to graduate from infantry school and then be able to switch services to go to BUD/S. The Marine Corps is going to want the time you sign up for, so get used to that idea. It's not a bad thing, there are lots of opportunities even in the Grunts. It will also open your eyes to how the system actually works, and you'll be better armed to tackle your future goals of special operations. 

I just want you to understand a bit of the reality, don't sign up thinking you are going to immediately become some door kicking barrel chested action figure. That takes years to build, and you haven't even graduated boot camp yet. Keep your drive to get there, but for now keep your head out of the clouds and focus on what is right in front of you. I knew lots of kids who thought they were going to Force Recon because of how badass they were, and when they wound up in the Grunts became very bitter and cynical, and dragged on the unit. So be open the the idea that if you join the Marines, you may have to start out in the infantry.",https://undelete.pullpush.io/r/Military/comments/muhhp/_/c341xdj/,https://api.pullpush.io/reddit/comment/search/?ids=c341xdj
2011-11-30,r/pics,"Can't screw her in Brewer, take her across the river and Bangor. I'm leaving now....",https://undelete.pullpush.io/r/pics/comments/mux9j/_/c343uyb/,https://api.pullpush.io/reddit/comment/search/?ids=c343uyb
2011-12-01,r/IAmA,She fucking loves him......now that is how you fight these people.,https://undelete.pullpush.io/r/IAmA/comments/mvhnh/_/c346wb4/,https://api.pullpush.io/reddit/comment/search/?ids=c346wb4
2011-12-01,r/aww,That made my day. ,https://undelete.pullpush.io/r/aww/comments/mw2df/_/c34d1rg/,https://api.pullpush.io/reddit/comment/search/?ids=c34d1rg
2011-12-08,r/pics,"I was about to say something similar with much more swearing...but an upvote for you will suffice.
",https://undelete.pullpush.io/r/pics/comments/n41de/_/c366rm5/,https://api.pullpush.io/reddit/comment/search/?ids=c366rm5
2011-12-08,r/pics,"I was about to say something similar with much more swearing...but an upvote for you will suffice.
",https://undelete.pullpush.io/r/pics/comments/n41de/_/c366rm5/,https://api.pullpush.io/reddit/comment/search/?ids=c366rm5
2011-12-15,r/Military,"For a sandwich that doesn't go bad for 2 years, they taste pretty damn good. Hell, most modern US military rations are pretty good today, the days of 5 fingers of death are long gone.",https://undelete.pullpush.io/r/Military/comments/ndzyt/_/c38fl24/,https://api.pullpush.io/reddit/comment/search/?ids=c38fl24
2011-12-16,r/Military,Pogues are so silly sometimes.....,https://undelete.pullpush.io/r/Military/comments/ne3ns/_/c38fw72/,https://api.pullpush.io/reddit/comment/search/?ids=c38fw72
2011-12-20,r/pics,"An asshole. And as a soldier, people like that make me ashamed. I hate guys who ask for perks because they ""sacrificed"". If you expect a reward, it isn't fucking sacrifice.",https://undelete.pullpush.io/r/pics/comments/nihbz/_/c39ijt2/,https://api.pullpush.io/reddit/comment/search/?ids=c39ijt2
2011-12-20,r/HistoryPorn,That is one hell of a video. You rarely see tactical situations from WWII with that kind of detail.,https://undelete.pullpush.io/r/HistoryPorn/comments/njvbg/_/c39pv9j/,https://api.pullpush.io/reddit/comment/search/?ids=c39pv9j
2011-12-31,r/funny,"And not a single fuck is given to you by me. However, I know how to fill a radio, set up the BFT, and could give fuck all about a security clearance while running foot patrols. In the current fight I could care little if the enemy can hear my radio transmissions, in fact I would like it at times so they'll get the false confidence to come to us so we can crush them with small arms. At the end of the day MrChildren is correct, the Grunts can duke it out with rifle and grenade if necessary, and despite the high and mighty opinion you seem to hold, have done it pretty regularly. So, this begs the question: What can you do that allows you to call me a moron? ",https://undelete.pullpush.io/r/funny/comments/nxhlb/_/c3ctcby/,https://api.pullpush.io/reddit/comment/search/?ids=c3ctcby
2011-12-31,r/funny,"I didn't see an answer to my question there. You indirectly called me a moron because of my job, I was simply stating a few facts to counter your insult. So when it comes to being pathetic and full of oneself, the field is skewed more in your direction. And no, I am far from an E-1, but I appreciate your immaturity.",https://undelete.pullpush.io/r/funny/comments/nxhlb/_/c3cthvy/,https://api.pullpush.io/reddit/comment/search/?ids=c3cthvy
2012-01-01,r/funny,"You seem to misunderstand me. I know full well what our support personnel do for us, and appreciate it immensely. Do not take my anger at being called a moron and a ""dumb fuck"" by some snivelling REMF as an overall disdain for support personnel. The reality is quite to the contrary. That being said, I will stand by the fact that at the end of the day the infantry can and will still brawl with minimal support, and certainly without our computers being fixed (a scenario the guy I responded to seemed pretty proud of). It would be much uglier, much harder, and a hell of a lot bloodier, but it can be done none the less. What is truly unenlightened is the popular opinion today that men cannot fight successfully without all the extras. Ask our opponents how they manage it, they seem to pull it off pretty well comparatively.",https://undelete.pullpush.io/r/funny/comments/nxhlb/_/c3cu7kl/,https://api.pullpush.io/reddit/comment/search/?ids=c3cu7kl
2012-01-01,r/funny,I support your use of sarcasm Sir. Even if a Sir you are not.,https://undelete.pullpush.io/r/funny/comments/nxhlb/_/c3cx8lx/,https://api.pullpush.io/reddit/comment/search/?ids=c3cx8lx
2012-01-01,r/funny,I appreciate your use of sarcasm Sir. Even if a Sir you are not.,https://undelete.pullpush.io/r/funny/comments/nxhlb/_/c3cxa0b/,https://api.pullpush.io/reddit/comment/search/?ids=c3cxa0b
2012-01-15,r/Military,That was fantastic. Thanks!,https://undelete.pullpush.io/r/Military/comments/ohil3/_/c3hcjfu/,https://api.pullpush.io/reddit/comment/search/?ids=c3hcjfu
2012-01-22,r/IAmA,It's a shame such amusement is lost due to naivete.,https://undelete.pullpush.io/r/IAmA/comments/orhh6/_/c3jj20c/,https://api.pullpush.io/reddit/comment/search/?ids=c3jj20c
2012-01-22,r/IAmA,My DI loved informing us he had more games than Milton Bradley. He did.,https://undelete.pullpush.io/r/IAmA/comments/orhh6/_/c3jj2ok/,https://api.pullpush.io/reddit/comment/search/?ids=c3jj2ok
2012-01-26,r/videos,All I saw were cops and reporters.....,https://undelete.pullpush.io/r/videos/comments/oxg9b/_/c3kwtje/,https://api.pullpush.io/reddit/comment/search/?ids=c3kwtje
2012-01-30,r/Military,"Take that motherfucker to SOCNET. They'll tear him apart if they haven't already.

EDIT Just posted up over there.",https://undelete.pullpush.io/r/Military/comments/p29ig/_/c3lx0pf/,https://api.pullpush.io/reddit/comment/search/?ids=c3lx0pf
2012-01-30,r/Military,"www.socnet.com Go down to the NSW part, there is a phony SEAL forum. Just posted up a few minutes ago.",https://undelete.pullpush.io/r/Military/comments/p29ig/_/c3lx9dn/,https://api.pullpush.io/reddit/comment/search/?ids=c3lx9dn
2012-01-30,r/Military,"No shit, I spent 7 month at the Govvie in 06. You were either there before or waaay after, since the Gov center looks alot less shot the fuck up. Cheers, fellow Ramadi vet.",https://undelete.pullpush.io/r/Military/comments/p29ig/_/c3ly730/,https://api.pullpush.io/reddit/comment/search/?ids=c3ly730
2012-01-30,r/Military,Now that's the gov center I know. ,https://undelete.pullpush.io/r/Military/comments/p29ig/_/c3ly86g/,https://api.pullpush.io/reddit/comment/search/?ids=c3ly86g
2012-01-30,r/Military,"I'd almost laugh at that....but I was with Kilo 3/8, and that's exactly what I did. 6 hours post, 2 hours sandbag duty, 4-5 hours sleep, 7 hours post, 2 hours sandbag duty, 4-5 hours sleep.....you get the idea.

ETA: One of my favorite USMC WTF!!?? moments was after we'd receive IDF and the shrapnel would rip open the sand bags, Marines would sweep the sand on the roof into piles and refill empty ones. Sandbags were quite the topic of discussion that tour.",https://undelete.pullpush.io/r/Military/comments/p29ig/_/c3lybgm/,https://api.pullpush.io/reddit/comment/search/?ids=c3lybgm
2012-01-30,r/Military,"3/8 Kilo here, spent March-October '06 rotating through The Gov Center and OP Horea (just a platoon size OP down by 296 and the large Mosque). The Gov center was pretty wild, http://www.youtube.com/watch?v=37CGj0G5InY type fights were moderately regular. 

These are a few photos I took from the Gov Center http://imgur.com/a/JIAT8

And for a shameless plug, this is a video one my the guys in my platoon put together. We had a CBS crew with us when we were ambushed, it provided some good footage. http://www.youtube.com/watch?v=X1vsOplqr3U",https://undelete.pullpush.io/r/Military/comments/p2ndv/_/c3m3wwq/,https://api.pullpush.io/reddit/comment/search/?ids=c3m3wwq
2012-01-30,r/Military,"Good to see. It also seems some people are in the process of contacting the hunt he has defrauded, so hopefully there will be some legal action against the scumbag.",https://undelete.pullpush.io/r/Military/comments/p29ig/_/c3m4dzm/,https://api.pullpush.io/reddit/comment/search/?ids=c3m4dzm
2012-02-01,r/Military,"I know plenty of pipe hitting multi-tour knuckledraggers with neck tats and who wear baseball caps indoors.....While the guy may be full of shit, that is an absurd metric.",https://undelete.pullpush.io/r/Military/comments/p4uem/_/c3mp254/,https://api.pullpush.io/reddit/comment/search/?ids=c3mp254
2012-02-04,r/IAmA,"I agree it could have been handled better on our part, but ""Ask Me Anything"" is fairly clear, and even a cursory examination of the AMA sub-Reddit would make it quite clear what may arise.",https://undelete.pullpush.io/r/IAmA/comments/p9u8t/_/c3nou6i/,https://api.pullpush.io/reddit/comment/search/?ids=c3nou6i
2012-02-04,r/AskReddit,"After 4 tours, this is the best advice. Set a routine, stick to it, smoke your cigarettes, read your books, hit the gym, and soon enough you'll be home. And don't worry about the smoking, I was up to 2 packs a day in Ramadi. I don't smoke anymore,",https://undelete.pullpush.io/r/AskReddit/comments/p9ony/_/c3nrryu/,https://api.pullpush.io/reddit/comment/search/?ids=c3nrryu
2012-02-07,r/videos,TIL black kids suck at fighting.,https://undelete.pullpush.io/r/videos/comments/pesie/_/c3ov9gu/,https://api.pullpush.io/reddit/comment/search/?ids=c3ov9gu
2012-02-07,r/AskReddit,"http://academi.com/
",https://undelete.pullpush.io/r/AskReddit/comments/pelrn/_/c3owd1c/,https://api.pullpush.io/reddit/comment/search/?ids=c3owd1c
2012-02-09,r/Military,"Long Range Surveillance. I was in a LRS company for a number of years, it is light infantry at its best. LRS companies are Airborne infantry units, and have slots for Ranger and RSLC, as well as other advanced schools. However, we never had 11C's, as theoretically the unit does not act as a company but 6 man independent teams. But the realities of deployment sometimes mandate the company to act as a maneuver unit instead of an R&amp;S unit, but I wont get started on that. In my experience, LRS guys tend to be alot more independent and self motivated, and being a LRS Team leader was one of the best leadership experience I have had so far in the Army. Bust your ass, and it will be a great opportunity.",https://undelete.pullpush.io/r/Military/comments/phe9y/_/c3pdey8/,https://api.pullpush.io/reddit/comment/search/?ids=c3pdey8
2012-02-19,r/Military,Mine is low as well. It's never been mentioned by anyone.,https://undelete.pullpush.io/r/Military/comments/pwmka/_/c3sudxu/,https://api.pullpush.io/reddit/comment/search/?ids=c3sudxu
2012-02-20,r/HistoryPorn,Reising SMG.  http://en.wikipedia.org/wiki/M50_Reising,https://undelete.pullpush.io/r/HistoryPorn/comments/px363/_/c3t0bjy/,https://api.pullpush.io/reddit/comment/search/?ids=c3t0bjy
2012-02-21,r/worldnews,"You'd think someone would have thought ""Hey, taking these extra Korans to the burn pit maybe isn't the best option..., especially since the burn pit crew on Bagram is staffed by Afghans."" You're spot on, it's incredible incompetence and poor judgment. ",https://undelete.pullpush.io/r/worldnews/comments/pz2r0/_/c3tiatz/,https://api.pullpush.io/reddit/comment/search/?ids=c3tiatz
2012-02-24,r/afghanistan,"They were from the detention facility on Bagram Air Field, they had all been written in by prisoners and therefore were slotted for disposal. Instead of doing the smart thing and either disposing of them secretly or even returning them to the US to do it there, they somehow were sent to the Bagram burn pit, which just happens to be staffed by local nationals. They saw the Qurans, snatched a few out of the fire, started a minor mob and walked off base with them to show everyone. It wasn't malicious, but it was a terrible decision.",https://undelete.pullpush.io/r/afghanistan/comments/q4kgw/_/c3uom6q/,https://api.pullpush.io/reddit/comment/search/?ids=c3uom6q
2012-02-25,r/afghanistan,"Well, from what I understand much of the writing was communication between inmates and extremist in nature, hence the call to destroy them, so I assume the US military would balk at handing them out to other folks. They were Qurans that had been supplied to inmates by the US military, so once they had been defaced they were simply being tossed out. It should be clear they weren't being burned because the were Qurans.  ",https://undelete.pullpush.io/r/afghanistan/comments/q4kgw/_/c3uq3gf/,https://api.pullpush.io/reddit/comment/search/?ids=c3uq3gf
2012-02-25,r/afghanistan,"No, you misunderstand. The writing and defacement was done by Afghan detainees in the Bagram detention facility. The Qurans had been written in, many of the writings were extremist in nature, and so they were deemed unusable and sent to the burn pit which is on the same base. I don't mean threatening in a clearance sense, I mean that they would likely not go handing out Qurans with extremist writing in them as donations. Instead, they simply decided to burn them. Frankly, the biggest mistake in my opinion was sending them to a burn pit where civilians would see them and likely misunderstand why they were being disposed of. They should either have been burned secretly, or been disposed of properly by a US military Muslim chaplain.",https://undelete.pullpush.io/r/afghanistan/comments/q4kgw/_/c3urp83/,https://api.pullpush.io/reddit/comment/search/?ids=c3urp83
2012-03-02,r/Military,"What ""squadron"" in the Marine Corps has officers and NCO's with numerous no shit combat tours? Grunt and Recon battalions, sure.....but don't tell me the wing has a plethora of dudes who were running up and down ""sniper alley"".",https://undelete.pullpush.io/r/Military/comments/qdk6b/_/c3wvsi3/,https://api.pullpush.io/reddit/comment/search/?ids=c3wvsi3
2012-03-08,r/Military,"So, you wouldn't have happened to be near a little place called Red Hill, were you?",https://undelete.pullpush.io/r/Military/comments/qmtim/_/c3yzvd8/,https://api.pullpush.io/reddit/comment/search/?ids=c3yzvd8
2012-03-09,r/Military,"Brother, party the fuck on. That makes me smile to read.",https://undelete.pullpush.io/r/Military/comments/qo1fc/_/c3z7q7d/,https://api.pullpush.io/reddit/comment/search/?ids=c3z7q7d
2012-03-09,r/AskReddit,"Well boys and girls, this is why you go to war single. After 4 tours, there is no easier way to put it.",https://undelete.pullpush.io/r/AskReddit/comments/qokwa/_/c3z88bt/,https://api.pullpush.io/reddit/comment/search/?ids=c3z88bt
2012-03-16,r/politics,"As history major and Iraq and Afghan vet:

That is the most accurately brief description of this country I have read.",https://undelete.pullpush.io/r/politics/comments/qxvtx/_/c41lnm9/,https://api.pullpush.io/reddit/comment/search/?ids=c41lnm9
2012-03-17,r/AskReddit,"Uh, he knows... farting isn't exactly relegated to only a few members of the human race.",https://undelete.pullpush.io/r/AskReddit/comments/r07ig/_/c41w8b3/,https://api.pullpush.io/reddit/comment/search/?ids=c41w8b3
2012-03-17,r/AskReddit,"Why? And do you mean verbally, physically, or all forms of altercation?",https://undelete.pullpush.io/r/AskReddit/comments/r07ig/_/c41w8rw/,https://api.pullpush.io/reddit/comment/search/?ids=c41w8rw
2012-03-17,r/history,"""The Pity of War"" by Niall Ferguson.",https://undelete.pullpush.io/r/history/comments/r0xa8/_/c420tpq/,https://api.pullpush.io/reddit/comment/search/?ids=c420tpq
2012-03-20,r/videos,Mos Def truly comes across as a bumbling idiot there. Saying that you don't believe translations of Bin Ladens messages because you don't speak Arabic? That is quite the intellectual cop out.,https://undelete.pullpush.io/r/videos/comments/r3stg/_/c42w7v1/,https://api.pullpush.io/reddit/comment/search/?ids=c42w7v1
2012-03-21,r/HistoryPorn,"Not to nit-pick, but the soldiers are South Vietnamese, not American. This photo is one of a series taken of the event, its more famous partner shows the same soldier with the watch threatening the prisoner with a bayonet. ",https://undelete.pullpush.io/r/HistoryPorn/comments/r6rzb/_/c43dh4u/,https://api.pullpush.io/reddit/comment/search/?ids=c43dh4u
2012-03-21,r/HistoryPorn,"Heres a link to the other photo, as well as a bit of a rundown on Burrows himself. http://www.utata.org/salon/19593.php",https://undelete.pullpush.io/r/HistoryPorn/comments/r6rzb/_/c43ehm9/,https://api.pullpush.io/reddit/comment/search/?ids=c43ehm9
2012-03-22,r/Military,I do believe homeboy was a Corpsman. But I could be wrong.,https://undelete.pullpush.io/r/Military/comments/r7k5a/_/c43m1ke/,https://api.pullpush.io/reddit/comment/search/?ids=c43m1ke
2012-03-27,r/IAmA,"Commando training is quite long, and encompasses their basic and advanced training all in one go. Much like BUD/S, where outside of the navy basic and first few weeks trainees get weekends off during certain portions. I doubt I'll find you questioning the hardness of SEALS though, will I? The only difference is that the Royal Marines do all their stuff in house, there is no parent service ""Basic"" that they need to attend.",https://undelete.pullpush.io/r/IAmA/comments/rfwrc/_/c45k9mg/,https://api.pullpush.io/reddit/comment/search/?ids=c45k9mg
2012-04-01,r/Military,"I hate being an asshole, and I'm sure I'll be downvoted to hell. But fuck you. What alternative do you mean? I fought in Fallujah and Ramadi as an 0331 and loved every minute. The alternative was being a bitch who never saw combat. I would take the fight any day over wishing I could have fought like a real Marine, instead of using my bullshit tour as an excuse to to sound like a tough guy. Fucking right it's an honor, mainly because the ranks of my buddies arent sullied by pussies like you.",https://undelete.pullpush.io/r/Military/comments/rnavo/_/c478s1i/,https://api.pullpush.io/reddit/comment/search/?ids=c478s1i
2012-04-02,r/Military,"I served with Kilo 3/8 in Fallujah/Karma/Nasser Wa Salaam in 2005 and Ramadi in 2006 as a machinegunner. I left the Marine Corps as a Sergeant, switched services and recently finished an Afghan tour as an infantry squad leader in the Army. I love my job very much, and am honored to have brawled in a place like Ramadi besides solid men. Fighting, and fighting well, is an intellectual and physical challenge that is almost impossible to match. Combat isn't for everyone, but don't assume that everyone who has seen it is broken and traumatized. I know many men who enjoy the fight that have seen our fair share of the things you describe. Professional soldiers just understand that those are hazards of the job. If you  don't feel the same, than I would advise you to avoid going to war. ",https://undelete.pullpush.io/r/Military/comments/rnavo/_/c47h2by/,https://api.pullpush.io/reddit/comment/search/?ids=c47h2by
2012-04-02,r/Military,"You and I have a very different outlook on this line of work, and it's unlikely we'll be finding common ground. I can tell that you would very much like me to be some maladjusted sociopath who can't function in normal society, although you'd be disappointed. Nor am I the ""yut yut oorah kill kill"" type, because the truth is those guys generally suck at fighting. It's not about killing and mayhem, it's about professionalism and control. I joined the infantry to fight, and that purpose has not changed over my 8 years doing this job. I've never spent a day as a TOC guy, but have spent all of my tours either on foot patrols or in a turret. I know you would like to think I'm some gloating asshole who runs around making up stories, but that's not the truth either. I chose this profession because I wanted to fight, and am not going to make excuses for it. We got what we wished for, and I'd be lying if I said it wasn't something I enjoyed. You don't share that view, but many guys do despite the general consensus. The ""alternative"" is never knowing, and a life of wondering if you could handle it. It's why civilians are all so damn curious about combat, even if they don't want to admit it. I know why I got involved in this thing, and I also know that I find being good at it is a challenge that can't be found elsewhere. It's a rough business, of that there is no doubt, but the passive boredom of a life lived without it is something I find as a worse alternative. This is my view, and I won't be apologizing for it any time soon.",https://undelete.pullpush.io/r/Military/comments/rnavo/_/c47iye8/,https://api.pullpush.io/reddit/comment/search/?ids=c47iye8
2012-04-03,r/Military,"I apologize for calling you a pussy. Frankly, I have heard far too many bullshit war stories from guys who have no right to tell them that I've become a cynical man. You are a patriot who did what his country asked, and you deserve to be called a hero, because you truly sacrificed. Don't take this as sarcasm, because it isn't.

I know that I joined to fight, and so did the guys to my left and right. If we wanted to stay safe and alive, we would have avoided the infantry. Grunts join up to brawl, and nothing else. The idea of a FOB is anathema to what we want. We enlist to go to the furthest reaches of the empire in order to fight the hardest. We love our comrades in arms, but also recognize that if brawling wasn't our priority we would have been in another line of work. Death is a basic requirement of this job, and that is understood among the pros. But harms way is why we joined up, if we wanted to avoid it we would have gone to college.",https://undelete.pullpush.io/r/Military/comments/rnavo/_/c47wydo/,https://api.pullpush.io/reddit/comment/search/?ids=c47wydo
2012-04-12,r/aww,You are clearly a bit nuts.,https://undelete.pullpush.io/r/aww/comments/s57w9/_/c4baczf/,https://api.pullpush.io/reddit/comment/search/?ids=c4baczf
2012-04-12,r/atheism,You took a round to the plate in Karmah? I have a good buddy who also too a round the plate in Karmah in 05. Small town.,https://undelete.pullpush.io/r/atheism/comments/s6hjm/_/c4bho5c/,https://api.pullpush.io/reddit/comment/search/?ids=c4bho5c
2012-04-18,r/Military,"Relevant xpost from r/historyporn http://www.reddit.com/r/HistoryPorn/comments/sfvut/us_soldiers_encamped_in_the_vietnamese_jungle/

Taken by a professional photographer. Trophies are as old as war itself, it's not a reflection of moral degradation within the ranks. ",https://undelete.pullpush.io/r/Military/comments/sfyol/_/c4duew6/,https://api.pullpush.io/reddit/comment/search/?ids=c4duew6
2012-04-19,r/Military,Somebody has an inflated sense of themselves....,https://undelete.pullpush.io/r/Military/comments/shy8i/_/c4eanvp/,https://api.pullpush.io/reddit/comment/search/?ids=c4eanvp
2012-04-19,r/Military,"It's a misleading title, the infantry isn't being opened to females. Female volunteers are being given the opportunity to attend ITB and IOC as part of a study that will release its findings in November. With gender neutral standards, the Corps will have been able to assess the pragmatism of opening the grunts up to WM's. Frankly, I think most women will break down on a full pack/weapon system 20K (especially if they are assigned as 31's/41's), and that kind of data will help the Corps if they choose to fight sexual integration of the grunts. Or I'm wrong and they'll just wind up with some fucking knuckle dragging pipe hitting broads, either way it's a win win.",https://undelete.pullpush.io/r/Military/comments/si178/_/c4ec5xk/,https://api.pullpush.io/reddit/comment/search/?ids=c4ec5xk
2012-04-24,r/WTF,"I agree with you literally, but in the context must downvote you.",https://undelete.pullpush.io/r/WTF/comments/sogq8/_/c4fumes/,https://api.pullpush.io/reddit/comment/search/?ids=c4fumes
2012-04-24,r/afghanistan,And also why black weapons are target indicators. PAINT YOUR GUNS BOYS!,https://undelete.pullpush.io/r/afghanistan/comments/solqz/_/c4fuqjw/,https://api.pullpush.io/reddit/comment/search/?ids=c4fuqjw
2012-04-24,r/HistoryPorn,Is is odd that I'd much rather be one of the 3 on the right? They much more entertained.,https://undelete.pullpush.io/r/HistoryPorn/comments/sobw1/_/c4fusil/,https://api.pullpush.io/reddit/comment/search/?ids=c4fusil
2012-04-24,r/pics,"Well, you should have voted better. I find it wildly horrifying when a nation sends its young men off to war and then turns around and says ""fuck them,  it's offensive what they do."" Stop electing assholes and you wont get shitty wars. Until you do that, well... don't blame the kids who get smashed up, blame your inability to mobilize support for your side.",https://undelete.pullpush.io/r/pics/comments/sp69b/_/c4fwh4r/,https://api.pullpush.io/reddit/comment/search/?ids=c4fwh4r
2012-04-24,r/HistoryPorn,Fuck him. And good on the GI's who murdered him. Killing has a place.,https://undelete.pullpush.io/r/HistoryPorn/comments/soii4/_/c4fwldz/,https://api.pullpush.io/reddit/comment/search/?ids=c4fwldz
2012-04-24,r/HistoryPorn,"Why is it the wrong thing to do? He was a bad guy, he was shot, and his victims took out some rage on his inanimate corpse. I fail to see his victimhood.
",https://undelete.pullpush.io/r/HistoryPorn/comments/soii4/_/c4fwm8p/,https://api.pullpush.io/reddit/comment/search/?ids=c4fwm8p
2012-04-27,r/Military,"As an 03, I would simply like to jump on the agreement bandwagon. But yeah, it's very true.",https://undelete.pullpush.io/r/Military/comments/staj6/_/c4h2bm9/,https://api.pullpush.io/reddit/comment/search/?ids=c4h2bm9
2012-04-28,r/Military,"That MG-3 has one hell of a ROF, that'll cut folks up.",https://undelete.pullpush.io/r/Military/comments/swayk/_/c4hkfbq/,https://api.pullpush.io/reddit/comment/search/?ids=c4hkfbq
2012-04-28,r/atheism,"What if they didn't?
",https://undelete.pullpush.io/r/atheism/comments/sw338/_/c4hkuw9/,https://api.pullpush.io/reddit/comment/search/?ids=c4hkuw9
2012-04-28,r/politics,"I've heard that idiotic sentiment made within the confines of the the military. ""If you can't remain faithful to your wife, how can you remain faithful to your comrades?"" Well, I have many good buddies who lied and cheated with women, and yet were straight shooting hard men when it came to their work. I find it is a sentiment only held by moral relativists who need something to cry about, intelligent people realize they are not mutually exclusive.",https://undelete.pullpush.io/r/politics/comments/svkaq/_/c4hkz2g/,https://api.pullpush.io/reddit/comment/search/?ids=c4hkz2g
2012-04-28,r/politics,"You don't have much experience with Latin American hookers, do you?
",https://undelete.pullpush.io/r/politics/comments/svkaq/_/c4hkzg8/,https://api.pullpush.io/reddit/comment/search/?ids=c4hkzg8
2012-05-10,r/pics,Is it weird that I think most of them look like Russel Brand?,https://undelete.pullpush.io/r/pics/comments/tewc3/_/c4mblbn/,https://api.pullpush.io/reddit/comment/search/?ids=c4mblbn
2012-05-10,r/history,"Fordlandia by Greg Grandin. In the 1920's Henry Ford purchased a massive chunk of land in the Amazon where he attempted to set up his vision of a perfect society with a focus on rubber cultivation. A truly fascinating story, I learned much about Ford I never knew, and Grandin writes wonderfully well.",https://undelete.pullpush.io/r/history/comments/tg2ja/_/c4md9gg/,https://api.pullpush.io/reddit/comment/search/?ids=c4md9gg
2012-05-11,r/pics,Someone clearly isn't trying hard enough.,https://undelete.pullpush.io/r/pics/comments/th16s/_/c4mqbpv/,https://api.pullpush.io/reddit/comment/search/?ids=c4mqbpv
2012-05-11,r/AdviceAnimals,That's actually pretty solid advice.,https://undelete.pullpush.io/r/AdviceAnimals/comments/thf6x/_/c4mqc1o/,https://api.pullpush.io/reddit/comment/search/?ids=c4mqc1o
2012-05-11,r/Fitness,You need to read the answers to your thread. Shit programming (which it is) and development of awful form (with video proof) has been mentioned again and again. ,https://undelete.pullpush.io/r/Fitness/comments/th6m7/_/c4mqlig/,https://api.pullpush.io/reddit/comment/search/?ids=c4mqlig
2012-05-11,r/todayilearned,"http://www.youtube.com/watch?v=_oUtJxE4sjs

The man is the epitome of hard. This is was professional soldiers look like.",https://undelete.pullpush.io/r/todayilearned/comments/thdxj/_/c4mquxm/,https://api.pullpush.io/reddit/comment/search/?ids=c4mquxm
2012-05-12,r/Military,"Dude, it's snap VCP in like 2005.... chill Winston.",https://undelete.pullpush.io/r/Military/comments/tjgta/_/c4naytr/,https://api.pullpush.io/reddit/comment/search/?ids=c4naytr
2012-05-13,r/videos,"Yeah, that money is well worth the loss of a son or daughter, husband or wife. An easily acceptable loss. Fuck off.",https://undelete.pullpush.io/r/videos/comments/tkdpq/_/c4nguri/,https://api.pullpush.io/reddit/comment/search/?ids=c4nguri
2012-05-13,r/HistoryPorn,"Also read ""On Combat"". ""On Killing"" is good, but it focuses on one very limited experience that soldiers go through. ""On Combat"" discuses the emotional and physiological experience of combat as a whole, whether you kill someone or not. The second half is all about school shootings, and fucking stupid, but the first half is very educational. I wish I had read it before I went to war.",https://undelete.pullpush.io/r/HistoryPorn/comments/tjmk4/_/c4nh2sz/,https://api.pullpush.io/reddit/comment/search/?ids=c4nh2sz
2012-05-15,r/todayilearned,"Moxie never gets enough love, but I suppose only New Englanders are lucky enough to still have it around these days. ",https://undelete.pullpush.io/r/todayilearned/comments/to2fv/_/c4ob7cl/,https://api.pullpush.io/reddit/comment/search/?ids=c4ob7cl
2012-07-02,r/IAmA,"What in the actual fuck, over? I've done 4 tours, 3 as a Marine grunt and 1 as an Army grunt, and have never witnessed anything as utterly repulsive as what you just described. I witnessed some horrific shit, don't get me wrong, but not that kind of random, willful, and unnecessary violence. You were failed by your low level leadership, and you failed as a man to not address this shit with some form of higher command. Utterly despicable, your fellow ""soldiers"" are scum and frankly deserve punishment even today. You should be ashamed for having kept silent. I'm fucking shaking with anger to read that.",https://undelete.pullpush.io/r/IAmA/comments/vw5ol/_/c589wd6/,https://api.pullpush.io/reddit/comment/search/?ids=c589wd6
2012-07-07,r/WTF,The kind with a good sense of humor.,https://undelete.pullpush.io/r/WTF/comments/w6mrs/_/c5atupx/,https://api.pullpush.io/reddit/comment/search/?ids=c5atupx
2012-07-11,r/guns,"Did you keep it well lubricated? Clean doesn't equate maintained, despite the military's insistence that it does. A clean dry rifle will likely malfunction, while a wet dirty one will run like a champ. I clean my work rifle only occasionally, and never clean my personal AR's, but both stay well lubed and never give me trouble. I'd recommend a close read of the AAR from Wanat, there were many weapons malfunctions despite the fact the soldiers kept their weapons clean. Not lubricated, however. Would you run your car without oil?",https://undelete.pullpush.io/r/guns/comments/wc2be/_/c5c9uag/,https://api.pullpush.io/reddit/comment/search/?ids=c5c9uag
2012-07-13,r/Military,"Get the OPS Core ones, leaps and bounds better than the issue straps.",https://undelete.pullpush.io/r/Military/comments/wi9yk/_/c5djzco/,https://api.pullpush.io/reddit/comment/search/?ids=c5djzco
2012-07-14,r/HistoryPorn,"When I was 10, my mother bought me a illustrated history of the civil rights movement, where I first saw this photograph. To this day, no one single image brings out the same anger and disgust as this one. I still hope, as I did at 10, that these men wound up leading depressed and unfulfilled lives full of nothing but hate and misery, and never truly experienced love and happiness.",https://undelete.pullpush.io/r/HistoryPorn/comments/wja7l/_/c5dvuop/,https://api.pullpush.io/reddit/comment/search/?ids=c5dvuop
2012-07-26,r/Military,"Ranger Batt. Granted, they pull much shorter tours, but the dwell time is short as well. Those guys have a pretty intense op tempo. 11 seems like an exaggeration, but I know E5-E6 batt boys with 9-10.",https://undelete.pullpush.io/r/Military/comments/x6m43/_/c5jo7aq/,https://api.pullpush.io/reddit/comment/search/?ids=c5jo7aq
2012-08-04,r/Paleo,"Jesus fuck, get over yourself.",https://undelete.pullpush.io/r/Paleo/comments/xngzy/_/c5o0p3k/,https://api.pullpush.io/reddit/comment/search/?ids=c5o0p3k
2012-08-04,r/atheism,"Your mom is no better than the other side. Kids are off limits, period. That sign could say "" I hate fags"" and it would have the same meaning to her. Teach your kids good values, and let them publicize them how they see fit when they see fit, but don't use them as talking points.",https://undelete.pullpush.io/r/atheism/comments/xnib0/_/c5o0sir/,https://api.pullpush.io/reddit/comment/search/?ids=c5o0sir
2012-08-04,r/Military,"I'm an infantryman, and since you are not you're a pussy. Does that description make me a dick?",https://undelete.pullpush.io/r/Military/comments/xnujc/_/c5o0wzs/,https://api.pullpush.io/reddit/comment/search/?ids=c5o0wzs
2012-08-04,r/Military,"Frankly, because it actually had little impact on the national psyche. It was under reported and had little long term cultural impact, likely due to the fact the nation had recently exited WWII and didn't want to focus on the toll war takes on a nations youth. It's a real fucking shame, since Korea was at once one of the most horrifying of military defeats we have suffered (China crossing the Yalu and literally wiping US divisions off the map) and some of our most heroic actions (Pusan, Chosin). But in the long term, the country didn't want to care, and never has.",https://undelete.pullpush.io/r/Military/comments/xnxn2/_/c5o1326/,https://api.pullpush.io/reddit/comment/search/?ids=c5o1326
2012-08-04,r/Military,"Mainly, a refusal to pay any attention to intelligence. After Inchon, Macarthur was damn near untouchable and he bluntly stated the Chinese would not enter the war. So when Chinese prisoners showed up saying tens of thousands of hard Chinese regulars had crossed the Yalu and were getting ready to strike, it ran counter to Mac's reality and was therefore ignored almost entirely by his staff. So US Army Divisions pushed north damn near blind and not properly defended. Oddly enough, the 1st Marine Division under O.P Smith felt they were pushing their luck, especially with the number of tennis shoe and padded jacket clad Chinamen being captured by scouts, and planned accordingly. When the hammer dropped, it was one of the few frontline divisions that survived. Also, don't discredit the Chinese as simply underequipped. Those boys were tough to the core, and many true believers. They had an institutional memory of actions like the Long March and years of fighting the Japanese. The US Army was an ill trained and downsized force that was simply filling a gap after the post WWII demobilization, one of the reasons the Marines fared so well is that they had retained a solid amount of combat NCO's from the pacific campaigns.",https://undelete.pullpush.io/r/Military/comments/xnxn2/_/c5o1j2g/,https://api.pullpush.io/reddit/comment/search/?ids=c5o1j2g
2012-08-04,r/Military,"I believe the sarcasm was lost over the intarwebz. I actually have the utmost respect for support MOS's, but not individuals when they ask ridiculous questions like the OP.",https://undelete.pullpush.io/r/Military/comments/xnujc/_/c5o6sux/,https://api.pullpush.io/reddit/comment/search/?ids=c5o6sux
2012-08-09,r/todayilearned,"You do realize this is not fake, yes? Samoset was not alone, with the much better known Squanto also having spent time amongst the English prior to contact with the Plymouth colonists. A fairly regular contact had been made by fishermen and some explorers along what is now the Maine coast in the early-mid 1500's. In fact, a pidgin trading language based on Basque (whose fishermen had for many years been quietly fishing the grand banks area) was already in effect when many of the ""first"" explorers made landfall. I would recommend ""The First Frontier"" by Scott Weidensaul and ""Champlains Dream"" by David Hackett for further study.",https://undelete.pullpush.io/r/todayilearned/comments/xwzn3/_/c5qdoo5/,https://api.pullpush.io/reddit/comment/search/?ids=c5qdoo5
2012-08-09,r/todayilearned,"I don't know if you exactly read my comment, but I never negated the presence of French explorers along the coast. The article discusses English speaking natives in 1622, so I was discussing English contact. However, since you bring it up, Cartier made his landfall based on directions of Breton fisherman. When he arrived, he found a native population who expected to trade with him as they had the other europeans they had met. Cartier wasn't the first, he was just the first official explorer. As for the beer statement, that's likely false and not commonly documented as the first statement made.",https://undelete.pullpush.io/r/todayilearned/comments/xwzn3/_/c5qnyt0/,https://api.pullpush.io/reddit/comment/search/?ids=c5qnyt0
2012-08-18,r/videos,"No warrant? How do you know, because the likely unstable man posted it in his youtube comments? Lay off the conjecture pipe, brah.",https://undelete.pullpush.io/r/videos/comments/yfkle/_/c5v49r5/,https://api.pullpush.io/reddit/comment/search/?ids=c5v49r5
2012-08-18,r/Military,"In 2005 a case of Miller High Life at the Lejeune 7 day store was 8.99. 8.99 for 24 cans of happiness. I spent the 6 months between my 1st and 2nd tours blasted drunk on the stuff, and have no regrets. ",https://undelete.pullpush.io/r/Military/comments/yffiz/_/c5v4jqe/,https://api.pullpush.io/reddit/comment/search/?ids=c5v4jqe
2012-08-18,r/Military,"Nah, the livers doing fine. At the time I just had no hope, so every day was a party.",https://undelete.pullpush.io/r/Military/comments/yffiz/_/c5v6tmp/,https://api.pullpush.io/reddit/comment/search/?ids=c5v6tmp
2012-08-18,r/Military,"Ain't it the truth. Christ, we used to stay up drinking until 4, pass out for an hour, wake up, go run 5 miles, clean weapons, hit the gym, clean weapons, go buy a 24 pack, drink until it's gone, go to the titty bar until 4 am, and do it again. If I did anything remotely close to that these days I'd die.",https://undelete.pullpush.io/r/Military/comments/yffiz/_/c5v6uq8/,https://api.pullpush.io/reddit/comment/search/?ids=c5v6uq8
2012-08-20,r/guns,Is that the Delmarva range?,https://undelete.pullpush.io/r/guns/comments/yi1ee/_/c5vx3ko/,https://api.pullpush.io/reddit/comment/search/?ids=c5vx3ko
2012-08-20,r/guns,"It's a great range, glad to see other folks enjoying it.",https://undelete.pullpush.io/r/guns/comments/yi1ee/_/c5w11d3/,https://api.pullpush.io/reddit/comment/search/?ids=c5w11d3
2012-08-20,r/AdviceAnimals,"OP never leaves house, assumes all nature is gone.",https://undelete.pullpush.io/r/AdviceAnimals/comments/yipug/_/c5w1o4x/,https://api.pullpush.io/reddit/comment/search/?ids=c5w1o4x
2012-09-04,r/guns,Make friends with someone in Arlington with a safe. It's the best way to do it.,https://undelete.pullpush.io/r/guns/comments/zcfc9/_/c63f2j8/,https://api.pullpush.io/reddit/comment/search/?ids=c63f2j8
2012-09-09,r/Military,It's fucking sad how many of us have similar pictures on our old hardrives/laptops.,https://undelete.pullpush.io/r/Military/comments/zkp71/_/c65j4pr/,https://api.pullpush.io/reddit/comment/search/?ids=c65j4pr
2012-09-11,r/todayilearned,That's one hell of a pretentious way to call yourself a coward.,https://undelete.pullpush.io/r/todayilearned/comments/zpew0/_/c66nqdb/,https://api.pullpush.io/reddit/comment/search/?ids=c66nqdb
2012-09-11,r/todayilearned,That's one hell of a pretentious way to call yourself a coward.,https://undelete.pullpush.io/r/todayilearned/comments/zpew0/_/c66nqdb/,https://api.pullpush.io/reddit/comment/search/?ids=c66nqdb
2012-09-11,r/politics,"What units is this shit in? I've spent 8 years in the infantry, Marine Corps and Army, and I've been about as crudely atheist as one can be the entire time (zombie jesus jokes and Mary sucking at covering up being a skank, as examples). Promotion came like normal, and most of my fellow grunts had a similarly cynical attitude towards religion. Sure, there have been a few bible thumpers I've run into, but it was certainly never systemic. Frankly, this kid is likely just a shitty soldier who was mocked for something he cares about, which is pretty par for the course. If you suck, the grunts will find your weak point and tear you down, a fact of life in combat units.",https://undelete.pullpush.io/r/politics/comments/zpj9m/_/c66q080/,https://api.pullpush.io/reddit/comment/search/?ids=c66q080
2012-09-12,r/videos,"Hey, we've worked hard for those bad impressions.",https://undelete.pullpush.io/r/videos/comments/zqjea/_/c670l72/,https://api.pullpush.io/reddit/comment/search/?ids=c670l72
2012-09-12,r/videos,"Well, this is why knowing how to defend oneself and being strong is a benefit. Videos like this only exist of pussies, not tough fighters. The Marine may be an asshole, and worthy of judicial punishment, but in the end if the cabbie wasn't a weak bitch we might be watching a very different video.",https://undelete.pullpush.io/r/videos/comments/zqjea/_/c670n1d/,https://api.pullpush.io/reddit/comment/search/?ids=c670n1d
2012-09-25,r/todayilearned,"I always do enjoy when non-shooters look at round counts. After the Aurora thing I kept hearing ""But he bought 2000 rounds of ammunition! ONLINE!"" I immediately scared people when I said I generally purchase 5000+ rounds per online buy, and that occurs several times a year. 50 rounds of amunition would barely get a new shooter a decent zero on their weapon, let alone proficiency.",https://undelete.pullpush.io/r/todayilearned/comments/10ezrz/_/c6czhmf/,https://api.pullpush.io/reddit/comment/search/?ids=c6czhmf
2012-09-26,r/Military,"He was obviously trying to get down to that compound at the base of the hill, although I wouldn't have advised doing so alone (that kind of distance is a team movement, not really individual). 

When he started taking effective fire he got confused and immediately started to search for cover. Sadly you can see how much we weigh our kids down with gear, this poor fucker is literally taking fire to his body and still can't manage more than a slow jog with some falling. Moments like that, you need to be a sprinter. 

The explanation? A military that forgot how to fight light and fast, how to use effective cover and terrain, how to retain unit control and how to properly employ weapons systems (rapid fire from the offhand at targets 400m+ distant is a waste of ammunition, as well as the obvious presence of 40mm HE that was not being utilized). In effect, small unit tactics. It's not the kids fault he found himself out there alone on the hillside, it's the fault of his leadership and the ""fix it with firepower"" mindset of the military in general. 

Christ, when the shooting started he at least had mediocre cover (which he was not using) which he the gave up for an exposed hillside. 

Some may critique me for armchair quarterbacking, but videos like this are an invaluable training tool for preparing for the next fight. Infantry NCO's need to watch these kinds of things and AAR the shit out of them, so next time when the 7.62 snaps start up they and their kids will be better prepared to fight properly and kill the enemy.",https://undelete.pullpush.io/r/Military/comments/10isyz/_/c6dtyc2/,https://api.pullpush.io/reddit/comment/search/?ids=c6dtyc2
2012-09-29,r/aww,Why not just get a less fucked up cat?,https://undelete.pullpush.io/r/aww/comments/10nkek/_/c6f2mku/,https://api.pullpush.io/reddit/comment/search/?ids=c6f2mku
2012-09-30,r/guns,"Thank fuck, I just came to comment on that. Any time I am reading a paper or article on infantry weapons and that statement comes up, I know the author has zero fucking clue what he is talking about. Clearly written by someone who has never been suppressed by effective fire of any kind before.",https://undelete.pullpush.io/r/guns/comments/10oo6h/_/c6fpct7/,https://api.pullpush.io/reddit/comment/search/?ids=c6fpct7
2012-10-02,r/worldnews,Congratulations on winning the dumbass comment of the day award!,https://undelete.pullpush.io/r/worldnews/comments/10sdk7/_/c6ggoih/,https://api.pullpush.io/reddit/comment/search/?ids=c6ggoih
2012-10-03,r/IAmA,"Mr. Simmons, thank you very much for this. Where does Turkey stand on the movement of men and materiel across its southern border into Syria? How are weapons and ammunition, outside of store captured from the regime, making it to the frontline brigades?",https://undelete.pullpush.io/r/IAmA/comments/10vjo7/_/c6h0n3i/,https://api.pullpush.io/reddit/comment/search/?ids=c6h0n3i
2012-10-03,r/IAmA,Thank you for taking the time to answer.,https://undelete.pullpush.io/r/IAmA/comments/10vjo7/_/c6h6bu1/,https://api.pullpush.io/reddit/comment/search/?ids=c6h6bu1
2012-10-10,r/WTF,"As a former Marine infantryman, I can tell you that is quite untrue, despite the sayings. Back to your regularly scheduled program",https://undelete.pullpush.io/r/WTF/comments/117bmu/_/c6k6pvb/,https://api.pullpush.io/reddit/comment/search/?ids=c6k6pvb
2012-10-10,r/WTF,"Basic rifle training is a far cry from advanced infantry training, which 0311's (Marine rifle infantry) receive. ""Every Marine a rifleman"" is an adage the Marine Corps loves to throw around, but it's just a good ad campaign. All Army soldiers also receive basic rifle training, but as with the case of the Marine Corps that doesn't mean they are proficient riflemen.",https://undelete.pullpush.io/r/WTF/comments/117bmu/_/c6kck6l/,https://api.pullpush.io/reddit/comment/search/?ids=c6kck6l
2012-10-10,r/WTF,"No worries dude, it's a fine detail most people would never know unless they had first hand experience with that world.",https://undelete.pullpush.io/r/WTF/comments/117bmu/_/c6kfmya/,https://api.pullpush.io/reddit/comment/search/?ids=c6kfmya
2012-10-12,r/pics,Yut yut kill fellow leadslingers. Best damn job in the Corps.,https://undelete.pullpush.io/r/pics/comments/11cvwc/_/c6ldzpu/,https://api.pullpush.io/reddit/comment/search/?ids=c6ldzpu
2012-10-12,r/todayilearned,"According to that wiki, that claim is quite exaggerated and not backed up by any primary sources who knew the man after the accident. I'd always heard the same thing, but it looks like it may be more of a cultural myth than fact.",https://undelete.pullpush.io/r/todayilearned/comments/11dc9s/_/c6lk1b8/,https://api.pullpush.io/reddit/comment/search/?ids=c6lk1b8
2012-10-13,r/todayilearned,"I'm not doubting you learned it in undergrad, I did as well. But did you actually read the article? I'm simply pointing out the fact there is some doubt about how much the accident was responsible over other factors in behavioral shift.",https://undelete.pullpush.io/r/todayilearned/comments/11dc9s/_/c6lnspi/,https://api.pullpush.io/reddit/comment/search/?ids=c6lnspi
2012-10-14,r/JusticePorn,Local reporting done right.,https://undelete.pullpush.io/r/JusticePorn/comments/11gu8z/_/c6mgqzy/,https://api.pullpush.io/reddit/comment/search/?ids=c6mgqzy
2012-10-17,r/Military,"Keep in mind, this IOC class started at the end of September. It is a 10 week course. ",https://undelete.pullpush.io/r/Military/comments/11mprz/_/c6nu6z0/,https://api.pullpush.io/reddit/comment/search/?ids=c6nu6z0
2012-10-18,r/Military,"I'm not sure why you got downvoted, you are correct.",https://undelete.pullpush.io/r/Military/comments/11mprz/_/c6oagyo/,https://api.pullpush.io/reddit/comment/search/?ids=c6oagyo
2012-10-18,r/Military,"That is pretty goddamn disgusting. Who fallen soldiers chose to love is their business, and the services should recognize that whether they be male or female, gay or straight. Benefits should be bestowed upon all spouses, or none. It's all in.

ETA: I initially said services, but really it's the nation. The fact there is a law on the books that makes this shit a requirement is a fucking travesty.",https://undelete.pullpush.io/r/Military/comments/11ooie/_/c6oan63/,https://api.pullpush.io/reddit/comment/search/?ids=c6oan63
2012-10-19,r/Military,"Well, at least he didn't say he was a Scout Sniper.",https://undelete.pullpush.io/r/Military/comments/11ptkq/_/c6orov9/,https://api.pullpush.io/reddit/comment/search/?ids=c6orov9
2012-10-19,r/WTF,"Looks more like Afghan cops posing with the remains of an Afghan insurgent, with US troops in the back group giving a thumbs up. But hey, why use accurate titles.",https://undelete.pullpush.io/r/WTF/comments/11rmc3/_/c6p09z2/,https://api.pullpush.io/reddit/comment/search/?ids=c6p09z2
2012-10-19,r/WTF,"You'll need to explain to me how. An accurate title would be ""US and Afghan troops pose with yadda yadda yadaa"". You know...describing what's in the picture and stuff. ",https://undelete.pullpush.io/r/WTF/comments/11rmc3/_/c6p0d3g/,https://api.pullpush.io/reddit/comment/search/?ids=c6p0d3g
2012-10-23,r/Military,"Fellow 8th Reg Marine here (3/8). Semper Fi, we'll never forget.",https://undelete.pullpush.io/r/Military/comments/11yjyp/_/c6qp982/,https://api.pullpush.io/reddit/comment/search/?ids=c6qp982
2012-10-29,r/Military,I fucking hate this zombie shit. What's that? We're out of money and training budgets are already tight? LETS SEND OUR PEOPLE TO A ZOMBIE TRAINING SCENARIO!,https://undelete.pullpush.io/r/Military/comments/128s09/_/c6tc1at/,https://api.pullpush.io/reddit/comment/search/?ids=c6tc1at
2012-10-31,r/Military,"Did you? Using fictional creatures like zombies hurts credibility and sounds much more like playing than training. There are plenty of legitimate threats out there, there is no need to add in such a ridiculous quirk. When it comes to civilians using this stuff to play prepper, sure man, whatever floats your boat. But this is a function for cops and military, this stuff is absurd. As I said, in an age of massive spending cuts, taxpayer organizations are footing the bill for a zombie themed conference at a resort. That is idiotic.",https://undelete.pullpush.io/r/Military/comments/128s09/_/c6u5ts9/,https://api.pullpush.io/reddit/comment/search/?ids=c6u5ts9
2012-10-31,r/Military,"If training for current threats is now so touchy we need to use something as childish as zombies in order to avoid hurting anyones feelings, than we are in deeper shit than I thought. This is a disaster training scenario for military and police, there's nothing wrong with discussing the possibility of looting/criminal activity, and according to the article terrorist activity. Covering it all up in zombie shit reeks of playing around, or even worse the inability to rationally discuss future threats. ",https://undelete.pullpush.io/r/Military/comments/128s09/_/c6ubnrl/,https://api.pullpush.io/reddit/comment/search/?ids=c6ubnrl
2012-10-31,r/Military,That is magnificent. You could also be Triple Canopy....,https://undelete.pullpush.io/r/Military/comments/12dyt0/_/c6ud0wp/,https://api.pullpush.io/reddit/comment/search/?ids=c6ud0wp
2012-10-31,r/Military,"Yes, it does add a brand new level of training....for actual disease outbreaks. Not imaginary ""fun"" outbreaks that just happen to be pop culture these days. If there's a new flu outbreak, I doubt part of the protocol will be shooting victims....so why the fuck even include that childish idiocy? Stick to real threats, there are plenty of them.
",https://undelete.pullpush.io/r/Military/comments/128s09/_/c6udtxt/,https://api.pullpush.io/reddit/comment/search/?ids=c6udtxt
2012-11-07,r/WTF,Upvote for Maine!,https://undelete.pullpush.io/r/WTF/comments/12rnbl/_/c6xojk9/,https://api.pullpush.io/reddit/comment/search/?ids=c6xojk9
2012-12-06,r/pics,STA...,https://undelete.pullpush.io/r/pics/comments/14drl9/_/c7cbst3/,https://api.pullpush.io/reddit/comment/search/?ids=c7cbst3
2012-12-14,r/Military,"This. Motherfucking this. Coming from an infantry background I can't tell you how many guys I know get disability of some form who have no need for it, and who will openly admit in closed circles they gamed it for the cash. Oddly enough, same dudes will turn around and bitch about welfare queens who live off the government...Irony.",https://undelete.pullpush.io/r/Military/comments/14tf2q/_/c7gapo4/,https://api.pullpush.io/reddit/comment/search/?ids=c7gapo4
2012-12-14,r/Military,"Shit, don't apologize brother. The reason everything is clogged up is because of dudes falsifying claims for money. That's why the system is over taxed and guys with legitimate issues get bagged down in the bullshit. It's the motherfuckers who lie to get a paycheck who are fucking it up for the guys who need it.",https://undelete.pullpush.io/r/Military/comments/14tf2q/_/c7gb0tq/,https://api.pullpush.io/reddit/comment/search/?ids=c7gb0tq
2012-12-14,r/guns,I fucking miss being a 31....thanks for the trip down memory lane.,https://undelete.pullpush.io/r/guns/comments/14t2fw/_/c7gin5p/,https://api.pullpush.io/reddit/comment/search/?ids=c7gin5p
2012-12-18,r/guns,"Man, you should have told that to the deer I shot with with 70 gr Barnes TSX. Poor guy would still be alive if he'd known .223 wouldn't kill him.",https://undelete.pullpush.io/r/guns/comments/152820/_/c7inqq1/,https://api.pullpush.io/reddit/comment/search/?ids=c7inqq1
2012-12-18,r/guns,"Luckily, I live in neither. And have never had an issue, nor feel that my use of 5.56 has led to longer and more painful deaths than if I used .308. With modern bullet technology much of it comes down to shot placement. Those hunting regulations are outdated, as is your understanding of 5.56 in a military environment (I have spent 9 years as an infantryman in the Marine Corps and Army, and can tell you flatly killing, not maiming, is the objective of small arms fire).",https://undelete.pullpush.io/r/guns/comments/152820/_/c7io1oq/,https://api.pullpush.io/reddit/comment/search/?ids=c7io1oq
2012-12-18,r/guns,"If that was the case, then why have we spent millions developing 5.56 with better terminal ballistics (MK262, SOST, M855A1 to simply mention a few). Would not any type of bullet fit what you believe is the purpose of small arms fire? Especially since part of your initial point was that it would save money on ""transportation""? And as I said, your statement of the military purpose of small arms is outdated. You clearly have never fought in an area where air/artillery is highly restricted and most killing is done with small arms and hand held HE.

And please, do tell me what the purpose of my individual and directed fire has been over the last 9 years. I'm all ears.",https://undelete.pullpush.io/r/guns/comments/152820/_/c7ioyck/,https://api.pullpush.io/reddit/comment/search/?ids=c7ioyck
2012-12-19,r/guns,"How many infantry units teach their guys ""shoot to wound""? I certainly haven't served in one, and am not aware of any that do. I am well aware of this popular misconception, but what I am trying to get across here is that that it is outdated. We don't want wounded Taliban, we want dead ones. It's not about ""taking 6-8 men out of the fight to care for a wounded comrade"" because you're generally fighting 6-8 man units in the first place, and they are going to leave that wounded fucker behind. ",https://undelete.pullpush.io/r/guns/comments/152820/_/c7j1r0b/,https://api.pullpush.io/reddit/comment/search/?ids=c7j1r0b
2012-12-19,r/guns,"While wounding is a more likely outcome, especially at long engagement distances, we would prefer a kill, and that is what we train for. Bullet technology, optics improvements, and a better understanding of ballistics (both flight and terminal) have put us in a place where the purpose of our fires is killing. In the past, the effectiveness of small arms was much less effective than today. But a changing battlefield and changing technology has led to a change in the mission of aimed small arms fire, and to state that currently the purpose of small arms is simply to suppress for artillery and maybe wound a couple dudes is wildly inaccurate.",https://undelete.pullpush.io/r/guns/comments/152820/_/c7j3bof/,https://api.pullpush.io/reddit/comment/search/?ids=c7j3bof
2012-12-21,r/Military,"Running a 290 is a pretty good example to set. And if he can ruck...well, that's what really matters.",https://undelete.pullpush.io/r/Military/comments/158bat/_/c7k7wa6/,https://api.pullpush.io/reddit/comment/search/?ids=c7k7wa6
2012-12-22,r/guns,"It means you can change the mode of fire. For instance, the issued M16A4 I had in the Marine Corps had a semi-automatic mode (one round fired for one trigger squeeze) and a burst mode (3 rounds fired while the trigger is held down). What you hear as ""fully automatic"" means that when the trigger is pulled, and kept depressed, the gun will continue firing and cycling until the ammunition source is depleted. Notice, however, that today military M16A4s and most M4 carbines in general service are not fully automatic, as it is in fact generally inaccurate and an inefficient use of ammunition. In fact, in combat I know very few men (myself included) who use any mode of fire outside of semi-automatic. Almost all AR-15's on the civilian market are semi-automatic only, with no other mode of fire, hence not being select fire. In order to own a select fire weapon as a civilian one must have a Class III licence through the ATF, and those weapons are heavily taxed and regulated. ",https://undelete.pullpush.io/r/guns/comments/15ak2o/_/c7kp93o/,https://api.pullpush.io/reddit/comment/search/?ids=c7kp93o
2012-12-22,r/guns,"Put simply, yes. The rapid movement of the bolt combined with the recoil from the round being fired makes the weapon move, which throws off the trajectory of the rounds fired. While in movies it looks like one could accurately ""spray"" at a target, in reality that movement can throw off the shots of a poorly trained shooter even at close range. Bullets are dangerous things, and a shooter must be responsible and accountable for his rounds, more so in a combat situation where civilians and friendly personnel are likely in the area. I am not saying there is no place for it, I can think of some situations where it would be warranted, but in general semi-automatic is preferable.",https://undelete.pullpush.io/r/guns/comments/15ak2o/_/c7kql3p/,https://api.pullpush.io/reddit/comment/search/?ids=c7kql3p
2012-12-23,r/todayilearned,Christ I hope that is sarcasm...,https://undelete.pullpush.io/r/todayilearned/comments/159ls8/_/c7ktrpi/,https://api.pullpush.io/reddit/comment/search/?ids=c7ktrpi
2012-12-23,r/todayilearned,"I swore an oath to defend the constitution from enemies foreign and domestic the day I enlisted. I find it fucking insulting these idiots somehow feel that wasn't good enough and need to start their own little group to get attention. There is nothing bipartisan about them, it's a right wing fringe group, no matter what bullshit they are slinging at you over in r/guns. ",https://undelete.pullpush.io/r/todayilearned/comments/15afo9/_/c7ktytp/,https://api.pullpush.io/reddit/comment/search/?ids=c7ktytp
2012-12-23,r/todayilearned,"Well let's just think about that for a second. Roughly 50 million American households have guns. We'll say that each household has 1 gun and 1 gun owner, although we know that is a massive oversimplification. Now, you say ""dozens"", but we'll just say a dozen and put that at 12. So by your massively idiotic logic, 600 million people would be murdered per year in the United States. Congratulations on winning ""dumbass uneducated comment of the day"" award.",https://undelete.pullpush.io/r/todayilearned/comments/159ls8/_/c7l1jn0/,https://api.pullpush.io/reddit/comment/search/?ids=c7l1jn0
2012-12-24,r/todayilearned,Way to make an emotional and illogical statement as a reply. You are truly a stupid person.,https://undelete.pullpush.io/r/todayilearned/comments/159ls8/_/c7lhjsw/,https://api.pullpush.io/reddit/comment/search/?ids=c7lhjsw
2012-12-24,r/todayilearned,"In fact, I have. As for kids dying, more children die from choking on hot dogs than firearms, not to mention the major killers swimming pools and car accidents. But it is hard to scared of these things, and much easier to become emotional and scared of something you have no understanding of. 

I would rather see kids die? Would you level that same accusation at people who would rather drive to work than take public transportation since privately owned vehicles kill thousands of children every year? I doubt it, and that's because you are a simple minded person who is scared of something they don't understand, and would rather throw around emotional epithets than look at an issue rationally.",https://undelete.pullpush.io/r/todayilearned/comments/159ls8/_/c7ljutr/,https://api.pullpush.io/reddit/comment/search/?ids=c7ljutr
2012-12-24,r/Military,I'm sorry.,https://undelete.pullpush.io/r/Military/comments/15c233/_/c7lk804/,https://api.pullpush.io/reddit/comment/search/?ids=c7lk804
2012-12-24,r/todayilearned,"You asked if I had needed a gun, not if I had shot someone. You should really re-evaluate your intellect my good sir.",https://undelete.pullpush.io/r/todayilearned/comments/159ls8/_/c7lmc7n/,https://api.pullpush.io/reddit/comment/search/?ids=c7lmc7n
2012-12-25,r/todayilearned,I am at a loss with your stupidity.,https://undelete.pullpush.io/r/todayilearned/comments/159ls8/_/c7lpfkr/,https://api.pullpush.io/reddit/comment/search/?ids=c7lpfkr
2012-12-26,r/politics,"CT has a state level AWB, which almost mirrors the Federal AWB that expired (wasn't repealed) under Bush. This fact alone is a pretty solid argument against a federal AWB, since obviously the one in CT didn't do anything.
",https://undelete.pullpush.io/r/politics/comments/15gra1/_/c7mcwh3/,https://api.pullpush.io/reddit/comment/search/?ids=c7mcwh3
2012-12-26,r/politics,"Since when were we discussing handguns? All the guns used in Newtown were legally purchased within CT, a state with one of the most stringent ""assault weapons bans"". ",https://undelete.pullpush.io/r/politics/comments/15gra1/_/c7mesmv/,https://api.pullpush.io/reddit/comment/search/?ids=c7mesmv
2012-12-28,r/guns,"When the panic dies away, don't forget things like this.",https://undelete.pullpush.io/r/guns/comments/15jqkq/_/c7nc7rx/,https://api.pullpush.io/reddit/comment/search/?ids=c7nc7rx
2013-01-20,r/JusticePorn,"And yet, he won the fight and no one innocent was injured. Clearly he was proficient enough.
",https://undelete.pullpush.io/r/JusticePorn/comments/16xzz4/_/c80hikf/,https://api.pullpush.io/reddit/comment/search/?ids=c80hikf
2013-01-30,r/Military,"You should. Firefight videos are great tools to show the kids what wrong  looks like (and very occasionally something right). People not using optics, shooting offhand at targets 300m distant, lack of control of the combat element, these are all very standard mistakes in light infantry fights. Showing videos and critiquing may not make the kids do everything right the first time, but hopefully after the initial freakout mag dump they might remember ""...ok...slow down...aim...I don't want to look like that fat fuck who screwed everything up in that video.""
",https://undelete.pullpush.io/r/Military/comments/17ibet/_/c85zksx/,https://api.pullpush.io/reddit/comment/search/?ids=c85zksx
2013-01-30,r/Fitness,"This is what I do, except I added in cleans as a full lift not just assistance work so its warm ups, DL work, 5X10  DL@50%, then warm up cleans, clean work, 5X10 clean at 50%. I don't do hanging leg raises. Tuesday sucks.",https://undelete.pullpush.io/r/Fitness/comments/17isbb/_/c85zpyg/,https://api.pullpush.io/reddit/comment/search/?ids=c85zpyg
2013-01-30,r/Fitness,"Depending what week, and what I do for max reps, yeah. No matter what week I'm on, I never go for more than 8 max reps on the last set for DL/Clean. This is after 3 cycles of 5/3/1 however, I would not have felt comfortable trying this any earlier. So far it's working well, and the following day is recovery so that helps.",https://undelete.pullpush.io/r/Fitness/comments/17isbb/_/c8602f7/,https://api.pullpush.io/reddit/comment/search/?ids=c8602f7
2013-01-30,r/Fitness,"Sure, just the work sets laid out in 5/3/1. First week 3 sets of 5, second 3 sets  of 3, third week  5/3/1, all using percentages of 90% of my max. Last set is always max reps, but as I said earlier when doing both DL and cleans the same day I never go  for more than 8 on either.",https://undelete.pullpush.io/r/Fitness/comments/17isbb/_/c869s2z/,https://api.pullpush.io/reddit/comment/search/?ids=c869s2z
2013-01-31,r/guns,"Ahh, that hits me right in the feels. 0331 til death.",https://undelete.pullpush.io/r/guns/comments/17nf9x/_/c874gte/,https://api.pullpush.io/reddit/comment/search/?ids=c874gte
2013-02-01,r/JusticePorn,upvote for linking to optactical. Good people over there. ,https://undelete.pullpush.io/r/JusticePorn/comments/17nbpt/_/c87auiu/,https://api.pullpush.io/reddit/comment/search/?ids=c87auiu
2013-02-08,r/Military,"3/8 Kilo here, 04-08 for Fallujah, Ramadi, and 22 MEU. Keep up the fight bro.",https://undelete.pullpush.io/r/Military/comments/183kx8/_/c8br07j/,https://api.pullpush.io/reddit/comment/search/?ids=c8br07j
2013-02-13,r/IAmA,"You are truly a dumbass, both women are indeed alive. How hard is it to simply use google.",https://undelete.pullpush.io/r/IAmA/comments/18f8y3/_/c8ehspz/,https://api.pullpush.io/reddit/comment/search/?ids=c8ehspz
2013-02-14,r/Military,SPIES is one of the few cool guy things that doesn't actually suck in real life.,https://undelete.pullpush.io/r/Military/comments/18hbqd/_/c8f313x/,https://api.pullpush.io/reddit/comment/search/?ids=c8f313x
2013-02-22,r/Military,"SHIFTY!!!! Dude, you gotta stop freaking me out with the Red Hill pics.",https://undelete.pullpush.io/r/Military/comments/18z35j/_/c8jka8x/,https://api.pullpush.io/reddit/comment/search/?ids=c8jka8x
2013-03-01,r/JusticePorn,"The only time ""PTSD"" ever rears its disruptive head in this fashion is after significant amounts of alcohol consumption. It's not PTSD, it's being piss drunk, acting like an asshole, and having an excuse most of society buys. I used to act like a dick when I was trashed (I've got 4 tours in the grunts), but once I cut down on my drinking all that bullshit went away. Don't let guys get away with pulling that bullshit card.",https://undelete.pullpush.io/r/JusticePorn/comments/19g8fo/_/c8nvjet/,https://api.pullpush.io/reddit/comment/search/?ids=c8nvjet
2013-03-01,r/JusticePorn,"Hey there boss, I'm not dismissing PTSD. Like I said, after my deployments I found when I'd get rip roaring drunk I turned into a massive prick (not to far off from our buddy in the video). So, I quit getting black out fucked up.  I still catch myself after a few too many, when the anger and hate starts to well up inside. These days, I go the fuck home, because I know where things are headed. But I always see people dismissing asshole drunk behavior because the guy has a tour or two under his belt as PTSD. It isn't, he's just drunk. It's an insult to guys who have legitimate problems from the war.",https://undelete.pullpush.io/r/JusticePorn/comments/19g8fo/_/c8nxl50/,https://api.pullpush.io/reddit/comment/search/?ids=c8nxl50
2013-03-03,r/JusticePorn,"Where in the blue fuck did that question come from? No, I didn't, because despite what your uninformed opinion might be, that kind of behavior is pretty rare. ",https://undelete.pullpush.io/r/JusticePorn/comments/19g8fo/_/c8p1jtw/,https://api.pullpush.io/reddit/comment/search/?ids=c8p1jtw
2013-03-03,r/guns,Die motherfucker Die. (Or butter butter jam for you polite folks).,https://undelete.pullpush.io/r/guns/comments/19iu6x/_/c8p22c5/,https://api.pullpush.io/reddit/comment/search/?ids=c8p22c5
2013-03-06,r/worldnews,"It's amusing that towards the end they briefly discuss a memo in which Steele describes some police units as ""thugs"" and outlines abuses by them, but then immediately move on to another topic because it clearly doesn't fit into the narrative they are trying to convey.

ETA: I'm talking about the full doc, not the trailer.",https://undelete.pullpush.io/r/worldnews/comments/19s4mn/_/c8qwddt/,https://api.pullpush.io/reddit/comment/search/?ids=c8qwddt
2013-03-07,r/Military,"This is simply untrue. The life insurance policy will be paid out even if you get smoked in a pink thong and no armor. This is one of those myths that goes along with aligning gas rings and not being able to use the .50 cal against personnel. Dragonskin, however, is garbage, miserably failed heat tests several years ago, has a douchebag owner who has a flair for talking to reporters and suing people, and who has yet to submit his ""new"" armor to an independent lab. That's why guys can't wear that shit.",https://undelete.pullpush.io/r/Military/comments/19uzqi/_/c8ro5ic/,https://api.pullpush.io/reddit/comment/search/?ids=c8ro5ic
2013-03-07,r/Military,"No worries man, happy to help belay some of the myths.",https://undelete.pullpush.io/r/Military/comments/19uzqi/_/c8rp24f/,https://api.pullpush.io/reddit/comment/search/?ids=c8rp24f
2013-03-11,r/Military,Somebody never did time in the grunts.,https://undelete.pullpush.io/r/Military/comments/1a0cbe/_/c8thb7h/,https://api.pullpush.io/reddit/comment/search/?ids=c8thb7h
2013-03-11,r/Military,"As a former 3/8 Kilo Weapons platoon Marine who fucking hated mandatory fun, I support this post.",https://undelete.pullpush.io/r/Military/comments/1a0cbe/_/c8thc55/,https://api.pullpush.io/reddit/comment/search/?ids=c8thc55
2013-03-21,r/WTF,"The optics and targeting system on a Merkava are phenomenal, so it's more likely the tank didn't miss the children, but hit exactly what it was aiming at. (A male with a shoulder mounted device).",https://undelete.pullpush.io/r/WTF/comments/1aqc8a/_/c8zu91w/,https://api.pullpush.io/reddit/comment/search/?ids=c8zu91w
2013-03-21,r/Military,"I see no suppression here, just shooting in a general direction. Early on the Mk48 gunner was the only one who could have been suppressing, as he was firing aimed bursts. That fucking genius who stood over him without looking through optics doing offhand rapid fire with his M4 was just wasting ammunition. Anyone who has been under aimed and effective fire can tell you the difference between it and unaimed area fire, which generally results in cracks and pops above your head. Once you know the difference, you know when you can maneuver and when you cannot, and experience fighters will take advantage of that. Sadly, US troops have a tendency to think firing randomly in a general direction is ""suppression"". 

Once they break the corner to get out the 40mm, they then fall back? Why? If you fight to take a space, hold on to it. You've put a belt-fed in a position to get eyes (and rounds) on a space you feel is likely enough to have enemy in it to thow HE into, yet you pull that gun back? Take space, keep space, especially if you aren't taking effective fire.

I love videos like this because they are fantastic learning tools. If you are a small unit leader you should AAR the shit out of these with brutality.",https://undelete.pullpush.io/r/Military/comments/1aouqz/_/c8zv078/,https://api.pullpush.io/reddit/comment/search/?ids=c8zv078
2013-03-21,r/WTF,Absolutely. ,https://undelete.pullpush.io/r/WTF/comments/1aqc8a/_/c8zvflt/,https://api.pullpush.io/reddit/comment/search/?ids=c8zvflt
2013-03-21,r/WTF,"I'm pretty certain smoking the dude who pops around the corner with a shoulder device was more the point of firing the round, not teaching life lessons to kids. But hey, that's me.",https://undelete.pullpush.io/r/WTF/comments/1aqc8a/_/c8zvoat/,https://api.pullpush.io/reddit/comment/search/?ids=c8zvoat
2013-03-21,r/WTF,"Yes, a camera. I take it you've never fought in a city before, have you?",https://undelete.pullpush.io/r/WTF/comments/1aqc8a/_/c8zxtf6/,https://api.pullpush.io/reddit/comment/search/?ids=c8zxtf6
2013-03-21,r/WTF,"While not untrue, it is also not a given. You'll know a main gun round has passed close to you, but it isn't a certainty it will knock you out or kill you.",https://undelete.pullpush.io/r/WTF/comments/1aqc8a/_/c8zxv62/,https://api.pullpush.io/reddit/comment/search/?ids=c8zxv62
2013-03-21,r/WTF,"If people were concerned in general with the long term effects of actions that keep them alive and safe in the short term, we would live in a very different world. Let me know when we get there.",https://undelete.pullpush.io/r/WTF/comments/1aqc8a/_/c8zxvyo/,https://api.pullpush.io/reddit/comment/search/?ids=c8zxvyo
2013-03-21,r/WTF,"It's an Israeli tank genius, I'm happily an American. I'm a fervent opponent of the occupation, however I once fought in a miserable urban hell hole and therefore am not nearly as quick to judge split second actions by guys in a similar situation.",https://undelete.pullpush.io/r/WTF/comments/1aqc8a/_/c9012wv/,https://api.pullpush.io/reddit/comment/search/?ids=c9012wv
2013-03-21,r/WTF,"It makes perfect sense to me. If I was in a similar position, I woudn't be taking the time to wonder what was on a guys shoulder pointed at me as he breaks a corner. Bad luck for the cameraman that the gunner was likely sighted in on the corner anyways because of the activity on it, the round obviously impacted on the far side building closer to the cameraman, which  would be the best area to place it if he is your target and not the kids.
",https://undelete.pullpush.io/r/WTF/comments/1aqc8a/_/c90152g/,https://api.pullpush.io/reddit/comment/search/?ids=c90152g
2013-03-21,r/WTF,"No, but it clearly hit the building on the far side of the street (from the tanks perspective) instead of the corner itself. If they were gunning for the kids, a main gun round into the corner would do the trick, if they were gunning for the cameraman on the far side of the street that would be the best spot to place a round. Bad luck for the cameraguy that the gunner was likely sighted in on the corner because of the activity, and he just happened to break it on the far side of the street. I applaud warzone journalists who don't embed with the occupying military, but it is a risk.",https://undelete.pullpush.io/r/WTF/comments/1aqc8a/_/c9017j1/,https://api.pullpush.io/reddit/comment/search/?ids=c9017j1
2013-03-22,r/Military,"""How's your pain level?"" ""Good"" Fuck yeah.",https://undelete.pullpush.io/r/Military/comments/1ass5k/_/c90hpvz/,https://api.pullpush.io/reddit/comment/search/?ids=c90hpvz
2013-03-25,r/Military,"Well, that's debatable really. Poorly trained troops can easily be suppressed by fire that is much more inaccurate than that. Suppression is simply fire that is prohibiting the target position from performing any kind of legitimate tactical activity, so putting a numerical value on deviating human behavior is a bit simplistic. However, I would want troops under leadership to aim for something similar, although I much prefer impacts on position than rounds flying over head. There is something about flying dirt and the sound of impacting rounds that can really get guys to ball up and cry.",https://undelete.pullpush.io/r/Military/comments/1aouqz/_/c91ru1j/,https://api.pullpush.io/reddit/comment/search/?ids=c91ru1j
2013-04-05,r/Military,"Hey! Hey guys! I have this awesome idea! Remember how the Russians used to tie themselves to vehicles, therefore reducing their ability to maneuver and hunt their opponent? And how that opened them up to simple yet devastating attacks using improvised explosives and ambush tactics? We should totally do the same thing!",https://undelete.pullpush.io/r/Military/comments/1bqvfa/_/c996v5x/,https://api.pullpush.io/reddit/comment/search/?ids=c996v5x
2013-04-09,r/Military,That's the only answer to this often asked question.,https://undelete.pullpush.io/r/Military/comments/1c0q6o/_/c9bx0kj/,https://api.pullpush.io/reddit/comment/search/?ids=c9bx0kj
2013-04-11,r/Military,Motherfucking Range 400. Watching an infantry company plus in the assault from MG hill is one of the most badass things I've witnessed over my military career.  Really makes it obvious how much firepower we can really bring to bear if need be. It's amusing this is somehow now news.,https://undelete.pullpush.io/r/Military/comments/1c4m3k/_/c9d1uym/,https://api.pullpush.io/reddit/comment/search/?ids=c9d1uym
2013-04-11,r/Military,"O NOOOZZZZZ!!! ROTC KIDDIES CANT LOOKS KEWL! Fuck it, they'll get normal utilities once they get to the real job. And in the Marine Corps, utilities are in fact only authorized on base, so unless those kids want o ruck in whatever odd version of dress uniform they wear, they'd better suck it  up. Good on the NROTC department for upholding regulations.",https://undelete.pullpush.io/r/Military/comments/1c5lo2/_/c9d8upj/,https://api.pullpush.io/reddit/comment/search/?ids=c9d8upj
2013-04-12,r/Military,The lengths non-rate pogue ass college kids will go to to look cool.....,https://undelete.pullpush.io/r/Military/comments/1c5lo2/_/c9dxnw9/,https://api.pullpush.io/reddit/comment/search/?ids=c9dxnw9
2013-04-15,r/Military,"It's an extension of the Army's inability to use logic. What began as ""train like you  fight"" somehow morphed into ""What if...[insert career ending mistake here]?"" Sadly, not enough Soldiers legitimately understand weapons and shooting to see the ridiculousness.",https://undelete.pullpush.io/r/Military/comments/1cekz7/_/c9fwvl6/,https://api.pullpush.io/reddit/comment/search/?ids=c9fwvl6
2013-04-16,r/Military,"There is most certainly value if shooting in PPE at times, however IMHO much of the Army now just thinks that full PPE must be worn if there are any weapons being used. It is a ridiculous thought, and one that is indicative of an organization that actually knows very little about firearms and their proper employment.",https://undelete.pullpush.io/r/Military/comments/1cekz7/_/c9fyanb/,https://api.pullpush.io/reddit/comment/search/?ids=c9fyanb
2013-04-16,r/Military,"I was an 0331 before I switched services, I'm aware of how the Marine Corps shoots.",https://undelete.pullpush.io/r/Military/comments/1cekz7/_/c9g9wnm/,https://api.pullpush.io/reddit/comment/search/?ids=c9g9wnm
2013-04-16,r/Military,"Wait.....If the Army has new body armor for women that is 6 POUNDS lighter than that of men and just as effective, why can't I have it?",https://undelete.pullpush.io/r/Military/comments/1cggkc/_/c9g9zy1/,https://api.pullpush.io/reddit/comment/search/?ids=c9g9zy1
2013-04-16,r/Military,I'm mainly just bringing attention to the shitty reporting in the article.  They mention this 6 lbs difference as if it's some awesome new technology  when you and I both know it's mainly just size of the armor package.,https://undelete.pullpush.io/r/Military/comments/1cggkc/_/c9gcmnr/,https://api.pullpush.io/reddit/comment/search/?ids=c9gcmnr
2013-04-27,r/IAmA,Uhhh....Paris Island? You aren't doing yourself many favors here kid.,https://undelete.pullpush.io/r/IAmA/comments/1d7ufk/_/c9nrhhb/,https://api.pullpush.io/reddit/comment/search/?ids=c9nrhhb
2013-04-27,r/IAmA,Is it? I never knew.... Look at the spelling.,https://undelete.pullpush.io/r/IAmA/comments/1d7ufk/_/c9nrsb8/,https://api.pullpush.io/reddit/comment/search/?ids=c9nrsb8
2013-04-27,r/IAmA,"It does. Sadly, that isn't a complete giveaway that he's full of shit, although it is a giveaway that he isn't that bright, and that this AMA isn't headed for success.",https://undelete.pullpush.io/r/IAmA/comments/1d7ufk/_/c9nrtey/,https://api.pullpush.io/reddit/comment/search/?ids=c9nrtey
2013-04-27,r/IAmA,"As a Marine who proudly earned his EGA on Parris Island, you're god damn right I'm going to call him out for dropping an r. Do I have many enlisted friends? Seeing as I've spent the last 9 years in this business as an enlisted man, I feel comfortable in answering yes. Let the grown ups figure out if OP is legit, or possibly just an idiot.",https://undelete.pullpush.io/r/IAmA/comments/1d7ufk/_/c9ns9o2/,https://api.pullpush.io/reddit/comment/search/?ids=c9ns9o2
2013-04-27,r/IAmA,"As a Marine who proudly earned his EGA on Parris Island, you're god damn right I'm going to call him out for dropping an r. Do I have many enlisted friends? Seeing as I've spent the last 9 years in this business as an enlisted man, I feel comfortable in answering yes. Let the grown ups figure out if OP is legit, or possibly just an idiot.",https://undelete.pullpush.io/r/IAmA/comments/1d7ufk/_/c9ns9o2/,https://api.pullpush.io/reddit/comment/search/?ids=c9ns9o2
2013-04-27,r/Military,"I'm not sure, but it wouldn't surprise me. It's a hell of a sight.",https://undelete.pullpush.io/r/Military/comments/1c4m3k/_/c9nsak5/,https://api.pullpush.io/reddit/comment/search/?ids=c9nsak5
2013-04-27,r/IAmA,MOS?,https://undelete.pullpush.io/r/IAmA/comments/1d7ufk/_/c9nsf3r/,https://api.pullpush.io/reddit/comment/search/?ids=c9nsf3r
2013-04-27,r/IAmA,I was asking OP his. It's been answered in other parts of the AMA.,https://undelete.pullpush.io/r/IAmA/comments/1d7ufk/_/c9nvi20/,https://api.pullpush.io/reddit/comment/search/?ids=c9nvi20
2013-04-27,r/IAmA,"Squadron? I could just as easily say go away with your bitch ass air wing deployments, since there isn't any fucking squadron that took hits like infantry battalions. You are a non-combat wannabe who can't even spell properly and are vying for internet attention. It's pathetic. Square yourself away devil.",https://undelete.pullpush.io/r/IAmA/comments/1d7ufk/_/c9nvkeo/,https://api.pullpush.io/reddit/comment/search/?ids=c9nvkeo
2013-04-27,r/IAmA,"No worries dude. He was an avionics guy, type 1 airwinger. From some of his responses you'd think he was an 03 in Ramadi.",https://undelete.pullpush.io/r/IAmA/comments/1d7ufk/_/c9nw06j/,https://api.pullpush.io/reddit/comment/search/?ids=c9nw06j
2013-04-27,r/IAmA,"12 years of war, and you've thrown me a link to a 10 minute firefight. Get over yourself kiddo, if you think that makes you some salty gyrene I recommend you do a little bit of soul searching. As an 0331 Fallujah and Ramadi vet, all I can say is wind your neck in and stop acting like a self-important little shit. ",https://undelete.pullpush.io/r/IAmA/comments/1d7ufk/_/c9nwxaq/,https://api.pullpush.io/reddit/comment/search/?ids=c9nwxaq
2013-04-28,r/Military,"Full of win. Keep up the good fight, and yut yut.",https://undelete.pullpush.io/r/Military/comments/1d7q9a/_/c9o42v7/,https://api.pullpush.io/reddit/comment/search/?ids=c9o42v7
2013-04-28,r/Military,"Controversy aside (I was looking forward to this game), no videogame is realistic when it comes to war. Period. EOM. ",https://undelete.pullpush.io/r/Military/comments/1d6dil/_/c9o9rei/,https://api.pullpush.io/reddit/comment/search/?ids=c9o9rei
2013-05-01,r/Military,My buddy has the same exact vanity plate for Virginia.,https://undelete.pullpush.io/r/Military/comments/1di0xs/_/c9ql5vj/,https://api.pullpush.io/reddit/comment/search/?ids=c9ql5vj
2013-05-13,r/todayilearned,And the Russians... sad face.,https://undelete.pullpush.io/r/todayilearned/comments/1e6qu2/_/c9xndbw/,https://api.pullpush.io/reddit/comment/search/?ids=c9xndbw
2013-05-13,r/todayilearned,"I can't agree with this more. If you carry a gun for a living, it is a must read (at least the first half, the second half is all about school shootings and videogames and gets tangential). I would also recommend MSG Paul Howes ""Leadership and Training for the Fight"". ",https://undelete.pullpush.io/r/todayilearned/comments/1e8r8x/_/c9y77yo/,https://api.pullpush.io/reddit/comment/search/?ids=c9y77yo
2013-05-14,r/todayilearned,"While I enjoyed On Killing, much of it relies on SLA Marshalls research, which is now known to be extremely flawed. More importantly, it focuses on one very small portion of combat, and one that in all honesty lots of people who engage in combat don't even experience. I honestly think lots of military and police have latched on to the book because is makes us feel ""harder"", preparing to kill, when in reality we need to be more honest with ourselves and prepare to fight. For that reason I always recommend ""On Combat"" first, along with MSG Howe's book. They are about preparing yourself mentally and physically for combat, killing (in my opinion) is a secondary experience. ",https://undelete.pullpush.io/r/todayilearned/comments/1e8r8x/_/c9y7v73/,https://api.pullpush.io/reddit/comment/search/?ids=c9y7v73
2013-05-14,r/pics,B-,https://undelete.pullpush.io/r/pics/comments/1e9d15/_/c9y8y0j/,https://api.pullpush.io/reddit/comment/search/?ids=c9y8y0j
2013-05-14,r/Military,God damn formation creep.,https://undelete.pullpush.io/r/Military/comments/1ebatj/_/c9yk6ef/,https://api.pullpush.io/reddit/comment/search/?ids=c9yk6ef
2013-05-15,r/Military,"The AUG, expecially Aussie one, really has some issues. I still find bullpups an answer to a question no one was asking in the real of a service rifle, but I'm glad to hear good words about this.",https://undelete.pullpush.io/r/Military/comments/1ee3xn/_/c9zchyg/,https://api.pullpush.io/reddit/comment/search/?ids=c9zchyg
2013-05-19,r/Military,Fucking scum. Its embarrassing we wore the same uniform.,https://undelete.pullpush.io/r/Military/comments/1em49w/_/ca1moah/,https://api.pullpush.io/reddit/comment/search/?ids=ca1moah
2013-05-19,r/Military,"It's the musical equivalent of ""butter butter jam"" (or die motherfucker die, depending).",https://undelete.pullpush.io/r/Military/comments/1ekke9/_/ca1r7tn/,https://api.pullpush.io/reddit/comment/search/?ids=ca1r7tn
2013-05-22,r/history,"Yeah? You been to war there bud? In my experience, fucked up dudes take advantage of fucked up situations to do fucked up things. The majority, who are decent men, do not. But hey, keep on buying into a reality that professional western soldiering has made obsolete. ",https://undelete.pullpush.io/r/history/comments/1esi8h/_/ca3kikb/,https://api.pullpush.io/reddit/comment/search/?ids=ca3kikb
2013-05-24,r/AdviceAnimals,"A the fuck men. As a fellow combat Marine buddy of mine says, ""I hate these goddamn pogues who remain aloof on the subject so people will think they are some kind of warlords with a dark past"". I also hate it when people ask the question, but in my experience the people who pull ""I don't want to talk about it"" are people who went to salsa night on Al-Asad.
",https://undelete.pullpush.io/r/AdviceAnimals/comments/1eye5t/_/ca57pa8/,https://api.pullpush.io/reddit/comment/search/?ids=ca57pa8
2013-05-30,r/HistoryPorn,"Pick up ""Blood and Honey"", a collection of Ron Haviv's photos from the Yugoslav conflict. Powerful stuff.",https://undelete.pullpush.io/r/HistoryPorn/comments/1fcf6g/_/ca8y4p0/,https://api.pullpush.io/reddit/comment/search/?ids=ca8y4p0
2013-05-31,r/todayilearned,"This is absolutely the truth, but it gets buried in all the emotion over the subject. I've been doing this for almost 10 years now, and the guys I know who have serious issues generally had serious issues beforehand. This is not to say that things like PTSD are not real, but they arren't as rampant as the narrative suggests.",https://undelete.pullpush.io/r/todayilearned/comments/1ff697/_/ca9qd1i/,https://api.pullpush.io/reddit/comment/search/?ids=ca9qd1i
2013-06-01,r/todayilearned,"I guess we had very different experiences, at least how how folks dealt with it. I know what working for 7 months straight with no time off in an extremely violent place is like, but anti-depressants were not used regularly within my unit. Today many guys have turned out fine, and those with extreme issues (suicide, criminal activity, etc) tended to be guys who came into the service with those issues, although the war certainly made it worse for some of them. ",https://undelete.pullpush.io/r/todayilearned/comments/1ff697/_/caa3zv0/,https://api.pullpush.io/reddit/comment/search/?ids=caa3zv0
2013-06-01,r/todayilearned,"And most are, folks with serious issues don't tend to re-enlist, and many get separated early for disciplinary issues.",https://undelete.pullpush.io/r/todayilearned/comments/1ff697/_/caa40uw/,https://api.pullpush.io/reddit/comment/search/?ids=caa40uw
2013-06-01,r/Military,This is why grunts hate pogues. This exact thing.,https://undelete.pullpush.io/r/Military/comments/1ffdo8/_/caa5c41/,https://api.pullpush.io/reddit/comment/search/?ids=caa5c41
2013-06-01,r/Military,"God damn it, we aren't talking about some bleary eyed grunts being turned down a hot meal after days humping the bush here. We're talking about fucking midrats on a monster FOB, if that going away so diminishes morale than our military is in deeper shit than we thought.",https://undelete.pullpush.io/r/Military/comments/1fh633/_/caa8sd1/,https://api.pullpush.io/reddit/comment/search/?ids=caa8sd1
2013-06-02,r/Military,"Are you kidding me? That ""sucks""? Eat an MRE, or whatever pogey bait you've got on hand from the PX. ""Sucks"" is MRE's for weeks, and that isn't even that bad because MRE's are pretty awesome these days. The metric of what ""sucks"" these days has been skewed heavily. Go read ""With the Old Breed"" by Sledge, or ""Matterhorn"" by Marlantes, or any of the myriad accounts detailing real suck, and then see how losing midrats matches up.",https://undelete.pullpush.io/r/Military/comments/1fh633/_/caaotjb/,https://api.pullpush.io/reddit/comment/search/?ids=caaotjb
2013-06-02,r/Military,"As a soldier or Marine (I don't know which one you are), you should always keep in perspective how rough you really have it. It is your duty to embrace hardship and challenge, not to blow minor inconveniences out of proportion. Keep that in mind.",https://undelete.pullpush.io/r/Military/comments/1fh633/_/caars69/,https://api.pullpush.io/reddit/comment/search/?ids=caars69
2013-06-10,r/Military,"As a Marine infantryman, in the upcoming years you will have more of a chance to see combat than if you were an Army grunt. Even in peacetime the Corps keeps units forward deployed at sea (google search ""MEU""), and at times those units see action, although rarely at the level of the past 12 years. And as an infantryman, you should live every day preparing and hoping for that moment when you get to go smash the enemies of your nation. If that isn't something you want to do, don't be a grunt.

0311 was all I wanted to be, but I scored well on the tests and became a 31. Best thing that could have happened to me. Rifle team leader my first tour, MG squad leader my second, and MG section leader for my third. I think being a weapons guy makes you a more well rounded leader and fighter, but that's just me. You'll be a basic rifleman anyways, and as in my case will possibly fill that role at some point, but being a weapons guy will give you some extra skills and training. 

However, if you are dead set on being a bullet sponge, purposefully bomb the written tests at ITB, the guys who scored well were all assigned weapons MOS's.",https://undelete.pullpush.io/r/Military/comments/1g09y6/_/cafzcoz/,https://api.pullpush.io/reddit/comment/search/?ids=cafzcoz
2013-06-11,r/Military,They will if Congress sacks up and forces them to. The perks of civilian control of the military.,https://undelete.pullpush.io/r/Military/comments/1g310b/_/cagfmxz/,https://api.pullpush.io/reddit/comment/search/?ids=cagfmxz
2013-06-11,r/Military,"Battalion commander had an obsession with speeding. He was constantly bitching about Marines driving too fast on patrol, and was always passing down directives to keep the speed down. This was 2005 outside of Fallujah, and IED's were pretty standard, so needless to say this was a generally ignored thing. So the old Lt. Col would go out with PSD and pull over patrols he felt were going to fast in order to personally enforce his silly rule.

About midway through the deployment, a Marine is seriously wounded in an attack, and is being transported to Camp Fallujah for treatment. The BC pulls over the patrol for speeding, and spends several minutes berating the patrol leader for violating his rules. The wounded Marine bleeds to death in the back of a HMMVW. 

I don't know one guy from my battalion who would piss on that motherfucker if he was on fire. It's one thing that even today makes me shake with rage. ",https://undelete.pullpush.io/r/Military/comments/1g4nf7/_/cagwrqp/,https://api.pullpush.io/reddit/comment/search/?ids=cagwrqp
2013-06-12,r/Military,"The battalion commander was personally yelling at them to pull over, although at the time they didn't know why. One can babble all day long about telling a Lt. Col. to get fucked, but reality is always a bit different. ",https://undelete.pullpush.io/r/Military/comments/1g4nf7/_/cahjcsr/,https://api.pullpush.io/reddit/comment/search/?ids=cahjcsr
2013-06-12,r/Military,"I had a company commander in 2005 who was everything a Marine infantry officer was supposed to be. Well read, reserved, could discuss the minutiae of the employment of every weapon system available to his company. I never once saw him raise his voice with a subordinate, and this level of calm and patience carried over to his actions with the Iraqis. But when it came time to brawl, the man was as cold and calculated a killer as you could want, and didn't shirk from applying extreme violence. He was just extremely patient about when those times were.

I'll never forget being a young LCPL sitting in the back of a truck with him as we drove to a suspected IED site with an informant who had come in off the street. The CO looks the guy right in the eye and quietly says ""I appreciate you coming in, but if we get ambushed out here I'm going to shoot you myself."" There was no ambush, and we did in fact find IED materials, but my young LCPL self thought that was the bees knees. ",https://undelete.pullpush.io/r/Military/comments/1g70l1/_/cahla4n/,https://api.pullpush.io/reddit/comment/search/?ids=cahla4n
2013-06-12,r/Military,"He was also a mustang, and a former 0331. ",https://undelete.pullpush.io/r/Military/comments/1g70l1/_/cahm2m5/,https://api.pullpush.io/reddit/comment/search/?ids=cahm2m5
2013-06-13,r/Military,Go to the Ranger regiment. Period.,https://undelete.pullpush.io/r/Military/comments/1g4zud/_/cai3vom/,https://api.pullpush.io/reddit/comment/search/?ids=cai3vom
2013-06-16,r/AskReddit,"""Don't waste your money on pot. Your stoner friends will gladly share. If you do hard drugs, I'll kill you"". -Dad",https://undelete.pullpush.io/r/AskReddit/comments/1ggaq2/_/cak23ix/,https://api.pullpush.io/reddit/comment/search/?ids=cak23ix
2013-06-27,r/syriancivilwar,"Short answer is yes. Long answer is that the rebels we are trying to get arms into the hands of will hopefully kill these guys long before things calm down enough to start civilized things like prosecutions. Anyone who believes the US intelligence/military community doesn't have a hard on for killing the guys we've been fighting for the past 12 years is living in a dream world. ""Killling hardcore jihadists"" is the first thing on the list of daily goals for our intel/mil people, and this hasn't been forgotten just because Assad is killing civilians. The reason it's taken so long to arm and train rebels fighters is because our folks wanted to make damn sure they weren't the crazies, and the hope is IF Assad falls, enough weapons will be in the hands of enough well trained secular fighters to murder nutjobs like the ones in the videos. I realize everyone seems to think the arming of the rebels is a repeat of the CIA's embrace of fundamentalist Muslim groups fighting the Russians in Afghanistan, but that is frankly a very outdated and naive outlook. To think we have forgotten the past 12 years, and the brutality of our opponents, if laughable. So if the rebels win, and fanatics like the ones in the video survive the fighting after, yes, the US will support their prosecution. Hopefully they'll be killed with US supplied arms used by a US trained secular rebel before that day comes.",https://undelete.pullpush.io/r/syriancivilwar/comments/1h4qp3/_/car4mt1/,https://api.pullpush.io/reddit/comment/search/?ids=car4mt1
2013-06-27,r/syriancivilwar,"Oh, I don't believe killing hardened jihadists is the strategic goal of funneling arms, more like a perk. It most certainly is a proxy war with Iran and Hizballah, backed by the Russians, but that doesn't mean we're  satisfied with arming Sunni extremists.  If we were, we would have started handing out weapons a while ago. The point of my post was to question the generally held belief (alluded to in OP's question) that the US will be happily supporting the same guys we've been fighting for the last 12 years. You seem to believe that, but I think it's misguided. Will some arms fall into extremist Sunni groups? Sure thing, but they won't be handed over purposefully. We're just going to have to disagree on the existence of secular fighters. I would argue they are a minority these days because of where the arms have been coming from so far (Sunni regimes), but in reading the article cited below by Qartar, it's clear plenty of Syrians are quite displeased with living under the crazies. That's a recruiting pool, they just needs guns and training. From a realpolitik perspective, we then have a force that is fighting the Shiite bloc and who we can rely on the fight the Sunni extremists if that day comes. ",https://undelete.pullpush.io/r/syriancivilwar/comments/1h4qp3/_/carf9sw/,https://api.pullpush.io/reddit/comment/search/?ids=carf9sw
2013-06-28,r/Military,"Don't hate being the one to say something that needs to be said. The book is just war-porn chest thumping garbage that's been latched on to by a segment of the population (and military) because it fits their preconceived ideas about war and ROE's (mainly that the latter are stupid). It was a poorly planned and executed operation, and sadly those dudes suffered the consequences. Any good recon man should look at the AAR's and see failure from the beginning, especially in the obviously half assed planning process. 

As to running into civvies on the battlefield when conducting SR, accept you are now compromised, smile, wave, and get the fuck out of there. When I would take small teams into the hills in Afghan, the portion of the order where we discussed compromise by civilians was summed up with ""Do the opposite of the Lone Survivor bullshit"". As a recon team, you fight only when cornered, and run like hell if you aren't. The results of the opposite are quite apparent in this case.",https://undelete.pullpush.io/r/Military/comments/1h92cl/_/cas73yw/,https://api.pullpush.io/reddit/comment/search/?ids=cas73yw
2013-06-28,r/Military,"The Army needs to accept the Marine Corps way of doing things when it comes to downsizing. The Corps currently has 7 infantry regiments (1,2,3,5,6,7,8), with battalions from 4th and 9th Marines being split between the regimental commands. 4th Marines has no regimental command because the regimental colors were burned and the regiment dissolved when the Phillippines were lost, this is the Corps only somewhat absurd historical deviation from an otherwise pragmatic force structure. 

With the upcoming downsizing, the first battalions to go will be the ones from 9th Marines, and I have heard talk of 8th Marine regiment being done away with, with the battalions then attached to the other east coast infantry regimental commands. If more downsizing comes, it will continue on down the numerical order. If another war kicks off and the force needs to be expanded, back comes 8th and 9th Marines. 

Is it sad? Sure. I'm a former 8th Marines guy, I'd hate to see the regiment go away. But it's pragmatic, and the Army should learn to look at it's force structure in a similar manner. In the end, they are just numbers. ",https://undelete.pullpush.io/r/Military/comments/1h8ydl/_/cas84vv/,https://api.pullpush.io/reddit/comment/search/?ids=cas84vv
2013-06-28,r/Military,"No, as regimental numbers and unit designators in the Army are so absurd currently, and have nothing to do with the capabilities of the unit. The fact, for instance, there is a 1st Battalion 113th Cavalry regiment (a NG unit out of Iowa), but no 113th Cavalry Regiment, or 2nd or 3rd Battalions, but there is a 1-158 Cavalry (a Maryland NG unit, but again no 2-158, or 3-158) illustrates the absurdity of the numerical designations. If I was Secretary of War, then I'd force the Army to adopt a less ridiculous structure.

However, since that isn't the world we live in, the point of my post was to say that the Army should simply be a little less emotional about unit names, and do away with them or bring them back as pragmatically needed.",https://undelete.pullpush.io/r/Military/comments/1h8ydl/_/cas9xnk/,https://api.pullpush.io/reddit/comment/search/?ids=cas9xnk
2013-06-29,r/Military,"No worries. And when I say ""the Army"", I mean the force as a whole, not just command vs individuals. Honestly, if the Army (at least combat arms branches) could develop an esprit d corps similar to the Marine Corps, this kind of issue would be moot. Without holding much loyalty to a greater group, Army loyalty resides in smaller units. Not necessarily a bad thing, but when the day comes to bite the bullet on downsizing it can bring a hell of a lot of drama that isn't necessary. No one can say Marines are lacking in absurd loyalty, but when 8th Marines goes away I'll bet 20 bucks it won't come with nearly as much bitching.",https://undelete.pullpush.io/r/Military/comments/1h8ydl/_/casj1jg/,https://api.pullpush.io/reddit/comment/search/?ids=casj1jg
2013-07-01,r/pics,Dans Cafe is the best damn bar in DC. Have an upvote.,https://undelete.pullpush.io/r/pics/comments/1hfh21/_/catvwla/,https://api.pullpush.io/reddit/comment/search/?ids=catvwla
2013-07-04,r/Military,"You read that wrong. 6 have tried so far, 1 passed and was dropped the following week. So.....no, they do not.",https://undelete.pullpush.io/r/Military/comments/1hlx61/_/cavpoc1/,https://api.pullpush.io/reddit/comment/search/?ids=cavpoc1
2013-07-13,r/AdrenalinePorn,"They tend to leap over the first 3-4 rows of people, but the land on the back rows because people stack about 10 deep. Strangely enough, this part of the festival rarely results in serious injury. I was in the first row back in 2008, watching the steer sprint toward you and then leap at the last second is quite the rush.",https://undelete.pullpush.io/r/AdrenalinePorn/comments/1i6wp1/_/cb1udbm/,https://api.pullpush.io/reddit/comment/search/?ids=cb1udbm
2013-07-17,r/Military,"Fucking took long enough...that's not a hit on Hagel, but on 40 years of careerist bullshit that even after the recent unpleasantness has many officers focused on ROAD, and not on fighting wars.",https://undelete.pullpush.io/r/Military/comments/1ifrgu/_/cb498rm/,https://api.pullpush.io/reddit/comment/search/?ids=cb498rm
2013-07-17,r/Military,"Out of curiosity, what would you say to the many Marines and Soldiers who took trophies and desecrated bodies while fighting the Japanese? I find the urinating on bodies as a poor choice, but only because of the current state of media affairs. It's amusing that today killing a man isn't worthy of comment, but god forbid you display dominance. Only 50 years ago, and for the rest of the history of warfare, this stuff was pretty standard.",https://undelete.pullpush.io/r/Military/comments/1iggs4/_/cb49f4q/,https://api.pullpush.io/reddit/comment/search/?ids=cb49f4q
2013-07-17,r/Military,"As a Marine, Marines are indeed soldiers. Just do a quick Websters search. They aren't ""Soldiers"" in the Army sense, but I think as adults we can do away with the absurdity of pride here when it comes to definitions.
",https://undelete.pullpush.io/r/Military/comments/1iggs4/_/cb49iab/,https://api.pullpush.io/reddit/comment/search/?ids=cb49iab
2013-07-17,r/Military,"Not to be a dick, but have you read one account of warfare prior to 1900? Look up the Taiping rebellion, it just happened to be the most devastating war until WWII. Hell, even look up the activities of western troops on the march to Peking in 1860, if you want to blame it on untrained irregulars.",https://undelete.pullpush.io/r/Military/comments/1iggs4/_/cb4alal/,https://api.pullpush.io/reddit/comment/search/?ids=cb4alal
2013-07-17,r/Military,"Of course I'm going to argue semantics, since a soldier is  ""a : one engaged in military service and especially in the army
b : an enlisted man or woman
c : a skilled warrior""

The Marine Corps might be a modern fighting force steeped in tradition, but as definitions go Marines are indeed soldiers. Unless you think we'll complain about being called ""skilled warriors"".",https://undelete.pullpush.io/r/Military/comments/1iggs4/_/cb4anre/,https://api.pullpush.io/reddit/comment/search/?ids=cb4anre
2013-07-17,r/Military,"You immediately ignored my question about US troops in the Pacific, then commented that no policy has ever encouraged it. I simply provided you with an example in western warfare, within the past 150 years, where it has. If you think the Taiping rebellion was simply Chinese, rely on more research that Wikipedia. Outside of that, I'd just simply so go read ""With the Old Breed at Peleileu and Okinawa"" by Sledge and see where US Marines stood on fucking with enemy dead. For thousands of years, this kind of activity has been standard in warfare, and my example of western troop activity in China mid 19th century was just one example. If you want more, just ask.",https://undelete.pullpush.io/r/Military/comments/1iggs4/_/cb4axns/,https://api.pullpush.io/reddit/comment/search/?ids=cb4axns
2013-07-25,r/history,"Working with both the regular French Army and the Legion was the highlight of my Afghan tour. Very professional, very fit, very aggressive. In one fight I advanced my squad up one side of a  narrow valley while a Legion squad advanced on the other, and while we had no direct comms because of technical issues I felt comfortable moving forward knowing that, as Legionnaires, they would also continue with the assault. I knew my flank was covered, and was happy to finally establish line of sight contact with them after a roughly 500m advance under sporadic fire. Once we established that, our elements serviced targets and maneuvered in support of each other without pause. To be entirely honest, I would not have been as comfortable keeping up the assault without comms with many American units, but my previous experience with the Legionnaires left me with no doubt that they would be as enthusiastic about getting into the fight as I was. After that day, and a few others, I hold nothing but the utmost respect for the French fighting spirit. ",https://undelete.pullpush.io/r/history/comments/1izmj8/_/cb9tc3m/,https://api.pullpush.io/reddit/comment/search/?ids=cb9tc3m
2013-07-25,r/history,"The guys we worked with were an OMLT (Operational Mentorship Liaison Team). Technically speaking they were attached to the Afghan National Army unit in our AO, and were tasked with training/mentorship. Because of this role all were NCO's and officers with generally 10+ years in the Legion, and they made it clear to me that they were not indicative of the Legion as a whole. Much of the Legion is on its first 5 year enlistment, and not many of those guys drink the kool aid and stick around. It definitely sounds like a hard life, little freedom, not a hell of a lot of good training by our standards, and lots of guys who are there to send money home to their families in the home countries, not necessarily fight. I know the Legion has one of the highest desertion rates in the west (not something a professional service would want to brag about.) 
The Legion NCO's I was with made sure I was aware of these issues, but that aside I could not help but be impressed with their professionalism. That said, most of them had years of service in their home countries armies before the Legion and clearly has embraced soldiering as a lifestyle and profession. ",https://undelete.pullpush.io/r/history/comments/1izmj8/_/cba18qa/,https://api.pullpush.io/reddit/comment/search/?ids=cba18qa
2013-07-25,r/history,"Also, funny story about the regular French Army. In the company I had the most experience with using explosives, so when a French engineer (Sapper?) approached our CO to ask if he could have a quick class on US ordnance (in case he ever needed to use it), I was told to lend a hand. We went over shock tube, time fuse, crimping detonators, nothing advanced, just a show and tell really. At the end I asked him if it had been helpful and he tells me (in a heavy French accent) 

""Yes, very! We do not have much money in the French Army, so my officers told me to steal as much explosives from the Americans as I could, and so I needed to learn how to use them!""

For his honesty he walked away with 2 rolls of shock tube, some det cord and a few blocks of C4. We had a great working relationship after that.",https://undelete.pullpush.io/r/history/comments/1izmj8/_/cba1kv9/,https://api.pullpush.io/reddit/comment/search/?ids=cba1kv9
2013-07-25,r/funny,Ha! Good joke.,https://undelete.pullpush.io/r/funny/comments/1j0ujp/_/cbaab79/,https://api.pullpush.io/reddit/comment/search/?ids=cbaab79
2013-07-26,r/CombatFootage,"What a god damn waste of ammunition. If these guys zeroed their rifles, used aimed semi-auto fire, and actually utilized the bipods on their MG's, they'd shoot a hell of a lot less and probably kill a hell of a lot more. Amateurs make my blood boil.",https://undelete.pullpush.io/r/CombatFootage/comments/1j41qo/_/cbaxloz/,https://api.pullpush.io/reddit/comment/search/?ids=cbaxloz
2013-07-27,r/CombatFootage,"Don't get me wrong, from a political point of view I am more than happy to see them suck. But from a professional standpoint, watching a dude fire a PKM with perfectly functional bipod do some weird half kneeling hip shooting business is just infuriating. It ain't rocket science.",https://undelete.pullpush.io/r/CombatFootage/comments/1j41qo/_/cbb9ygh/,https://api.pullpush.io/reddit/comment/search/?ids=cbb9ygh
2013-08-01,r/Military,"I upvoted you in the other thread, and I'll do it again here. Thanks for adding sanity to the idiotic jerk off festival surrounding this thing.

ETA: More bitching.

Alright ladies and gents, before we start to jerk each other off over the Lone Survivor movie, let's clarify a thing or three:

1. Luttrell didn't write the damn book, it was ghost written by a limey, and is war porn at its worst. Hell, most of the BUD/S scenes are taken almost verbatim from Dick Couch's book. (Which is worth the read, along with ""Chosen Soldier"" and ""Sua Sponte"")

2. Most guys love this book because it confirms their shallow views on ROE's, mainly that they are ""stupid"". They fucking aren't, and we only have them because dumbass motherfuckers think we'd be better off killing civilians and can't act enough like professionals to be trusted. Well, shitty news gents, we happen to be the good guys. You want to smoke check civvies on purpose, I'm pretty certain the other side is hiring.

3. This whole hurricane of shit happened because of a planning process fucked seven ways from Sunday. Insertion was garbage (rotary wing within hearing distance of the target? WTF?), commo was a mess (no redundancy), and nobody discussed actions upon contact with civilians on the battlefield (which is LITERALLY part of the orders process. FUCK.) Hell, the only reason these dudes were out there was because the Marine unit needed access to air, and without SOF elements they didn't have it. Lots of dick swinging put those four guys on a hillside they didn't belong.

4. If you are a recon team, and you bump into unplanned civilians on todays battlefield.....YOU RUN THE FUCK AWAY. Not stop to chat, not zip tie people, not have existential discussions about morality and warfare. You run. Like bitches. Unless you bump into 4-6 poorly equipped and trained assholes, and then you simply kill them. But if you go humping your silly ass up some fucking mountain close to a village you know damn well to house piles of smelly bearded fuckers with AK's, when Ahmed the goat herder finds you it's with a smiling face, a Hooah Bar, and a 2 mile run time for the record books. 

5. Last, but not least. Those SEAL's perished on a mountainside after a fight for the ages because of poor preparation. We honor them not by jerking each other off about how awesome that is, but by criticizing ourselves and our methods to do our best next time. Men die in war, but these men died because mistakes in planning put them somewhere they shouldn't have been. We should remember them as the hard fighters they were, and honor them by being honest about why they happened to be in the situation they were in. Not turn tactical mistakes into glorified war porn.

Rant the fuck off.",https://undelete.pullpush.io/r/Military/comments/1jg6dl/_/cbekg1q/,https://api.pullpush.io/reddit/comment/search/?ids=cbekg1q
2013-08-01,r/Military,"To be honest, I'm ok if society remembers them in such glorious ways. Civilians know shit about war, and I'm all for that staying the way it is. Truth is, for the national good sometimes we need a society that doesnt understand combat for us to achieve our goals.

But as a military, I have no such leniency. Civilians can be as dumb fuck retarded as they want, but WE have a duty to be brutally honest. Aussies can be proud of ANZAC day, the Australian Army should spend generations asking how to avoid that bullshit. Americans can be uber proud of 1st MARDIV at Chosin (and fucking should be, btw), but Army and Marine leaders should criticize the hell out of Almond and his affection for intelligence that simply confirmed Macarthurs stance on Chinese involvement. 

I want civilians to think our ability to fight is unmatched, but I also want us to be brutal in our internal criticism. ",https://undelete.pullpush.io/r/Military/comments/1jg6dl/_/cbema2g/,https://api.pullpush.io/reddit/comment/search/?ids=cbema2g
2013-08-01,r/Military,"I didn't know about the Soviet experience, thanks for that. I would say, however, that outside of SOF elements we still can't make honest assessments of our failures. Much of the the US military truly believes it is the ""worlds finest fighting force"", despite the fact it just spent 12 years inconclusively fighting two prohibitively costly wars against guys whose main method of transport is flip flops. ",https://undelete.pullpush.io/r/Military/comments/1jg6dl/_/cbemihw/,https://api.pullpush.io/reddit/comment/search/?ids=cbemihw
2013-08-01,r/Military,"Respect for the men who took the mission, yes. Respect for the bureaucracy that put them there, and the shit planning process that failed them: Not fucking ever.",https://undelete.pullpush.io/r/Military/comments/1jg6dl/_/cbemqrv/,https://api.pullpush.io/reddit/comment/search/?ids=cbemqrv
2013-08-01,r/Military,"Haha, yes, at times.",https://undelete.pullpush.io/r/Military/comments/1jg6dl/_/cbenb85/,https://api.pullpush.io/reddit/comment/search/?ids=cbenb85
2013-08-01,r/Military,"He was indeed. That won't keep me from remaining critical, do you think it should?",https://undelete.pullpush.io/r/Military/comments/1jg6dl/_/cbenbp8/,https://api.pullpush.io/reddit/comment/search/?ids=cbenbp8
2013-08-01,r/Military,"It's got a place for DA raids, but not for inserting a 4 man lightly armed recon team. Then the purpose is to not get caught, and inserting via rotary wing within a mile of the objective doesn't help with that.",https://undelete.pullpush.io/r/Military/comments/1jg6dl/_/cbesg5f/,https://api.pullpush.io/reddit/comment/search/?ids=cbesg5f
2013-08-11,r/Military,Stay Hard Motherfuckers.,https://undelete.pullpush.io/r/Military/comments/1k31nb/_/cbldyc9/,https://api.pullpush.io/reddit/comment/search/?ids=cbldyc9
2013-08-11,r/AskReddit,Enthusiasm.,https://undelete.pullpush.io/r/AskReddit/comments/1k4j2t/_/cbleeci/,https://api.pullpush.io/reddit/comment/search/?ids=cbleeci
2013-08-17,r/Military,ITT: People who never went to MCRD.,https://undelete.pullpush.io/r/Military/comments/1kigkc/_/cbpksjp/,https://api.pullpush.io/reddit/comment/search/?ids=cbpksjp
2013-08-29,r/AskReddit,"Why don't black people tip? I work as a bartender and it always amazes me how solid this stereotype is. Every now and again a black patron will leave a 15-20% tip, but usually it between 0-5%. There's got to be a reason behind it, what is it?",https://undelete.pullpush.io/r/AskReddit/comments/1las23/_/cbxnvan/,https://api.pullpush.io/reddit/comment/search/?ids=cbxnvan
2013-09-08,r/Military,You took a cool guy picture without barrels on your 240's....the 0331 in me is flipping out.,https://undelete.pullpush.io/r/Military/comments/1lymmq/_/cc4b2uy/,https://api.pullpush.io/reddit/comment/search/?ids=cc4b2uy
2013-09-12,r/todayilearned,"Upvote for having Moxie in your username. Fuckin' Mainahs dude.
",https://undelete.pullpush.io/r/todayilearned/comments/1m8nyg/_/cc6zm4t/,https://api.pullpush.io/reddit/comment/search/?ids=cc6zm4t
2013-09-19,r/worldnews,"There are times in this world when, for the good of tolerance and humanity, you need to kill a motherfucker. Sadly most people who are true believers in tolerance and humanity find that activity repulsive. Which I suppose is morally good, but pragmatically a shortfall.",https://undelete.pullpush.io/r/worldnews/comments/1mnss9/_/ccbbiac/,https://api.pullpush.io/reddit/comment/search/?ids=ccbbiac
2013-09-19,r/Military,"PFC Mitchell needs to ditch that airsoft quality Condor PC and get himself something reliable, like and Eagle or Mayflower rig. Even the miserable KDH PC's are better made than that cheap ass Asian fan boy shit.",https://undelete.pullpush.io/r/Military/comments/1mopiw/_/ccbbked/,https://api.pullpush.io/reddit/comment/search/?ids=ccbbked
2013-09-19,r/Military,"By you we mean the A-10.....ya'll can keep the fast mover stuff, I want low and slow CAS built around the ultimate MG.",https://undelete.pullpush.io/r/Military/comments/1mnddh/_/ccbblem/,https://api.pullpush.io/reddit/comment/search/?ids=ccbblem
2013-09-20,r/Military,"Because some folks think wearing OTS stuff automatically is better than issue gear. Which is true, with good kit, but not that Chinese knockoff garbage.",https://undelete.pullpush.io/r/Military/comments/1mopiw/_/ccbu4bc/,https://api.pullpush.io/reddit/comment/search/?ids=ccbu4bc
2013-09-20,r/Military,"That's a shame, I wore a DBT carrier in Afghan for a while, before getting a Mayflower APC. It was a very nice carrier, just a little on the heavy side for me.",https://undelete.pullpush.io/r/Military/comments/1mopiw/_/ccbu50a/,https://api.pullpush.io/reddit/comment/search/?ids=ccbu50a
2013-09-21,r/Military,The world can be an interesting place.,https://undelete.pullpush.io/r/Military/comments/1msh1m/_/cccgpco/,https://api.pullpush.io/reddit/comment/search/?ids=cccgpco
2013-09-22,r/Military,"This thread is full of people who clearly have never spent any time around drunk Marines in their blues. Guy might be a douche, but I don't see much wrong with the ""Dress Blue Alphas, liberty edition"" he's rocking.",https://undelete.pullpush.io/r/Military/comments/1mvxq2/_/ccdcf39/,https://api.pullpush.io/reddit/comment/search/?ids=ccdcf39
2013-09-30,r/Military,"A shame, Gurganus was 8th Reg CO when I was in 3/8, he was a solid Marine officer. Truth is, if you have dudes who are willing to die for the mission it's pretty damn hard to make any large FOB attack proof, especially when incidents like this happen so infrequently.",https://undelete.pullpush.io/r/Military/comments/1ngtg0/_/cciha19/,https://api.pullpush.io/reddit/comment/search/?ids=cciha19
2013-09-30,r/Military,"It most certainly is a ""ultimate responsibility"" issue, its just sad to see a good Marine officers career end over something like this. Although I suppose it's better than the usual sex scandal.",https://undelete.pullpush.io/r/Military/comments/1ngtg0/_/ccihkru/,https://api.pullpush.io/reddit/comment/search/?ids=ccihkru
2013-10-04,r/AskReddit,God bless you.,https://undelete.pullpush.io/r/AskReddit/comments/1nptj2/_/ccl60td/,https://api.pullpush.io/reddit/comment/search/?ids=ccl60td
2013-10-04,r/Military,"As a 31, Basilone is a god. Not for the cool guy shit of shooting Japs with pistols or bashing them with Brownings (although awesome), but for keeping a machinegun section in action for almost 72 continuous hours, cannibalizing broken guns to keep others operational, displacing guns for better fields of fire, and keeping guns supplied with ammunition and lubrication while also controlling rates of fire IOT mitigate overheating. If you have ever run a MG section or squad in combat or high intensity training like Range 400, you know how much of a pain in the dick this is over a few hours, let alone a few days. Machinegunnery and leadership at its finest.",https://undelete.pullpush.io/r/Military/comments/1npn7m/_/ccl6hdf/,https://api.pullpush.io/reddit/comment/search/?ids=ccl6hdf
2013-10-08,r/Military,"NOOO!! AUSSIES, DON'T COPY OUR FUCK UPS!",https://undelete.pullpush.io/r/Military/comments/1nz73w/_/ccnkqfa/,https://api.pullpush.io/reddit/comment/search/?ids=ccnkqfa
2013-10-09,r/CombatFootage,"T&amp;E, T&amp;E, T&amp;E! Why units think free gunning a MK19 at ranges beyond 100m is beyond me. The bolt alone damn nears weighs what a SAW does, that is a lot of mass getting tossed back and forth, which throws your shot pattern all over the place. And despite what people seem to think, HEDP isn't the most effective killer out there, so you need to get solid hits in order to kill. Accurate suppression suppresses better than inaccurate suppression. So if you're a leader who at some point is in charge of vehicle mounted MK19s, scrounge up so T&amp;E's, and get your kids practicing with them.",https://undelete.pullpush.io/r/CombatFootage/comments/1o0u2r/_/cco6jcb/,https://api.pullpush.io/reddit/comment/search/?ids=cco6jcb
2013-10-09,r/CombatFootage,"Traversing and Elevation mechanism, connects the traversing bar of the MK175 mount to the MK64 or MK93 gun cradle. Allows for control of (you guessed it) traversing and elevation, with every click equalling a mil. Most important, it allows the gun to be locked down, and in the case of .50 cals and MK19s adds a significant advantage in accuracy even at medium ranges (think average engagement distances of 3-600m). Sadly, within the Army it is an oft ignored device, an outcome of 30 years worth of ignoring machinegunnery as a skillset. As a former Marine 0331 turned Army infantry squad leader, it's a topic of soreness for me.",https://undelete.pullpush.io/r/CombatFootage/comments/1o0u2r/_/ccofeco/,https://api.pullpush.io/reddit/comment/search/?ids=ccofeco
2013-10-09,r/CombatFootage,"T&amp;E's have a pretty wide range of elevation, certainly within the realm this kid was shooting at. If, for whatever reason (high/close hillsides, city streets) you cannot elevate enough, it also has a nifty little latch that allows you to just detach from the traversing bar and free gun. It is nothing but an enabler, and is only frowned upon by those who really know very little about how their weapon systems should be properly employed. ",https://undelete.pullpush.io/r/CombatFootage/comments/1o0u2r/_/ccofvdi/,https://api.pullpush.io/reddit/comment/search/?ids=ccofvdi
2013-10-09,r/CombatFootage,"Generally any adjustment under 2 mils is seen as unneccessary, since the beaten zone itself will be larger, and you are shooting HE. The T&amp;E was designed for all light/medium/heavy MG's however, so it's just a part of the system itself. ",https://undelete.pullpush.io/r/CombatFootage/comments/1o0u2r/_/ccofz64/,https://api.pullpush.io/reddit/comment/search/?ids=ccofz64
2013-10-09,r/CombatFootage,"Keep in mind the device was also designed for using MG's as indirect fire weapons, with forward observers directed fire. In the case of a .30 cal or .50 cal Browning on a tripod, locked down and engaging unseen targets at possible over 2000m, those minor adjustments could have a necessity.",https://undelete.pullpush.io/r/CombatFootage/comments/1o0u2r/_/ccog94t/,https://api.pullpush.io/reddit/comment/search/?ids=ccog94t
2013-10-10,r/AdviceAnimals,"Really depends on the job you sign up for. There are plenty of folks in the US military who haven't deployed, and even more who have deployed but never saw a seconds worth of action. ",https://undelete.pullpush.io/r/AdviceAnimals/comments/1o5yxs/_/ccp4xp5/,https://api.pullpush.io/reddit/comment/search/?ids=ccp4xp5
2013-10-11,r/AdviceAnimals,"You and me both dude, although I had a pretty good time of it. ",https://undelete.pullpush.io/r/AdviceAnimals/comments/1o5yxs/_/ccp9cj3/,https://api.pullpush.io/reddit/comment/search/?ids=ccp9cj3
2013-10-11,r/AdviceAnimals,Jesse Ventura is quite full of shit when it comes to his military service.,https://undelete.pullpush.io/r/AdviceAnimals/comments/1o5yxs/_/ccp9pho/,https://api.pullpush.io/reddit/comment/search/?ids=ccp9pho
2013-10-11,r/AdviceAnimals,"Short answer: No. Long answer, if you do a shitload of research you very well may find some obscure MOS that has 90% of it's dudes sitting in Oki jerking off.",https://undelete.pullpush.io/r/AdviceAnimals/comments/1o5yxs/_/ccpbwa5/,https://api.pullpush.io/reddit/comment/search/?ids=ccpbwa5
2013-10-11,r/AdviceAnimals,"I don't wish I hadn't in the least. It's kind of a right of station for infantrymen to bitch about how shitty being a grunt is, but the truth is I had a pretty good idea of what was coming, and wanted to go to war as an infantryman. Which I did, and I enjoyed it immensely. The Marine infantry can be petty, absurd, frustrating, and immensely stifling, some days I really felt trapped in a world where I was working for morons. But in combat, all that can fade away. I joined up for an experience, and found a career, I have no regrets.",https://undelete.pullpush.io/r/AdviceAnimals/comments/1o5yxs/_/ccpc0nd/,https://api.pullpush.io/reddit/comment/search/?ids=ccpc0nd
2013-10-11,r/AdviceAnimals,Military Occupational Specialty.,https://undelete.pullpush.io/r/AdviceAnimals/comments/1o5yxs/_/ccpc5yu/,https://api.pullpush.io/reddit/comment/search/?ids=ccpc5yu
2013-10-11,r/AdviceAnimals,"An MOS may not preclude you from deployment, but it can most certainly preclude you from ever seeing any actual risk. And extremely random IDF on BAF or KAF doesn't remotely count.",https://undelete.pullpush.io/r/AdviceAnimals/comments/1o5yxs/_/ccpe3z2/,https://api.pullpush.io/reddit/comment/search/?ids=ccpe3z2
2013-10-21,r/Military,"Run, ruck, don't be a pussy. If you're asking the internet, you probably should work harder.

ETA: Score well on the APFT, know how to climb a rope, have a solid 6 mile 45 lbs ruck time (75 minutes and under is a good standard), and a 5 mile run below 40 minutes. I found intense run/swim work for around 2 hours 2-3 times a week with linear progression rucking insterspersed extremely successful. In the end, the assumed rucking and running is what matters most, so just get it done.",https://undelete.pullpush.io/r/Military/comments/1osae1/_/ccw5u25/,https://api.pullpush.io/reddit/comment/search/?ids=ccw5u25
2013-10-21,r/Military,"There is a plethora of information on this topic already available, all it takes is a minor amount of energy to do the research. (Go browse Professional Soldiers, although I'd assume you are already aware of that forum). I'm of the opinion that asking questions you yourself can go find the answers to is slightly lazy, but that's just me. Good luck on the tryouts.",https://undelete.pullpush.io/r/Military/comments/1osae1/_/ccwjv0p/,https://api.pullpush.io/reddit/comment/search/?ids=ccwjv0p
2013-10-23,r/videos,"You, Sir, sound like an awesomely masculine gay dude I would love to pound beers and clean guns with. Which is a hell of a lot more than I can say for most straight guys.",https://undelete.pullpush.io/r/videos/comments/1p16ib/_/ccxqi8i/,https://api.pullpush.io/reddit/comment/search/?ids=ccxqi8i
2013-10-27,r/videos,Well somebody never fought in Iraq. ,https://undelete.pullpush.io/r/videos/comments/1pa474/_/cd0iriq/,https://api.pullpush.io/reddit/comment/search/?ids=cd0iriq
2013-10-30,r/Military,"Generally, yes. Most bodies we recovered were picked up by family members/tribal reps  after being processed. However, in some fights we were unable to recover EKIA, and they are left on the field where I assume they were picked up by their people. It really depends on the manner of the killing, if it's during a raid we generally control the space, and therefore the bodies, post combat. In more conventional small unit fights in open terrain that's not as likely.",https://undelete.pullpush.io/r/Military/comments/1pi5zn/_/cd2odox/,https://api.pullpush.io/reddit/comment/search/?ids=cd2odox
2013-10-30,r/Military,"Well, Marines and Soldiers in the Pacific desecrated Japanese bodies regularly, does that mean they were in the wrong? Actions taken in combat do not reflect the overall ""rightness"" of a cause, because frankly actions taken in combat are morally reprehensible, period. Your job is to efficiently and brutally murder other human beings, and to sap their will to fight.",https://undelete.pullpush.io/r/Military/comments/1pi5zn/_/cd31rbz/,https://api.pullpush.io/reddit/comment/search/?ids=cd31rbz
2013-10-30,r/Military,"Well, Marines and Soldiers in the Pacific desecrated Japanese bodies regularly, does that mean they were in the wrong? Actions taken in combat do not reflect the overall ""rightness"" of a cause, because frankly actions taken in combat are morally reprehensible, period. Your job is to efficiently and brutally murder other human beings, and to sap their will to fight.",https://undelete.pullpush.io/r/Military/comments/1pi5zn/_/cd31rbz/,https://api.pullpush.io/reddit/comment/search/?ids=cd31rbz
2013-11-03,r/videos,"Holy fuck, how about people just take some responsibility for themselves and not get so fucked up they wind up having sex with someone they don't mean to? Men and women, you make a choice to consume enough of a substance to lose your self control. So if you don't want to be in a comprising situation, act like an adult for fucks sake.

Rape is a real thing, if you're so worried about it to buy Kevlar underwear you'd think you might not get blacked out fucked up around people you aren't comfortable with.",https://undelete.pullpush.io/r/videos/comments/1ps2g2/_/cd5nr45/,https://api.pullpush.io/reddit/comment/search/?ids=cd5nr45
2013-11-27,r/CombatFootage,Madsen from the offhand. I love this video.,https://undelete.pullpush.io/r/CombatFootage/comments/1rldxi/_/cdogo9g/,https://api.pullpush.io/reddit/comment/search/?ids=cdogo9g
2013-12-01,r/Military,"""We train young men to drop fire on people but won't let them write 'fuck' on their planes because it's obscene."" -Col. Kurtz",https://undelete.pullpush.io/r/Military/comments/1rsa6e/_/cdqmgfa/,https://api.pullpush.io/reddit/comment/search/?ids=cdqmgfa
2013-12-08,r/Military,Has fucking nobody every heard of the IG? Nobody? Ever? Thought so.,https://undelete.pullpush.io/r/Military/comments/1sc770/_/cdw6ram/,https://api.pullpush.io/reddit/comment/search/?ids=cdw6ram
2013-12-08,r/Military,"As I once explained to a Motor T NCO I had become good friends with while on float, my kids might not be gods of war, but they think they are. That's what counts. I believed it as a 19 year old, and it's what drove me to live up to it as best I could. When the chips are down and kids are rushing machine guns and tossing hand grenades, that ""circle jerk"" is what wins fights.",https://undelete.pullpush.io/r/Military/comments/1sbrg9/_/cdw72yx/,https://api.pullpush.io/reddit/comment/search/?ids=cdw72yx
2013-12-08,r/Military,"It's a shame, Trudeau is a wonderful social critic. But his framing of this cartoon clearly shows he's just bought into a publicly flouted narrative, and not done even a minor amount of research. Which doesn't raise awareness to servicemembers who might actually be looking for ways to reach above their immediate command.",https://undelete.pullpush.io/r/Military/comments/1sc770/_/cdw9ud1/,https://api.pullpush.io/reddit/comment/search/?ids=cdw9ud1
2013-12-08,r/HistoryPorn,"You and Goebbels have similar eyes. That's not an insult, just statement of fact.",https://undelete.pullpush.io/r/HistoryPorn/comments/1sbu5b/_/cdw9z35/,https://api.pullpush.io/reddit/comment/search/?ids=cdw9z35
2013-12-08,r/Military,"Well, unless you're an SF guy, you don't do it as regularly and with no other focus. ",https://undelete.pullpush.io/r/Military/comments/1sbrg9/_/cdwab0r/,https://api.pullpush.io/reddit/comment/search/?ids=cdwab0r
2013-12-08,r/syriancivilwar,"For some reason, despite everything else I see in this sub, this picture just makes me very sad.",https://undelete.pullpush.io/r/syriancivilwar/comments/1scw5j/_/cdwahsq/,https://api.pullpush.io/reddit/comment/search/?ids=cdwahsq
2013-12-08,r/Military,"Are you retarded? Or just somewhat challenged? When a servicemember calls up the IG or CID and says ""my commanding officer raped me"", if you think some 0-3 or 0-4 is getting out of that because of ""influence"" you need to frankly grow the fuck up.",https://undelete.pullpush.io/r/Military/comments/1sc770/_/cdwch6o/,https://api.pullpush.io/reddit/comment/search/?ids=cdwch6o
2013-12-08,r/Military,"Oddly enough, I am neither, but it's clear you may be both. In today's current climate, when every whisper of a misplaced hand brings down a feature length film, anyone who actually thinks the military is purposefully covering up rape to save the career of some god damn 0-3, is clearly both an idiot and junior enough in rank or life experience to think it matters. Hell, a girl (or boy) gets raped? Call a congressmen on top of everyone else. That will bring the pain.",https://undelete.pullpush.io/r/Military/comments/1sc770/_/cdwcxm1/,https://api.pullpush.io/reddit/comment/search/?ids=cdwcxm1
2013-12-08,r/Military,"I'm a Sgt, so clearly I don't think rank is the end all be all. But I also go to college, in DC, and every current student I go to school  with is convinced all we did in the infantry is rape everyone, because they once watched ""invisible war"". Now, since the grunts has no women, this is obviously untrue. Plus, (since living in DC) all you need to do is make ONE phone call and negate any asshat who pretends he's a unit commander. So sack the fuck up.",https://undelete.pullpush.io/r/Military/comments/1sc770/_/cdwdr2m/,https://api.pullpush.io/reddit/comment/search/?ids=cdwdr2m
2013-12-10,r/AdviceAnimals,"People bad mouth the Marine Corps, but week one of ParrIs Island my DIs informed us overdraft ""protection"" is anything but. I've ditched that shit ever since.",https://undelete.pullpush.io/r/AdviceAnimals/comments/1simp3/_/cdy3793/,https://api.pullpush.io/reddit/comment/search/?ids=cdy3793
2013-12-14,r/Military,"Well, it's a shame you're getting downvoted, but keep up the good fight. Sadly this movie is pretty much going to solidify the myth.",https://undelete.pullpush.io/r/Military/comments/1st2yo/_/ce1bnpb/,https://api.pullpush.io/reddit/comment/search/?ids=ce1bnpb
2013-12-14,r/Military,Made my morning.,https://undelete.pullpush.io/r/Military/comments/1sv4uu/_/ce1jsxc/,https://api.pullpush.io/reddit/comment/search/?ids=ce1jsxc
2013-12-16,r/CombatFootage,"I like killing dudes as much as the next guy, but Christ is that a lot of money spent to smoke one kid with a rifle. We've made even minor war prohibitively expensive.",https://undelete.pullpush.io/r/CombatFootage/comments/1t0sni/_/ce3bo30/,https://api.pullpush.io/reddit/comment/search/?ids=ce3bo30
2013-12-16,r/CombatFootage,"While that's true, those infantrymen and their training are going to be there either way, and the ineffective ratio of rounds expended to kills is a training issue. The amount of money it takes to build, maintain, fuel, and fly the platforms used to both drop that ordnance and film it, and the training of all personnel involved, far exceeds a few thousand rounds of M855 and the grunts that shoot it, especially when those grunts are going to be on the ground in the first place. I hate saying it, but our aversion to casualties has made war so expensive we can't wage it properly.",https://undelete.pullpush.io/r/CombatFootage/comments/1t0sni/_/ce3cynn/,https://api.pullpush.io/reddit/comment/search/?ids=ce3cynn
2013-12-17,r/CombatFootage,"HVT? Kiddo.....HVT's don't go prone in the dust with rifles. Leaving beside that utterly naive statement, the cost of the missile is minor compared to to cost of the platform that launched it and it's maintainers, let alone the air fields required. ",https://undelete.pullpush.io/r/CombatFootage/comments/1t0sni/_/ce3fawu/,https://api.pullpush.io/reddit/comment/search/?ids=ce3fawu
2013-12-17,r/CombatFootage,The problem is we do in fact drop 70K missiles on random dudes. This is kind of my point.,https://undelete.pullpush.io/r/CombatFootage/comments/1t0sni/_/ce3fc0w/,https://api.pullpush.io/reddit/comment/search/?ids=ce3fc0w
2014-01-28,r/CombatFootage,"In 4 tours as an infantryman, I saw enemy combatants only on a few occasions. Most firefights involve engaging areas while simultaneously trying to identify point targets. The times I had positive eyes on enemy fighters was when we identified areas they were in and then maneuvered on them, essentially surprising them from the flank. That is also generally when you get the most efficient killing done.",https://undelete.pullpush.io/r/CombatFootage/comments/1wafv7/_/cf0jlq7/,https://api.pullpush.io/reddit/comment/search/?ids=cf0jlq7
2014-01-28,r/CombatFootage,Iraq and Afghanistan,https://undelete.pullpush.io/r/CombatFootage/comments/1wafv7/_/cf0mopy/,https://api.pullpush.io/reddit/comment/search/?ids=cf0mopy
2014-01-29,r/Military,"I was just about to say fuck it, it's too cold to ruck today. You've laid on the guilt motivation, this ain't going to be fun.",https://undelete.pullpush.io/r/Military/comments/1wgi2e/_/cf1x73k/,https://api.pullpush.io/reddit/comment/search/?ids=cf1x73k
2014-02-11,r/Military,"Amen to that. He was a Sgt, then SSgt in 3/8 when I was a boot, gave the John Glenn speech to the battalion in the base theatre before we deployed to Fallujah in early 05. I will never forget giving him the greeting of the day and always getting ""Kill, Devil Dog"" in response. The only times I ever heard DD in a flattering manner.",https://undelete.pullpush.io/r/Military/comments/1xkqrr/_/cfcj93u/,https://api.pullpush.io/reddit/comment/search/?ids=cfcj93u
2014-02-12,r/Military,"I was Kilo 4th for both Fallujah and Ramadi. I'm trying to think of the India 31's I went to IMGLC with in 05 after Fallujah, but I'm drawing blanks at the moment. ",https://undelete.pullpush.io/r/Military/comments/1xkqrr/_/cfd386j/,https://api.pullpush.io/reddit/comment/search/?ids=cfd386j
2014-02-12,r/Military,"It's not being pedantic. In the US military Army Special Forces refers to what most folks call ""Green Berets"". That's the name of the unit. The Ranger Regiment is separate.",https://undelete.pullpush.io/r/Military/comments/1xniix/_/cfd3g7o/,https://api.pullpush.io/reddit/comment/search/?ids=cfd3g7o
2014-02-12,r/Military,Kilo Boone? Big white dude?,https://undelete.pullpush.io/r/Military/comments/1xkqrr/_/cfd3hrn/,https://api.pullpush.io/reddit/comment/search/?ids=cfd3hrn
2014-02-12,r/Military,"Oh yeah. He and I were in the same boot camp platoon. He was a fucking asshole lunatic, although it took me a while to figure that out. I actually walked past the room that night, it looked like a fucking murder scene. After NCIS and the MPs took him away I don't know what happened to him, but the rumor was he got put away for a while.",https://undelete.pullpush.io/r/Military/comments/1xkqrr/_/cfd41yb/,https://api.pullpush.io/reddit/comment/search/?ids=cfd41yb
2014-02-12,r/Military,"I'll be honest dude, I think I spent those 6 months between Fallujah and Ramadi solidly drunk. Something about knowing you're trading one shithole for absolute hell. And yeah, after Ramadi it was a shitshow. Between Weapons Co. stabbing the stripper in the barracks, the 15 year old getting knifed at the mall and all the assorted insanity, I almost don't blame St. Clair for all the battalion restriction. Almost.",https://undelete.pullpush.io/r/Military/comments/1xkqrr/_/cfd4fo9/,https://api.pullpush.io/reddit/comment/search/?ids=cfd4fo9
2014-02-12,r/Military,"Simple times dude, simple times.",https://undelete.pullpush.io/r/Military/comments/1xkqrr/_/cfd4t68/,https://api.pullpush.io/reddit/comment/search/?ids=cfd4t68
2014-02-12,r/AdviceAnimals,You've clearly never been anywhere combat or you would realize how utterly idiotic a statement that is.,https://undelete.pullpush.io/r/AdviceAnimals/comments/1xornm/_/cfde2es/,https://api.pullpush.io/reddit/comment/search/?ids=cfde2es
2014-02-16,r/CombatFootage,"This was common. In Ramadi during large firefights you would see RPGs skipping down the pavement after they failed to be armed by the muj. The first time I saw it happen it was quite confusing, after that it became kind of funny. At the gov center downtown we had an unarmed RPG impact one of the posts, it just sat imbedded in the concrete for a few days until Route Michigan was clear enough of IEDs for EOD to come deal with it. Funny place, Ramadi.",https://undelete.pullpush.io/r/CombatFootage/comments/1y0zms/_/cfgnhin/,https://api.pullpush.io/reddit/comment/search/?ids=cfgnhin
2014-02-16,r/CombatFootage,"Spring Break Ramadi 2006: You were chillin', we were killin'!",https://undelete.pullpush.io/r/CombatFootage/comments/1y0zms/_/cfgr0e5/,https://api.pullpush.io/reddit/comment/search/?ids=cfgr0e5
2014-02-19,r/AdviceAnimals,This is simply not true. Do your research.,https://undelete.pullpush.io/r/AdviceAnimals/comments/1yaed5/_/cfiwur9/,https://api.pullpush.io/reddit/comment/search/?ids=cfiwur9
2014-02-19,r/Military,MCRD is a place of wonder. ,https://undelete.pullpush.io/r/Military/comments/1ya8gd/_/cfj6kan/,https://api.pullpush.io/reddit/comment/search/?ids=cfj6kan
2014-02-19,r/todayilearned,"There is a book on the case called ""Dark Hearts"". It shows what can result when leadership fails and the demons that live in some men are given the opportunity to come out. Should be mandatory reading for all NCO's and officers.",https://undelete.pullpush.io/r/todayilearned/comments/1yc24q/_/cfj7nny/,https://api.pullpush.io/reddit/comment/search/?ids=cfj7nny
2014-02-19,r/todayilearned,"Well, luckily Green just hung himself a few days ago while serving life without parole.",https://undelete.pullpush.io/r/todayilearned/comments/1yc24q/_/cfj7rfn/,https://api.pullpush.io/reddit/comment/search/?ids=cfj7rfn
2014-02-19,r/Fitness,"I did the exact same thing, and have seen great improvements. 5/3/1 is just so damn easy to tailor to your needs.",https://undelete.pullpush.io/r/Fitness/comments/1ya2au/_/cfj813v/,https://api.pullpush.io/reddit/comment/search/?ids=cfj813v
2014-02-19,r/todayilearned,"Thanks, hadn't had my coffee yet.",https://undelete.pullpush.io/r/todayilearned/comments/1yc24q/_/cfjamle/,https://api.pullpush.io/reddit/comment/search/?ids=cfjamle
2014-02-19,r/AdviceAnimals,"You didn't even read the article you linked. Female Marines are being required to do pull ups instead of flexed arm hang, but not to the same standard as men. The minimum and maximums for run, pull-ups, and crunches will still be different for men and women, with men required to perform to a higher standard. Jackass.",https://undelete.pullpush.io/r/AdviceAnimals/comments/1yaed5/_/cfjaz7j/,https://api.pullpush.io/reddit/comment/search/?ids=cfjaz7j
2014-02-19,r/AdviceAnimals,"And for the record, we don't have ""basic"" in the Marine Corps. We have recruit training, popularly known as boot.",https://undelete.pullpush.io/r/AdviceAnimals/comments/1yaed5/_/cfjfmqw/,https://api.pullpush.io/reddit/comment/search/?ids=cfjfmqw
2014-02-19,r/AdviceAnimals,"No, the minimum is not the most important part. As a guy who has spent 10 years in the infantry I can tell you that we don't hold our guys to the minimum. 20 pull ups vs 8 pull ups to max the test, and therefore meet the highest standard, is a vast difference. Same goes for runtimes, and 3 minutes on the minimum is also a solid difference. But again, women aren't held to remotely the same standard like you said in your original comment, as their requirements for a maximum score are lower (we tend to judge Marines of of how close they come to the max, not passing the minimums). Higher PFT scores result in faster promotions, and men are held to a higher standard to max it. You know nothing of this subject besides what you have pulled from a couple of Internet articles, and your immaturity and naïveté show through. Only a service wide sex blind test with the same minimums and maximums would be holding males and females to the same standard. Now shut your fucking mouth kid.",https://undelete.pullpush.io/r/AdviceAnimals/comments/1yaed5/_/cfjlsxx/,https://api.pullpush.io/reddit/comment/search/?ids=cfjlsxx
2014-02-20,r/AdviceAnimals,"I spent 4 years in the Marine Corps infantry, the remaining time has been with the Army infantry, just to be clear. You called me a jackass, which while it may be true only friends of mine can call me that. I responded in kind. But it remains accurate that the standards are not being equalized between the sexes, not by a long shot. The powers upon high might be babbling some garbage about it happening someday, but for the foreseeable future the double standard stands.",https://undelete.pullpush.io/r/AdviceAnimals/comments/1yaed5/_/cfjtr96/,https://api.pullpush.io/reddit/comment/search/?ids=cfjtr96
2014-02-26,r/CombatFootage,"Yes. You've likely never been suppressed by accurate fire, but there is a vast difference between rounds flying far over your head and rounds impacting your position. Suppression requires accuracy, and the best form of suppression is killing. Noise does not equate suppression.",https://undelete.pullpush.io/r/CombatFootage/comments/1yykj4/_/cfp5l3t/,https://api.pullpush.io/reddit/comment/search/?ids=cfp5l3t
2014-02-26,r/CombatFootage,It's actually a wonderful demonstration of why spraying rounds in a general direction loses to accurate fire.,https://undelete.pullpush.io/r/CombatFootage/comments/1yykj4/_/cfp5pwk/,https://api.pullpush.io/reddit/comment/search/?ids=cfp5pwk
2014-03-24,r/Military,Long Range Surveillance: We Like to Watch,https://undelete.pullpush.io/r/Military/comments/216m3n/_/cgajalx/,https://api.pullpush.io/reddit/comment/search/?ids=cgajalx
2014-04-05,r/todayilearned,"Say what you will about his politics, but H.W. Bush didn't dip out of the war, his squadron was simply rotated home, a regular occurrence.  The man flew 58 combat missions, received the Distinguished Flying Cross and was the sole survivor of his crew after being shot down. While Phillips service may have encompassed more of the war, it's unfair to insinuate that Bush was somehow a shirker (unlike his son, who is simply a spoiled coward).",https://undelete.pullpush.io/r/todayilearned/comments/229ile/_/cgkx4l4/,https://api.pullpush.io/reddit/comment/search/?ids=cgkx4l4
2014-04-05,r/worldnews,"Don't know too much about modern Afganistan, do we?

ETA: Ah, fuck it, just read your post history.",https://undelete.pullpush.io/r/worldnews/comments/229jc1/_/cgkzhg2/,https://api.pullpush.io/reddit/comment/search/?ids=cgkzhg2
2014-04-07,r/Military,"It was such a great meal, I'd fold the MRE sleeve down to making a dipping bowl for crackers. I miss beef enchilada.",https://undelete.pullpush.io/r/Military/comments/22ei20/_/cgmbpdn/,https://api.pullpush.io/reddit/comment/search/?ids=cgmbpdn
2014-04-15,r/syriancivilwar,"While I understand who these dudes are, on a simply professional level I'd fight next to them. Pretty good understanding of fire discipline, security, and formations, as well as decently armed and equipped. A far cry from the usual chubby jihadi in track suit dumping mags around a corner.",https://undelete.pullpush.io/r/syriancivilwar/comments/231x1r/_/cgsxnm6/,https://api.pullpush.io/reddit/comment/search/?ids=cgsxnm6
2014-04-19,r/CombatFootage,"Negative Raptor Man, ING is the long disbanded Iraqi National Guard. Like its predecessor, the ICDC (Iraqi Civil Defense Corps) it wasn't exactly known for its professionalism or competence. I fought beside both in '05, this kind of thing was pretty regular.",https://undelete.pullpush.io/r/CombatFootage/comments/23c0b6/_/cgw62ut/,https://api.pullpush.io/reddit/comment/search/?ids=cgw62ut
2014-04-19,r/CombatFootage,"It's all good dude, and one should never miss an opportunity to throw out a good Joker quote.",https://undelete.pullpush.io/r/CombatFootage/comments/23c0b6/_/cgw7b5z/,https://api.pullpush.io/reddit/comment/search/?ids=cgw7b5z
2014-04-19,r/CombatFootage,"Well shit, how did I manage 4 tours and I'm still an unbelieving heathen? The math doesn't check out.",https://undelete.pullpush.io/r/CombatFootage/comments/23ex8m/_/cgwiggl/,https://api.pullpush.io/reddit/comment/search/?ids=cgwiggl
2014-04-19,r/CombatFootage,"Somebody really needed to square away the screamer in the cloth tent. That kind of shit can be contagious. Pogues man, pogues.",https://undelete.pullpush.io/r/CombatFootage/comments/23ex8m/_/cgwihdd/,https://api.pullpush.io/reddit/comment/search/?ids=cgwihdd
2014-04-19,r/CombatFootage,"That's a modern acronym that grew out of an acronym based military post-Vietnam. I would recommend reading ""Bill Mauldin in Korea"" where her spends time with a Marine unit (amusingly enough, an engineer outfit) that continuously refers to non-combat troops as ""pogues"". The term itself derives from Marine and Navy time in the Philippines where ""pogue"" and variations thereof were used to describe men of lesser masculinity. You can still find the term used within the Naval Service as ""pogey bait"", comfort food like candy bars or chips. ""Pogue"" was in use by Marines in WWII, Korea, and Vietnam before it was supplanted by ""POG"", an acronym that is derived from the pronunciation of the ordinal term, but is indicative of a changing military with a focus on acronyms and initialism. I find that if I'm going to insult pogues, I should have the common decency to use the historically correct term.",https://undelete.pullpush.io/r/CombatFootage/comments/23ex8m/_/cgwqumn/,https://api.pullpush.io/reddit/comment/search/?ids=cgwqumn
2014-04-19,r/CombatFootage,"I love me some Shane McGowan, but see me my reply below.",https://undelete.pullpush.io/r/CombatFootage/comments/23ex8m/_/cgwr3jk/,https://api.pullpush.io/reddit/comment/search/?ids=cgwr3jk
2014-06-07,r/history,"Probably the most important thing I learned at RSLC was making your order an approachable and understandable document that all of your team members can understand in case of confusion on the battlefield. If it outlines the general situation, and details the actions needed for mission success, you've got a good op order. Sadly, people copy and paste idiocy from higher provided or pre-existing orders full of nonsense and acronyms that leave everyone involved unsure of what the fuck is actually going on.",https://undelete.pullpush.io/r/history/comments/27h62w/_/ci1a896/,https://api.pullpush.io/reddit/comment/search/?ids=ci1a896
2014-06-13,r/iraqconflict,"The threat of nihilistic Zarqawi style violence is far more dangerous than our 40 year awkward animosity with Shia ""extremism"". Frankly, the Iranians are now opponents of the thing we once thought they'd become. A guarded alliance of sorts would suit us both.",https://undelete.pullpush.io/r/iraqconflict/comments/2823pw/_/ci6z1oa/,https://api.pullpush.io/reddit/comment/search/?ids=ci6z1oa
2014-06-15,r/syriancivilwar,"What is the security situation like for the average citizen at the moment?

Has ISIS actually taken total control, or is there a security vacuum that they are simply operating in?

What is the general consensus among Sunni residents? 

Has there been any local opposition to ISIS within the city? We've seen lots of reports of IA and Shia volunteers mobilizing for a counter offensive, is there any semblance of a resistance within the city itself?

Thank you so much, and please be safe.",https://undelete.pullpush.io/r/syriancivilwar/comments/287sov/_/ci89usw/,https://api.pullpush.io/reddit/comment/search/?ids=ci89usw
2014-06-25,r/Military,I'm a little drunk. Fuck do I miss those days.,https://undelete.pullpush.io/r/Military/comments/29188e/_/cigim4v/,https://api.pullpush.io/reddit/comment/search/?ids=cigim4v
2014-06-29,r/Military,Seems like pretty accurate LCPL/SPC behavior to me. Source: Former LCPL.,https://undelete.pullpush.io/r/Military/comments/299mtp/_/cijq9hg/,https://api.pullpush.io/reddit/comment/search/?ids=cijq9hg
2014-06-29,r/Military,"I'd rather not, I've heard rumors that it requires a degree.

Joking aside, r/politics is fun and sometimes educational, but embarrassing nonetheless.",https://undelete.pullpush.io/r/Military/comments/29d0ye/_/cijqiq3/,https://api.pullpush.io/reddit/comment/search/?ids=cijqiq3
2014-07-02,r/CombatFootage,"In Ramadi I watched this big fat dude waddle his happy ass out into the street behind an Abrams and attempt to place an IED behind it in its blind spot. We chopped him to pieces with a PKM, but it was a ballsy move, hard not to respect that kind of thing. It's also why we support our armor with infantry.",https://undelete.pullpush.io/r/CombatFootage/comments/29o0qw/_/cin2btn/,https://api.pullpush.io/reddit/comment/search/?ids=cin2btn
2014-07-03,r/CombatFootage,"We had augmented our posts with IP PKMs, after a series of beheadings and assassinations all of the IP's at the Government Center in Ramadi had quit. With only so many medium guns organic to the company and still running full patrols, we used the PKMs to beef up our posts. As a machinegunner, I have a soft spot in my heart for the PK series. Light, hard hitting, fairly reliable. Not as capable of sustained fire, but in fast engagements its a solid tool.",https://undelete.pullpush.io/r/CombatFootage/comments/29o0qw/_/cin68ia/,https://api.pullpush.io/reddit/comment/search/?ids=cin68ia
2014-07-03,r/worldnews,Did anyone even read this article? ,https://undelete.pullpush.io/r/worldnews/comments/29nqss/_/cin8oyj/,https://api.pullpush.io/reddit/comment/search/?ids=cin8oyj
2014-07-03,r/CombatFootage,"Not quite.
",https://undelete.pullpush.io/r/CombatFootage/comments/29o0qw/_/cinby40/,https://api.pullpush.io/reddit/comment/search/?ids=cinby40
2014-07-03,r/CombatFootage,"I wouldn't go so far as to say it's trustworthy as shit, and ammunition supply was far from an issue. It was more about guns available vs sectors covered, and PKMs are reliable enough. I would take a 240 on a tripod or pedestal mount any day of the week over a PKM, but I'll also take a bipod mounted PKM over a SAW. It all comes down to circumstance.",https://undelete.pullpush.io/r/CombatFootage/comments/29o0qw/_/cinc0jb/,https://api.pullpush.io/reddit/comment/search/?ids=cinc0jb
2014-07-03,r/CombatFootage,Absolutely. Extra belt-feds are never a bad thing from a static position.,https://undelete.pullpush.io/r/CombatFootage/comments/29o0qw/_/cinzcy0/,https://api.pullpush.io/reddit/comment/search/?ids=cinzcy0
2014-07-03,r/CombatFootage,I'll take that as a compliment.,https://undelete.pullpush.io/r/CombatFootage/comments/29o0qw/_/cinzdq6/,https://api.pullpush.io/reddit/comment/search/?ids=cinzdq6
2014-07-22,r/history,"Filkins has written by far the most vivid and broad account of the war, in my personal opinion. As a member of one of the units he writes about, it is also an extremely accurate account. I cannot recommend it enough.",https://undelete.pullpush.io/r/history/comments/2bbz3e/_/cj4dq0k/,https://api.pullpush.io/reddit/comment/search/?ids=cj4dq0k
2014-07-29,r/pics,"I'm amused at the downvotes you're getting, as a former infantryman with 4 tours split between the Marine Corps and the Army your statement is spot on. Many infantrymen come from middle class families, had plenty of other opportunities, and had a pretty good idea of what was coming. More so, most of us have favorable memories of the experience (even if we disagree with it politically). In the grunts I met Harvard grads, guys with masters degrees, athletes who turned down scholarships to enlist, and a slew of other dudes who felt that it was an experience they wouldn't be able to get anywhere else. But that doesn't fit the general consensus that combat is a place for poor uneducated kids who were tricked into being there.",https://undelete.pullpush.io/r/pics/comments/2c2fdm/_/cjbgoem/,https://api.pullpush.io/reddit/comment/search/?ids=cjbgoem
2014-07-29,r/CombatFootage,Looks like an all around well executed and successful small unit raid to me.,https://undelete.pullpush.io/r/CombatFootage/comments/2c2ke4/_/cjbh8zo/,https://api.pullpush.io/reddit/comment/search/?ids=cjbh8zo
2014-07-30,r/CombatFootage,"I come to this sub to watch and critique combat footage, which by definition is generally of on the ground actions that can be taken alone to critique for tactics/weapon employment/participant behavior. Greater strategic and political discussion is all well and good, but not really what I come here for. 

As for your aversion to ""execution"", a small unit raid tends to be used to inflict casualties and take prisoners in a short period of time. Pragmatically I have little problem with killing an enemy combatant who you attempt to capture but for whatever reason cannot. From a strictly professional standpoint, this was a damn fine looking and successful raid against a superior opponent, I dig it.",https://undelete.pullpush.io/r/CombatFootage/comments/2c2ke4/_/cjbiy9z/,https://api.pullpush.io/reddit/comment/search/?ids=cjbiy9z
2014-07-30,r/CombatFootage,"Why does the Army insist on running heavy guns without T&amp;E's? Freegunning a .50 or a MK19 is the easiest way to expend lots of ammunition to no effect, it gives the former MG section leader in me high blood pressure every time I see it.",https://undelete.pullpush.io/r/CombatFootage/comments/2c1pjx/_/cjbji93/,https://api.pullpush.io/reddit/comment/search/?ids=cjbji93
2014-07-30,r/CombatFootage,"Traversing and elevation mechanism, it allows for small corrections to be made on the gun while keeping it stable. It is far, far more accurate than freegun.",https://undelete.pullpush.io/r/CombatFootage/comments/2c1pjx/_/cjbkmnf/,https://api.pullpush.io/reddit/comment/search/?ids=cjbkmnf
2014-07-30,r/CombatFootage,"It does, which is why you unlock it and freegun when the situation requires it. However, like the video that started this thread, lots of engagements are stationary for a time. The T&amp;E has a place here, it annoys me when I see units running heavy guns with no T&amp;E's at all.",https://undelete.pullpush.io/r/CombatFootage/comments/2c1pjx/_/cjbmgje/,https://api.pullpush.io/reddit/comment/search/?ids=cjbmgje
2014-07-30,r/CombatFootage,"It was Iraq, and those guys were in civilian clothing with silenced weapons. This videos shows a unit of men in full uniform assaulting uniformed military personnel of an enemy their organization is currently engaged in military operations with. There is no comparing the two. 

Generally you try to catch the enemy off guard, and kill them with the least resistance. This looks like a pretty audacious plan that worked, and I'll certainly give credit where credit is due, no matter who they are fighting for.",https://undelete.pullpush.io/r/CombatFootage/comments/2c2ke4/_/cjcfpcy/,https://api.pullpush.io/reddit/comment/search/?ids=cjcfpcy
2014-07-31,r/CombatFootage,"I just rewatched the video, I see a mix of olive drab, camo, and black. They likely are wearing some Israeli uniform items and equipment, but the lack of helmets and body armor, as well as their use of RPG's and AK's makes me quite skeptical of this claim. It's more likely they are just wearing what military equipment they have on hand, and it shouldn't be surprising that much of it comes from their better supplied adversary.",https://undelete.pullpush.io/r/CombatFootage/comments/2c2ke4/_/cjcxc2f/,https://api.pullpush.io/reddit/comment/search/?ids=cjcxc2f
2014-08-02,r/CombatFootage,"Not remotely. Hell, Confederate units towards the end of the US civil war used a mix of northern and southern uniforms as equipment, but no one would ever accuse them of impersonating the enemy. I count a full uniform as generally military style dress (olive drab, camouflage of some kind, black) and load bearing equipment. If your side doesn't have the ability to produce it's own uniforms and equipment you shouldn't automatically be qualified as a terrorist or spy.",https://undelete.pullpush.io/r/CombatFootage/comments/2c2ke4/_/cjenjnt/,https://api.pullpush.io/reddit/comment/search/?ids=cjenjnt
2014-08-02,r/CombatFootage,No argument there.,https://undelete.pullpush.io/r/CombatFootage/comments/2c2ke4/_/cjew44h/,https://api.pullpush.io/reddit/comment/search/?ids=cjew44h
2014-08-02,r/CombatFootage,"But they are fully uniformed, they just aren't all wearing the same uniform because of logistical constraints. My comment was disputing the comparison of this raid with tactics used by ISIS in Iraq, where the attackers were wearing civilian clothing. There is no question the Hamas bubbas in this video are conducting a military action, none of them could be mistaken for civilians.",https://undelete.pullpush.io/r/CombatFootage/comments/2c2ke4/_/cjf1vw4/,https://api.pullpush.io/reddit/comment/search/?ids=cjf1vw4
2014-08-20,r/worldnews,"People think this is a joke, but there are literally hundreds of thousands of combat infantry vets in this country (myself included) who are bored senseless by civilian life and have a deep seated animosity towards the IS. Provide the money and there's no shortage of highly experienced guys who will gladly join the fight.",https://undelete.pullpush.io/r/worldnews/comments/2e0p4b/_/cjvaedc/,https://api.pullpush.io/reddit/comment/search/?ids=cjvaedc
2014-08-20,r/worldnews,"And we have, without doubt, an inexhaustible ability to kill them. Our way of life, and the future we see for humanity, is more important then their ability to provide ignorant zealots. Many of you may take offense at the fact, but if you enjoy the life you live we are going to spend the next several decades killing a lot of people.",https://undelete.pullpush.io/r/worldnews/comments/2e0p4b/_/cjvb4x2/,https://api.pullpush.io/reddit/comment/search/?ids=cjvb4x2
2014-08-20,r/worldnews,"We are going to kill thousands. By the end of it, it may be millions. Our way of life is better, and if that is what it takes to prevail, let's get this show on the road. I don't disagree with your point, I just disagree with the fact you seem to think we shouldn't do it.
",https://undelete.pullpush.io/r/worldnews/comments/2e0p4b/_/cjvb78i/,https://api.pullpush.io/reddit/comment/search/?ids=cjvb78i
2014-08-29,r/Military,"Just part of the Marine Corps' rational organization. When you no longer need 9 regiments worth of infantry battalions, you deactivate the ones with the highest number. And reactivate them when necessary. All Marines who served in the reactivated 9th Marines battalions have much to be proud of. Semper.",https://undelete.pullpush.io/r/Military/comments/2ex2b0/_/ck47xdy/,https://api.pullpush.io/reddit/comment/search/?ids=ck47xdy
2014-08-30,r/CombatFootage,"Were you? This looks like poor fire discipline to me, undirected and generally indiscriminate fire. Feel free to tell me I don't know what I'm talking about because I ""wasn't there"".
",https://undelete.pullpush.io/r/CombatFootage/comments/2ezduh/_/ck4va93/,https://api.pullpush.io/reddit/comment/search/?ids=ck4va93
2014-09-04,r/videos,"That statistic isn't based upon strictly guys who have seen combat recently, but every single person who has ever served in the US military. When you factor that in, as well as the suicide rate of the general population, it becomes far less of a damning statement. But hey, why be honest when emotional hyperbole fits your preconceptions. ",https://undelete.pullpush.io/r/videos/comments/2fdecx/_/ck8ox64/,https://api.pullpush.io/reddit/comment/search/?ids=ck8ox64
2014-09-04,r/videos,"This isn't training, this is an idiot who wants to look like he knows what he's doing making shit up for the benefit of his audience. This thread is full of people who have never once experienced combat and watch far too much tv. ",https://undelete.pullpush.io/r/videos/comments/2fdswb/_/ck8pf0a/,https://api.pullpush.io/reddit/comment/search/?ids=ck8pf0a
2014-09-04,r/videos,"Anything that's preparing an individual or unit for combat is training, which can be both purely instructive or testing capabilities. This ""stress test"" is nonsense, there are far better ways to test a mans abilities under stress (timed and scored drills utilizing small unit movement being one of the best). This video shows unsafe and frankly poorly thought out ways of inducing stress, likely by someone who wants to look hard rather than actually develop a solid training curriculum.",https://undelete.pullpush.io/r/videos/comments/2fdswb/_/ck95lzp/,https://api.pullpush.io/reddit/comment/search/?ids=ck95lzp
2014-09-04,r/videos,"That's even more ridiculous, seeing as you're inducing unsafe stress to an individual whose capabilities you don't even know yet. That is also no what is happening in this video, it's a South African instructor working for a company in Iraq, this was part of his ""style"" of training. This video has been bouncing around for a number of years in military/police/contractor circles as an example of what not to do.",https://undelete.pullpush.io/r/videos/comments/2fdswb/_/ck974jy/,https://api.pullpush.io/reddit/comment/search/?ids=ck974jy
2014-09-05,r/Military,"Isn't this the asshat that CNN has running his suck about all things military recently? Comes across as a total douche, glad to see it's accurate.",https://undelete.pullpush.io/r/Military/comments/2fhiq1/_/ck9u238/,https://api.pullpush.io/reddit/comment/search/?ids=ck9u238
2014-09-24,r/CombatFootage,"These guys look pretty good, however with almost no audible returning fire it's possible this is just propaganda. It's easy to maintain composure and look squared away when assaulting previously taken positions. All in all though, they do look decent.",https://undelete.pullpush.io/r/CombatFootage/comments/2ha8vt/_/ckqwjmh/,https://api.pullpush.io/reddit/comment/search/?ids=ckqwjmh
2014-09-28,r/AdviceAnimals,"Well, then you should never complain about shitty service. I've never ignored a polite customer, but I've certainly gone out of my way to make assholes wait.",https://undelete.pullpush.io/r/AdviceAnimals/comments/2hn8ne/_/ckug2w7/,https://api.pullpush.io/reddit/comment/search/?ids=ckug2w7
2014-09-28,r/AdviceAnimals,There's a vast difference between taking a second to re-check the menu and spending minutes (that's not an exaggeration) making a decision after telling a server you're ready. The amusing part is the reason they may disappear for 10 minutes is because another customer is doing the exact same thing. ,https://undelete.pullpush.io/r/AdviceAnimals/comments/2hn8ne/_/ckug6d9/,https://api.pullpush.io/reddit/comment/search/?ids=ckug6d9
2014-09-28,r/AdviceAnimals,"Sure buddy, because ""I don't care if you like me"" isn't representative of being a dick at all. ",https://undelete.pullpush.io/r/AdviceAnimals/comments/2hn8ne/_/ckuheci/,https://api.pullpush.io/reddit/comment/search/?ids=ckuheci
2014-09-28,r/AdviceAnimals,"I'm not a waiter, I'm a bartender. But I see servers get shit on constantly by customers who feel that their presence in a restaurant alone allows them to inconvenience another person and make their job harder, then complain about why things didn't go as smoothly as they wanted. It's not about them liking you as a person, it's about them liking you as a customer. Your nights out with your wife will likely be much smoother just by being thoughtful about something as simple as knowing what you want to order before flagging down a server. And if something that simple is hard for you, again, you are probably a rude customer and shitty service shouldn't be surprising.",https://undelete.pullpush.io/r/AdviceAnimals/comments/2hn8ne/_/ckuostp/,https://api.pullpush.io/reddit/comment/search/?ids=ckuostp
2014-09-28,r/CombatFootage,"It bothers me how aggressive and confident these guys are in their assaults, they are certainly better at small unit irregular light infantry assaults than most Arabs I've worked besides. This attack was aggressive, brutal, and decisive. Those IA seem like they just holed up and waited to die.",https://undelete.pullpush.io/r/CombatFootage/comments/2hq63y/_/ckv28vu/,https://api.pullpush.io/reddit/comment/search/?ids=ckv28vu
2014-09-29,r/CombatFootage,"It certainly is, but that's why you set your most casualty producing weapons systems in place where they can do the most damage upon assaulting forces. These guys have medium MG's employed haphazardly and almost no use of indirect fire weapons. A properly equipped force has no excuse for turtling up and getting shot in the face, it is sheer incompetence and cowardice that bring about that result.",https://undelete.pullpush.io/r/CombatFootage/comments/2hq63y/_/ckvb6nl/,https://api.pullpush.io/reddit/comment/search/?ids=ckvb6nl
2014-09-30,r/CombatFootage,"Hahahaha.....yeah, sure. Lets see them fight actual warriors first.
",https://undelete.pullpush.io/r/CombatFootage/comments/2hq63y/_/ckw4ydr/,https://api.pullpush.io/reddit/comment/search/?ids=ckw4ydr
2014-10-03,r/Military,Rock on Marines.,https://undelete.pullpush.io/r/Military/comments/2i7kvl/_/ckzrvwj/,https://api.pullpush.io/reddit/comment/search/?ids=ckzrvwj
2014-10-03,r/Military,Rock on Marines.,https://undelete.pullpush.io/r/Military/comments/2i7kvl/_/ckzrvwj/,https://api.pullpush.io/reddit/comment/search/?ids=ckzrvwj
2014-10-04,r/syriancivilwar,"The guy is a bit of an idiot, and is misrepresenting his military background by making it sound like he has deployed as a soldier in the US Army (he was discharged before finishing training). However, he has found something he finds worth fighting for and committed to it, an act that is far beyond that of the average person. I wish him luck, and hope his presence will be a positive in the war against Da'esh.",https://undelete.pullpush.io/r/syriancivilwar/comments/2i8enl/_/cl00rhd/,https://api.pullpush.io/reddit/comment/search/?ids=cl00rhd
2014-10-04,r/syriancivilwar,"Well, frankly, I personally feel that the fight against Da'esh and for Kurdish autonomy are far more worthy causes than fighting for the Assad regime, so on that alone he's got my support despite my misgivings about his ability. Brother, I'm an American and an Iraq vet, clearly I'm supportive of one of my countrymen entering conflict with guys who I see as a direct opponent.",https://undelete.pullpush.io/r/syriancivilwar/comments/2i8enl/_/cl011nc/,https://api.pullpush.io/reddit/comment/search/?ids=cl011nc
2014-10-04,r/syriancivilwar,"I don't remember when I became a YPG/PKK apologist, I must have missed that part. This guy went to fight Da'esh, and the YPG is currently doing that, as well as more accessible due to it's location (I would assume he came in from Turkey). Like I said, he's a bit of an idiot, so I highly doubt he did all that much research into the confusing past of Kurdish independence movements.",https://undelete.pullpush.io/r/syriancivilwar/comments/2i8enl/_/cl0gtxg/,https://api.pullpush.io/reddit/comment/search/?ids=cl0gtxg
2014-10-16,r/AskReddit,I was eating out my grandmother and it tasted like horse cum. So that's how she died...,https://undelete.pullpush.io/r/AskReddit/comments/2jdbty/_/clati5b/,https://api.pullpush.io/reddit/comment/search/?ids=clati5b
2014-10-16,r/pics,Yut Yut Kill. Amen Chesty. Err.,https://undelete.pullpush.io/r/pics/comments/2jd95q/_/clatkoc/,https://api.pullpush.io/reddit/comment/search/?ids=clatkoc
2014-10-16,r/Military,0600? Must be the Army.....the yut yuts like to kick things off around 0400 for ranges.,https://undelete.pullpush.io/r/Military/comments/2jc1pj/_/clatrde/,https://api.pullpush.io/reddit/comment/search/?ids=clatrde
2014-10-16,r/Military,Of course. 15 prior to 15 prior to 15 prior. Science.,https://undelete.pullpush.io/r/Military/comments/2jc1pj/_/clbaw38/,https://api.pullpush.io/reddit/comment/search/?ids=clbaw38
2014-10-18,r/Military,"Amen. Christ, I had to join the goddamn Army because of my ""0331"" and EGA forearm ink. God forbid a guy is proud of being a YUUUT!!!!

For the record, I told General Amos this when I met him recently and he gave me shit for the service change. He looked through me and ignored what I had said.",https://undelete.pullpush.io/r/Military/comments/2jjw99/_/clcj3nc/,https://api.pullpush.io/reddit/comment/search/?ids=clcj3nc
2014-10-18,r/Military,"I would re-enlist in the Marine Corps infantry today if the opportunity presented itself. As to it being weird, no, where I am now there are a number of former Marines, mainly infantry, who have wound up here for a number of reasons (although tattoos are the standard reason). It was at a DC event, myself and a fellow Marine who also moved to the Army were there and stood out because of our young age, the interaction went something like this:

Me: ""Genral Amos, Semper Fi Sir""

Amos: ""Who are you guys?""

Me: ""*Buddy* and I are former Marines Sir""

Amos: ""Son, there's no such thing as a former Marine!""

*Buddy*: ""Well Sir, P-Hustle and myself actually joined the Army.""

Amos: ""Well why in the hell would you do that?""

Me: (Rolling up sleeves) ""Well Sir, I've got forearm tattoos.....""

Amos: Deathstare",https://undelete.pullpush.io/r/Military/comments/2jjw99/_/clck2no/,https://api.pullpush.io/reddit/comment/search/?ids=clck2no
2014-10-19,r/Military,"I wish to god there was, but no.",https://undelete.pullpush.io/r/Military/comments/2jjw99/_/cldwa9l/,https://api.pullpush.io/reddit/comment/search/?ids=cldwa9l
2014-10-20,r/Military,"This shit makes my blood boil. Support the groups that work on these guys behalf. Although it's sickening they even need extra help, State and DOD should be bending over backwards to protect these folks and get their paperwork done.",https://undelete.pullpush.io/r/Military/comments/2jslro/_/clf0jzv/,https://api.pullpush.io/reddit/comment/search/?ids=clf0jzv
2014-10-20,r/syriancivilwar,"This guy isn't a ""vet"", he was briefly in the Army and was discharged. I've got no problem with him being there, but there's a lot off bullshit floating around alluding to him being an experienced soldier, which he most certainly is not.

Edit:spelling.",https://undelete.pullpush.io/r/syriancivilwar/comments/2jtbld/_/clf1awd/,https://api.pullpush.io/reddit/comment/search/?ids=clf1awd
2014-10-21,r/syriancivilwar,"In this interview he did, and I definitely give him credit for it. But there is a reason that BBC interviewer so quickly asked him about it, there is still a lot of misinformation floating about on that detail. ",https://undelete.pullpush.io/r/syriancivilwar/comments/2jtbld/_/clf6276/,https://api.pullpush.io/reddit/comment/search/?ids=clf6276
2014-10-21,r/syriancivilwar,"The VA better not cover a damn thing. Hell, I get pissed when folks who never even deployed pull ""PTSD"" benefits, let alone a guy who has gone off on his own. Good on him, but one needs to recognize all the things that will get shut off after making a decision like that.",https://undelete.pullpush.io/r/syriancivilwar/comments/2jtbld/_/clf8g7f/,https://api.pullpush.io/reddit/comment/search/?ids=clf8g7f
2014-10-21,r/syriancivilwar,Good on him.,https://undelete.pullpush.io/r/syriancivilwar/comments/2jvq5w/_/clfk1qx/,https://api.pullpush.io/reddit/comment/search/?ids=clfk1qx
2014-10-22,r/Military,"Pretty unlikely. Americans actually have a bit of a recent history fighting in other peoples wars (Rhodesia, numerous South American conflicts, IDF, FFL, Yugoslav civil war). As long as you don't fight for a group that is opposed to US interests (John Walker Lindh and the Taliban, that kid who joined Al-Shabab, US citizens in Da'esh), the government will likely not try and prosecute.",https://undelete.pullpush.io/r/Military/comments/2jy53a/_/clgo7am/,https://api.pullpush.io/reddit/comment/search/?ids=clgo7am
2014-10-27,r/history,"You've lost me on the idea that the eastern front wasn't evil vs evil. There's a reason it was the most violent example of human conflict that has ever occurred, and it wasn't because the regulars were just misunderstood.",https://undelete.pullpush.io/r/history/comments/2ke0s7/_/cll1sy8/,https://api.pullpush.io/reddit/comment/search/?ids=cll1sy8
2014-10-28,r/JusticePorn,It's all the things I can't stand wrapped up in one video (SJW's and effeminate pro-lifers). It's so satisfying.,https://undelete.pullpush.io/r/JusticePorn/comments/2kipkw/_/clm0e71/,https://api.pullpush.io/reddit/comment/search/?ids=clm0e71
2014-11-09,r/Military,"Good luck, it's going to be sea of people. When it's over, come down to the Tune Inn on Capitol Hill and tell the bartender in the Marine Corps t-shirt you're the guy from reddit, first round's on me.",https://undelete.pullpush.io/r/Military/comments/2lshkj/_/clxt1y4/,https://api.pullpush.io/reddit/comment/search/?ids=clxt1y4
2014-11-15,r/CombatFootage,"What fake badges? I see Commando patches, which are not fake.

",https://undelete.pullpush.io/r/CombatFootage/comments/2mc8ly/_/cm3igzd/,https://api.pullpush.io/reddit/comment/search/?ids=cm3igzd
2014-11-18,r/todayilearned,"Meh, you ain't missing much. It's overblown war porn bullshit, and not very realistic. Fallujah/Ramadi/Northeast 'Ghan vet here.",https://undelete.pullpush.io/r/todayilearned/comments/2mmce1/_/cm5tlnu/,https://api.pullpush.io/reddit/comment/search/?ids=cm5tlnu
2014-11-18,r/Military,"Shame you've been downvoted, since it is. The term derives from South Pacific service, where ""pogue"" or ""pogey"" referred to less than masculine men (reference ""pogey bait"", still in use.) If you can find a copy of ""Bill Mauldin in Korea"" he references the term ""pogue"" in general lexicon within a Marine Combat Engineer unit for all non-frontline combat troops. The term remained in use to describe non-combat Marine types through Vietnam. Post Vietnam, with a military that was increasingly using acronyms and initialisms, the word itself stayed in use but the spelling shifted with the times, and became ""POG"" as it is known today. I still use pogue, if you're going to insult them you may as well be historically accurate.",https://undelete.pullpush.io/r/Military/comments/2mlx4u/_/cm5u3y4/,https://api.pullpush.io/reddit/comment/search/?ids=cm5u3y4
2014-11-18,r/Military,"God the fuck damn it. It's ""pogue"". The term derives from South Pacific service, where ""pogue"" or ""pogey"" referred to less than masculine men (reference ""pogey bait"", still in use.) If you can find a copy of ""Bill Mauldin in Korea"" he references the term ""pogue"" in general lexicon within a Marine Combat Engineer unit for all non-frontline combat troops. The term remained in use to describe non-combat Marine types through Vietnam. Post Vietnam, with a military that was increasingly using acronyms and initialisms, the word itself stayed in use but the spelling shifted with the times, and became ""POG"" as it is known today. I still use pogue, if you're going to insult them you may as well be historically accurate.",https://undelete.pullpush.io/r/Military/comments/2mlx4u/_/cm5u4n1/,https://api.pullpush.io/reddit/comment/search/?ids=cm5u4n1
2014-11-18,r/Military,"This isn't a story, using primary sources you can go back and watch the evolution of the word.",https://undelete.pullpush.io/r/Military/comments/2mlx4u/_/cm60n6h/,https://api.pullpush.io/reddit/comment/search/?ids=cm60n6h
2014-11-18,r/Military,"While true, we aren't talking about primary sources making statements about a certain topic, simply looking at spelling and usage of a word they are using. There are numerous primary sources from pre-war/WWII/Korea years using the term ""pogue"", yet none that I have found that use the initialism ""POG"" or ""personnel other than grunts"". If you can't point me to those, this is a pet hobby of mine.

On a side note, primary sources do often conflict, which is why you take them within a larger context and use them as data points. Using the ""primary sources are not always truthful, and often conflict"" argument to reject something outright is simple-minded, because primary sources are the, well, primary source that historians use to build larger narratives.",https://undelete.pullpush.io/r/Military/comments/2mlx4u/_/cm61xfo/,https://api.pullpush.io/reddit/comment/search/?ids=cm61xfo
2014-11-19,r/Military,"Well, ""pogey bait"" was a term used by early 20th century Marines due to it's reference to prostitution (for example, pogey bait is candy used to lure in hookers). In the early 20th century ""pogue"" referred to men who responded to homosexual advances. In Bill Mauldin's book on Korea he references at length a combat engineer unit calling non-combat Marines ""pogues"". Now, it might just be me, but combat units referring to non-combat Marines as homosexual and less than masculine isn't all that surprising. In the post-Vietnam era the military became rife with initialisms, it doesn't take a mental giant to draw a line between a term that has been in use for 50 years within infantry units and ""POG"", an initialism built upon the same term used for the same purpose.",https://undelete.pullpush.io/r/Military/comments/2mlx4u/_/cm6ilam/,https://api.pullpush.io/reddit/comment/search/?ids=cm6ilam
2014-11-19,r/Military,How the hell do you substantiate the evolution of a term? Do you know how language works?,https://undelete.pullpush.io/r/Military/comments/2mlx4u/_/cm6lake/,https://api.pullpush.io/reddit/comment/search/?ids=cm6lake
2014-11-19,r/Military,"You are a deeply stupid person, aren't you?",https://undelete.pullpush.io/r/Military/comments/2mlx4u/_/cm6qkx3/,https://api.pullpush.io/reddit/comment/search/?ids=cm6qkx3
2014-12-08,r/CombatFootage,"US Marines taking heads. And we think pissing on guys is a travesty.
",https://undelete.pullpush.io/r/CombatFootage/comments/2ok0bg/_/cmolnrw/,https://api.pullpush.io/reddit/comment/search/?ids=cmolnrw
2014-12-09,r/CombatFootage,"War, when embraced to the fullest, is the most god damned horrifying thing a person can experience. People love to wave the flag about WWII and babble poetically about the greatest generation, but some of those combat men had to embrace murder and hatred in ways modern Americans simply cannot understand. What is scary is this kind of thing is standard in the history of human conflict, only within the last 50 years has it become a horror (and only to western societies).",https://undelete.pullpush.io/r/CombatFootage/comments/2ok0bg/_/cmplpsv/,https://api.pullpush.io/reddit/comment/search/?ids=cmplpsv
2014-12-09,r/Military,"Fuck, I'm all drunk and crying. Anbar in 04-07 was a bitch for grunts, this shit brought up memories.",https://undelete.pullpush.io/r/Military/comments/2optyg/_/cmpm7iy/,https://api.pullpush.io/reddit/comment/search/?ids=cmpm7iy
2014-12-21,r/CombatFootage,"Well, he's an idiot. Intent does not a mercenary make, at least the lads in the video had military backgrounds. Untrained personnel who don't even speak the local language are nothing but a drain on existing combat capabilities.",https://undelete.pullpush.io/r/CombatFootage/comments/2pxqrr/_/cn188zg/,https://api.pullpush.io/reddit/comment/search/?ids=cn188zg
2014-12-21,r/Military,"Homeboy may have not fulfilled his commitment to the US, but it sure as shit isn't because he's a pussy. The legion is pretty all the annoying things of military service without any of the benefits like training budgets and gear. Some men aren't out for paychecks or stability, but the exact opposite.",https://undelete.pullpush.io/r/Military/comments/2pxlcf/_/cn18lng/,https://api.pullpush.io/reddit/comment/search/?ids=cn18lng
2014-12-29,r/Military,"Not always an issue of choice, many conventional commands simply weren't issuing good electronic ear pro. Patrolling with ear plugs is a dangerous proposition, and most guys don't wear them because you can't hear shit. I like my hearing, and ability to monitor comms, so I've used Peltors or Sordins for years, but they were purchased with my own cash. You won't find all that many joes dishing out 400 bucks for a set. 

And when I was a boot Corporal of Marines back in '06 I a-gunned a SMAW in combat without ear pro. It was loud.",https://undelete.pullpush.io/r/Military/comments/2qpuva/_/cn8nygc/,https://api.pullpush.io/reddit/comment/search/?ids=cn8nygc
2015-01-10,r/Military,"No, sadly the Air Force is the only branch that shows even a slight bit of intelligence about pistol use. The decocker is just that, a decocker. The French Beretta's (as in the ones built for the French Army) automatically flip back up off ""safe"", because it is a double action weapon. That long double action trigger pull is the safety, adding in an external safety is redundant and indicative of risk averse military idiocy over firearms effectiveness. SIG's are issued items as the M11, and they have no external safety, so why this freakout over not using the one on the M9?",https://undelete.pullpush.io/r/Military/comments/2rvu91/_/cnkkkox/,https://api.pullpush.io/reddit/comment/search/?ids=cnkkkox
2015-01-10,r/Military,"Must be rough for all those folks with SIGs, constantly being unsafe and what not.",https://undelete.pullpush.io/r/Military/comments/2rvu91/_/cnkkmd9/,https://api.pullpush.io/reddit/comment/search/?ids=cnkkmd9
2015-01-10,r/Military,"PTSD my ass, the guy was nuts and killed Kyle for his truck. People can just be nuts sometimes, it's not always ""the war"".",https://undelete.pullpush.io/r/Military/comments/2ryj5j/_/cnkkysj/,https://api.pullpush.io/reddit/comment/search/?ids=cnkkysj
2015-01-10,r/Military,"They are not, but both are DA/SA guns, so to argue that one is inherently unsafe without an external safety while the other isn't is pretty ridiculous. From your posts it's pretty clear you don't know very much about pistols and their proper usage, so I'll let that insult go as the lashing out of one who is realizing their own ignorance.",https://undelete.pullpush.io/r/Military/comments/2rvu91/_/cnknqc5/,https://api.pullpush.io/reddit/comment/search/?ids=cnknqc5
2015-01-11,r/Military,"Yes, I'm aware. It's why I pointed it out. Anyone who argues that the external safety on one DA/SA gun is a safety requirement while not seemingly requiring one on another obviously doesn't know very much about handguns and their usage. Hell, arguing the need for an external safety on a DA gun in the first place displays ignorance of effective pistol training.",https://undelete.pullpush.io/r/Military/comments/2rvu91/_/cnl41vd/,https://api.pullpush.io/reddit/comment/search/?ids=cnl41vd
2015-01-11,r/Military,"Hey man, it's ok. You actually have a decent background in pistol work, which is why you understand the idiocy of a redundant ""safety"" on a DA pistol. The guys arguing with you literally think not placing a double action secondary that resides mainly in a holster on safe is the equivalent of not placing a primary with a generally exposed single stage trigger. Anyone who can't logically work out that conundrum is not worth arguing with.",https://undelete.pullpush.io/r/Military/comments/2rvu91/_/cnldqpk/,https://api.pullpush.io/reddit/comment/search/?ids=cnldqpk
2015-01-11,r/Military,"Have you? And if so, please describe your handgun training.",https://undelete.pullpush.io/r/Military/comments/2rvu91/_/cnle9rr/,https://api.pullpush.io/reddit/comment/search/?ids=cnle9rr
2015-02-11,r/CombatFootage,"BARs, M1 Carbines, M16A1s and M14s. Logistics must be a bitch.",https://undelete.pullpush.io/r/CombatFootage/comments/2vj603/_/coi935d/,https://api.pullpush.io/reddit/comment/search/?ids=coi935d
2015-02-12,r/Military,Not to mention how utterly cheap a tough prop plane is to support and maintain compared to the logistics train it takes to keep jet fighter/bombers in the sky. One of the main reasons we (the US) have had such a hard time with our recent small wars is because how absurdly expensive we make them.  A few Super Tucano's could operate out of forward and austere airfields with a very small support force. We already posses the heavy lift capabilities to put them there.,https://undelete.pullpush.io/r/Military/comments/2vj6ax/_/coiy89x/,https://api.pullpush.io/reddit/comment/search/?ids=coiy89x
2015-02-20,r/Glocks,"100%. The benefit of a long slide is an increased sight radius, which increases accuracy with irons. But with an optic, sight radius becomes a non-issue, and that little bit of barrel length isn't going to give you any noticeable increase in accuracy. If OP is dead set on one optic slide and one irons, milling is the way to go.",https://undelete.pullpush.io/r/Glocks/comments/2wk0y4/_/coroe0b/,https://api.pullpush.io/reddit/comment/search/?ids=coroe0b
2015-03-05,r/todayilearned,"When I got back from Ramadi in '06, I went to Ireland with a buddy for our block leave. Most of the Irish were epically cool with where we'd come from (even if they generally thought it was all pretty idiotic, which I agreed with).

But because Ireland is a deeply left leaning nation, occasionally we'd run into someone who thought we were Satans plague upon the goodness of the world. Sitting in a dark Galway bar one evening, a middle aged gent started going off on us, and soon got to oft-used ""baby killers"" part. 

I looked him straight in the eye and said ""Sir, we're Marine infantry. We don't kill babies, we eat them."" He was quite drunk, so he looked at me in horrified belief as my buddy just nodded solemnly. We pounded our beers , tossed come cash on the bar, and walked out stoically before we burst into giggles in the street. That was a great trip.",https://undelete.pullpush.io/r/todayilearned/comments/2xxl0r/_/cp4pvhl/,https://api.pullpush.io/reddit/comment/search/?ids=cp4pvhl
2015-03-06,r/Glocks,"This is a fantastic post. 
",https://undelete.pullpush.io/r/Glocks/comments/2y37rr/_/cp5wgrm/,https://api.pullpush.io/reddit/comment/search/?ids=cp5wgrm
2015-03-09,r/todayilearned,"Watch the full video, he was using the Serpa when the ND occurred.
",https://undelete.pullpush.io/r/todayilearned/comments/2ycrnk/_/cp8oz2j/,https://api.pullpush.io/reddit/comment/search/?ids=cp8oz2j
2015-03-15,r/todayilearned,"Load up a ruck wih #50 and move continuously for 8-15 miles, if you can find a buddy to suffer with you grab a water jug or sand bag and enjoy handing it off to each other. Every few miles stop and get the party going with some fun activities like buddy carries and low crawling, mixing in body-weight work. Extra points for puking. Best part about this plan? It's free. Suffering doesn't require an admission fee.",https://undelete.pullpush.io/r/todayilearned/comments/2z0bx7/_/cpfck2i/,https://api.pullpush.io/reddit/comment/search/?ids=cpfck2i
2015-03-17,r/Military,"I never did really understand ""Message to Garcia"", but ""Rifleman Dodd"" was just pure badassery. One of the few times the Commandants Reading List didn't let me down.",https://undelete.pullpush.io/r/Military/comments/2za1ga/_/cph75gv/,https://api.pullpush.io/reddit/comment/search/?ids=cph75gv
2015-03-21,r/Military,"Marine Corps machinegunners still train on employing the .50 on an M3 tripod, and you can find some images from Helmand (2010-2011 timeframe) of .50's being employed in a ground role in larger company sized operations. I'm sure some of the more switched on Army infantry units do as well.",https://undelete.pullpush.io/r/Military/comments/2zti2j/_/cpmaw8o/,https://api.pullpush.io/reddit/comment/search/?ids=cpmaw8o
2015-03-22,r/Glocks,"I sent mine down to Mark Housel at L&amp;M Precision, turn around was roughly 2 weeks. After some research, it seemed milling was the best option for two reasons. 1: Bringing the dot closer to the center of bore, some set ups are just too high for my liking. 2: The bodies of RMR's can have minor differences in tolerances, so having the slide milled to your specific RMR and then installed will result in a tighter fit and more solid maintenance of zero.

If money was no issue, I'd have picked up an Atom slide from Unity. But I'm quite pleased with Marks work, and while it wasn't cheap it didn't shatter my bank account.",https://undelete.pullpush.io/r/Glocks/comments/2zuxxp/_/cpmks5h/,https://api.pullpush.io/reddit/comment/search/?ids=cpmks5h
2015-03-22,r/Glocks,"I was worried about that as well, but after following some threads on a number of forums, that doesn't seem to be an issue at all. The weak point always seems to be the optic, eventually.
",https://undelete.pullpush.io/r/Glocks/comments/2zuxxp/_/cpmmtfi/,https://api.pullpush.io/reddit/comment/search/?ids=cpmmtfi
2015-03-22,r/Glocks,"You won't be disappointed, as long as your fundamentals are solid the RMR really enhances accuracy, speed, and awareness of your target.",https://undelete.pullpush.io/r/Glocks/comments/2zuxxp/_/cpmn6o7/,https://api.pullpush.io/reddit/comment/search/?ids=cpmn6o7
2015-03-24,r/pics,"While I understand the sentiment, I can honestly say that Marine and Army infantry (did both) in wartime is still one hell of an awesome experience. Terrifying and deeply sad at times, but exciting would be an understatement. The sheer uniqueness of the experience makes it something I would do again in a heartbeat. Based off my continuing relationships with the guys I served with, this is a popular sentiment amongst the grunts.",https://undelete.pullpush.io/r/pics/comments/301obr/_/cpolvh3/,https://api.pullpush.io/reddit/comment/search/?ids=cpolvh3
2015-03-24,r/pics,"Not in my experience. Infantrymen are viciously proud of what they do, and the fact they are the only ones who do it, you'd be hard pressed to find guys who would prefer to do something else in uniform. And in modern war, vehicles and roads tend to be the places men die. Great thing about being on foot is being able to go anywhere and hide behind things. That's a bit simplistic, but should make sense.",https://undelete.pullpush.io/r/pics/comments/301obr/_/cpopiwh/,https://api.pullpush.io/reddit/comment/search/?ids=cpopiwh
2015-03-27,r/CombatFootage,"All this footage coming out of Iraq makes me chuckle at how bad most folks are at war.

Edit: To clarify, it shows that without proper training the average person is pretty terrible at inflicting violence upon their fellow humans. ",https://undelete.pullpush.io/r/CombatFootage/comments/30hiqh/_/cpsv9kt/,https://api.pullpush.io/reddit/comment/search/?ids=cpsv9kt
2015-03-27,r/CombatFootage,"While accuracy of the homemade tubes themselves would be an issue, I'd assume the lack of uniformity in the propellant makes it very hard to calculate firing solutions. In most professional armies the propellant is always the same, and can be layered accordingly for distance. Combining the known and uniform propellant charge with the angle of the tube, rounds can be quite accurately. Take away that uniform propellant (field/home made mixtures would be quite different depending on what is used), and the ability to calculate becomes almost impossible. If that uniformity changes round for round, even making direct visual adjustments to the splash of the fired rounds would be a mess.

With proper training a team could eventually get an average of where they get impacts with certain propellant, and even find a specific propellant mixture they stick to. Couple that with understanding of angles and trajectory and you could make them somewhat effective at close range. But that would take a lot of trial and error, as well as a background in indirect fire systems.",https://undelete.pullpush.io/r/CombatFootage/comments/30j09c/_/cpswbkv/,https://api.pullpush.io/reddit/comment/search/?ids=cpswbkv
2015-03-28,r/CombatFootage,You've lost me....,https://undelete.pullpush.io/r/CombatFootage/comments/30hiqh/_/cptrg8q/,https://api.pullpush.io/reddit/comment/search/?ids=cptrg8q
2015-03-28,r/CombatFootage,"OP had a question about homemade artillery in general, and while the video he linked doesn't do it I have seen numerous videos of guys out with levels of some kind at least attempting to get angles. Remember, some of these guys are former Syrian and Iraqi Army cats who actually have a little experience. Knowing that, I didn't want to generalize and say that stabilization of the tube NEVER happens. 

Like I said, the accuracy of the tubes is in fact an issue, but propellant is extremely important. If there is no uniformity, you can never range properly. If your target is linear (and most tend to be) a shanked round left or right may still have some effectiveness, but a long round will likely not count for shit and a short round can injure friendly troops. 

Source: Former Marine Corps Weapons Platoon Sergeant. And I have also had them all shot at me.",https://undelete.pullpush.io/r/CombatFootage/comments/30j09c/_/cptrtc1/,https://api.pullpush.io/reddit/comment/search/?ids=cptrtc1
2015-03-28,r/CombatFootage,"No argument there. 
",https://undelete.pullpush.io/r/CombatFootage/comments/30hiqh/_/cptrudv/,https://api.pullpush.io/reddit/comment/search/?ids=cptrudv
2015-03-29,r/todayilearned,"Considering the current state of the world, that is quite possibly the most absurd and narrow-minded statement of the day. Clearly no one else can be excited and motivated to support war than Americans. Certainly not Russians, Ukrainians, Shia Iraqis, Sunni Iraqis, Kurds in all regions, Saudis, any Da3sh volunteers, Iranians, Indian Maoists.....wait, I've missed Africa.....",https://undelete.pullpush.io/r/todayilearned/comments/30nvzp/_/cpu9c36/,https://api.pullpush.io/reddit/comment/search/?ids=cpu9c36
2015-04-10,r/HistoryPorn,"1st Cavalry is an Army unit, the Marine Corps has never had official cavalry formations outside of 4th Marines in China having a horse mounted section in the early 20th century.",https://undelete.pullpush.io/r/HistoryPorn/comments/325bm0/_/cq89yqw/,https://api.pullpush.io/reddit/comment/search/?ids=cq89yqw
2015-04-15,r/syriancivilwar,"This has really blown mind. When those first ANNA videos started to come out, it looked like there was some basic command and control utilizing infantry with armor, and I had thought we might see that evolve into a semi-effective mutually supportive force. Instead....it went the opposite direction. The institution must be utterly incapable of evolving on the battlefield in any major way.",https://undelete.pullpush.io/r/syriancivilwar/comments/32povc/_/cqdqxoy/,https://api.pullpush.io/reddit/comment/search/?ids=cqdqxoy
2015-04-22,r/Military,"I worked closely with a Legion OMLT in Afghanistan in 2010-2011, and can say without hesitation they were some of the most professional, fit, and aggressive soldiers I've ever interacted with. They did stress that they were all second-third enlistment guys, and the first term enlistment Legionnaires were a hit or miss crowd. ",https://undelete.pullpush.io/r/Military/comments/33g87x/_/cqkyhaw/,https://api.pullpush.io/reddit/comment/search/?ids=cqkyhaw
2015-04-30,r/syriancivilwar,"That's 40mm HEDP (high explosive dual purpose), US manufactured for the MK19 and MK47 grenade launchers.",https://undelete.pullpush.io/r/syriancivilwar/comments/34dw30/_/cqttwql/,https://api.pullpush.io/reddit/comment/search/?ids=cqttwql
2015-05-02,r/Military,"Wut....
",https://undelete.pullpush.io/r/Military/comments/34km6r/_/cqvwbkd/,https://api.pullpush.io/reddit/comment/search/?ids=cqvwbkd
2015-05-02,r/Military,"I agree with most of what you're saying in this thread, but to call the UBRR a ""popular as of late fitness program"" doesn't do it justice. The test was developed by actual SMEs in conjunction with a few specialized units looking for a specific kind of fitness level, not by a bunch of SGTs with their Level 1 Crossfit certs mimicking something they saw on youtube. Now it's been picked up by the majority of Group as it's a pretty solid standard.

And I've pulled myself in full kit over more walls and window sills than I can count. Anecdotal, but I think lots of combat infantry and SOF guys would have a similar experience.",https://undelete.pullpush.io/r/Military/comments/34jjbs/_/cqw7swh/,https://api.pullpush.io/reddit/comment/search/?ids=cqw7swh
2015-05-02,r/Military,"At no point did I say that PT standards should be the same across all job fields, nor did I advocate that the UBRR should be standard across the service. But you mis-characterized it as some random fitness fad, not the well thought out fitness standard for a specific type of unit that it is.


",https://undelete.pullpush.io/r/Military/comments/34jjbs/_/cqwbwia/,https://api.pullpush.io/reddit/comment/search/?ids=cqwbwia
2015-05-02,r/Military,"The UBRR isn't a fitness program, it's simply a test. It isn't crossfit or P90x, it is a standard that was decided on for a specific type of unit. How an individual or unit prepares for it may take things from fad workout programs, but it can also be trained for by simply doing the events. The UBRR has been around for a number of years, it was developed to test events that a specific unit felt were what was needed for their mission, and has very much become the unit standard in Group. 

 You've made some great statements in this thread, but to imply that everything that isn't in the PRT manual or part of big Army doctrine is a fad (and therefore improper) until it becomes doctrine is narrowminded.

I'm actually a huge fan of the PRT, and think that across the force commanders and NCO's should understand how to implement it properly to prepare their soldiers for the requirements of their specific job. I don't feel the UBRR is a standard that should be adopted forcewide, but it has it's place as a measurement of fitness for SOF, as well as certain infantry units.",https://undelete.pullpush.io/r/Military/comments/34jjbs/_/cqwf0rd/,https://api.pullpush.io/reddit/comment/search/?ids=cqwf0rd
2015-05-03,r/Military,"The guy said ""press/DL/squat"", nothing about Olympic lifting.",https://undelete.pullpush.io/r/Military/comments/34n92t/_/cqwm30y/,https://api.pullpush.io/reddit/comment/search/?ids=cqwm30y
2015-05-03,r/Military,"Really.....Olympic lifts are very technical and require intense amounts of coaching, and can result in serious injury when done improperly. You referenced them in response to the OP's mention of basic strength lifts, which is an unfair comparison. For a guy who keeps saying ""if you aren't an SME STFU"", you may want to follow your own advice.",https://undelete.pullpush.io/r/Military/comments/34n92t/_/cqwnpb8/,https://api.pullpush.io/reddit/comment/search/?ids=cqwnpb8
2015-05-03,r/Military,"I'm aware they are included in certification, but they are not the competition lifts. Any good strength coaching includes them because they are some of the best strength movements. You're a well educated guy, you know that calling the press/DL/squat Olympic lifts is incorrect. 

",https://undelete.pullpush.io/r/Military/comments/34n92t/_/cqx0dmg/,https://api.pullpush.io/reddit/comment/search/?ids=cqx0dmg
2015-05-08,r/IAmA,What in the sweet fuck....,https://undelete.pullpush.io/r/IAmA/comments/35beap/_/cr30wy6/,https://api.pullpush.io/reddit/comment/search/?ids=cr30wy6
2015-05-13,r/funny,"How's life going for you over there? (I'm looking at you, guy who likes telling strangers over the internet how fucked up they are because they realize literally none of this counts)",https://undelete.pullpush.io/r/funny/comments/35qk2d/_/cr7jjv8/,https://api.pullpush.io/reddit/comment/search/?ids=cr7jjv8
2015-05-19,r/Military,I hoped someone would appreciate the joke. ,https://undelete.pullpush.io/r/Military/comments/36f340/_/crdjg0k/,https://api.pullpush.io/reddit/comment/search/?ids=crdjg0k
2015-05-19,r/Military,"You read the outcome of a long Facebook thread involving questions about why we went to Iraq, bitching about stacking sandbags, and a hefty dose of Miller Lite. ",https://undelete.pullpush.io/r/Military/comments/36f340/_/crdjj0d/,https://api.pullpush.io/reddit/comment/search/?ids=crdjj0d
2015-05-19,r/Military,"Happy to hear my drunk typing is grammatically accurate. As for the fake conspiracy theory, it's more creative than 9/11 being an inside job.",https://undelete.pullpush.io/r/Military/comments/36f340/_/crdjlgu/,https://api.pullpush.io/reddit/comment/search/?ids=crdjlgu
2015-05-19,r/Military,YES,https://undelete.pullpush.io/r/Military/comments/36f340/_/crdkwj8/,https://api.pullpush.io/reddit/comment/search/?ids=crdkwj8
2015-05-19,r/USMC,I'll take that.,https://undelete.pullpush.io/r/USMC/comments/36f3x0/_/crej4wv/,https://api.pullpush.io/reddit/comment/search/?ids=crej4wv
2015-05-19,r/Military,He was still pissed about Louisiana.,https://undelete.pullpush.io/r/Military/comments/36f340/_/crej5k7/,https://api.pullpush.io/reddit/comment/search/?ids=crej5k7
2015-05-19,r/USMC,"I was hoping someone would get a chuckle out of my drunken conspiracy attempt.
",https://undelete.pullpush.io/r/USMC/comments/36f3x0/_/crem0o3/,https://api.pullpush.io/reddit/comment/search/?ids=crem0o3
2015-06-01,r/worldnews,Or maybe....just maybe....everyone credible looked into it and decided that as of now it isn't really a story. Which is why Huffpo needed to create such a hyperbolic title and ignore many of the facts surrounding the issue.,https://undelete.pullpush.io/r/worldnews/comments/383bs2/_/crs6zim/,https://api.pullpush.io/reddit/comment/search/?ids=crs6zim
2015-06-02,r/AdviceAnimals,"As someone who went to GW....yeah, that second one is disturbingly more likely.",https://undelete.pullpush.io/r/AdviceAnimals/comments/382zsy/_/crsmt5h/,https://api.pullpush.io/reddit/comment/search/?ids=crsmt5h
2015-06-11,r/Military,And seeing all the downvotes and responses....I can't help but be impressed at how good he is at it.,https://undelete.pullpush.io/r/Military/comments/39ewv8/_/cs3nji1/,https://api.pullpush.io/reddit/comment/search/?ids=cs3nji1
2015-06-20,r/atheism,"Yoga is a great stretching routine. If you expect anything else out of it, you're a bit of an idiot.",https://undelete.pullpush.io/r/atheism/comments/3aj3mk/_/csd4hma/,https://api.pullpush.io/reddit/comment/search/?ids=csd4hma
2015-07-10,r/Military,Err,https://undelete.pullpush.io/r/Military/comments/3cravd/_/csyyeco/,https://api.pullpush.io/reddit/comment/search/?ids=csyyeco
2015-07-17,r/AskReddit,The fuck are you on about?,https://undelete.pullpush.io/r/AskReddit/comments/3djsya/_/ct6634v/,https://api.pullpush.io/reddit/comment/search/?ids=ct6634v
2015-08-06,r/WTF,"My go to line was always ""Look, you can fight me if you want. But I work here, and there are a bunch of bored cops outside just looking to lock up someone like you. So you either leave now with no hard feelings, or you leave later on your way to jail.""

You'd be amazed at the glimmer of sober thought that would flash across the eyes of most tough guy drunks before they'd call me a motherfucking pussy but head for the door.",https://undelete.pullpush.io/r/WTF/comments/3fzv89/_/cttt97j/,https://api.pullpush.io/reddit/comment/search/?ids=cttt97j
2015-08-06,r/WTF,"Without question the loudest, most abusive folks are the ones who are on the way out. Likely because they know that since they're leaving there isn't much the bouncer is going to do that might stop their progression towards the exit. Oh well, just another perk of the job. Stay safe dude.

Edit: Mobile spelling",https://undelete.pullpush.io/r/WTF/comments/3fzv89/_/cttuett/,https://api.pullpush.io/reddit/comment/search/?ids=cttuett
2015-08-06,r/WTF,Other bouncers? HA!,https://undelete.pullpush.io/r/WTF/comments/3fzv89/_/cttz8zg/,https://api.pullpush.io/reddit/comment/search/?ids=cttz8zg
2015-08-06,r/WTF,What amazes me is the lack of diversity in how drunk people act. It's literally the same behavior and lines night after night. Someone ought to do a study.,https://undelete.pullpush.io/r/WTF/comments/3fzv89/_/ctu08a9/,https://api.pullpush.io/reddit/comment/search/?ids=ctu08a9
2015-08-07,r/WTF,"Happy to have the honor.
",https://undelete.pullpush.io/r/WTF/comments/3fzv89/_/ctul7zl/,https://api.pullpush.io/reddit/comment/search/?ids=ctul7zl
2015-08-08,r/WTF,Me or the white frat boys I only use this line on?,https://undelete.pullpush.io/r/WTF/comments/3fzv89/_/ctvsovn/,https://api.pullpush.io/reddit/comment/search/?ids=ctvsovn
2015-08-08,r/Military,"If some dogmatic West Point mantra is all that is keeping you on track...Brother, you need to re-evaluate. Leading men is the greatest privilege because those men are putting their faith in you, not because it is divined from some jingoistic higher power. 

You have the privilege of their trust and nothing else. If you allow that trust to be corrupted through piss poor leadership and management without standing up for them, then you'll find those three goofy words coming up short. 

Years ago I had a Sergeant Major (former infantry and Force Recon serving as a Battalion SgtMaj for a grunt unit on its 3rd pump after Fallujah and Ramadi) give a speech to all the NCO's in the battalion about leadership. His main point was that in the end good leadership is all about love. If you love your men, you will sacrifice your own security and stability in order to protect them. In turn they will love you back. 

And some day, when it all matters, that love is what will win fights and keep men alive. 

ETA: MacArthur was a self-promoting, narcissistic, arrogant piece of shit. He loved himself and not his men, which is why after Inchon he quite literally created a situation which led to the almost utter destruction of Almonds X Corps on the western flank in Korea. If that is the guy you look to for leadership quotes, I'd advise you look elsewhere.
",https://undelete.pullpush.io/r/Military/comments/3g7fp7/_/ctvt5uc/,https://api.pullpush.io/reddit/comment/search/?ids=ctvt5uc
2015-08-08,r/Military,"I hear you man. Sometimes it seems that day to day requirements and duties are purposefully emplaced to create a sense of rational defeatism and drive whatever idealism that is left in decent leaders from their souls. My post was idealistic, which of course means it won't offer an ounce of pragmatic advice to a guy trying to navigate the bureaucratic absurdity that is modern military ""command"". 

You sound like a solid guy, and the fact you are critical of your current role means that it is quite likely your men are lucky as hell to have you as an XO. Good luck, and keep up the good fight.",https://undelete.pullpush.io/r/Military/comments/3g7fp7/_/ctvvc21/,https://api.pullpush.io/reddit/comment/search/?ids=ctvvc21
2015-08-11,r/todayilearned,Thank you. How has Howie Long not made it into this thread yet?!?,https://undelete.pullpush.io/r/todayilearned/comments/3gk94z/_/ctz8w3n/,https://api.pullpush.io/reddit/comment/search/?ids=ctz8w3n
2015-08-18,r/Military,"I saw this happen on Abu Ghraib in 2005, although it was a female Army LTCOL, and she fired three rounds while a bunch of Marine grunts looked on and giggled like school girls. It may have kept rolling, but some merciful Army SFC came over and quietly took the weapon.",https://undelete.pullpush.io/r/Military/comments/3hdq5p/_/cu6lz5e/,https://api.pullpush.io/reddit/comment/search/?ids=cu6lz5e
2015-09-11,r/todayilearned,"""Bomber"" Harris has another badass quote. One night he was driving at high speed from Bomber Command back to London, and was pulled over by a policeman. 

The story goes the policeman admonished him, saying ""You could have killed someone!""

To which Harris offhandedly replied ""Young man, I kill thousands of people every night.""",https://undelete.pullpush.io/r/todayilearned/comments/3kjga8/_/cuy489y/,https://api.pullpush.io/reddit/comment/search/?ids=cuy489y
2015-09-11,r/todayilearned,"To be fair, lots of historical ""badasses"" were pretty awful men. Sort of goes with the killing thing.",https://undelete.pullpush.io/r/todayilearned/comments/3kjga8/_/cuybvkp/,https://api.pullpush.io/reddit/comment/search/?ids=cuybvkp
2015-09-11,r/todayilearned,"To be fair, lots of historical ""badasses"" were pretty awful men. Sort of goes with the killing thing.",https://undelete.pullpush.io/r/todayilearned/comments/3kjga8/_/cuybvkp/,https://api.pullpush.io/reddit/comment/search/?ids=cuybvkp
2015-09-12,r/todayilearned,"I hadn't heard that one, that sums up strategic bombing quite succinctly.",https://undelete.pullpush.io/r/todayilearned/comments/3kjga8/_/cuyqjg1/,https://api.pullpush.io/reddit/comment/search/?ids=cuyqjg1
2015-09-24,r/funny,"Ah, there's the crossfitter.",https://undelete.pullpush.io/r/funny/comments/3m47wp/_/cvc4edu/,https://api.pullpush.io/reddit/comment/search/?ids=cvc4edu
2015-09-24,r/funny,"Haha, sure thing there buddy.",https://undelete.pullpush.io/r/funny/comments/3m47wp/_/cvcomvm/,https://api.pullpush.io/reddit/comment/search/?ids=cvcomvm
2015-09-26,r/Military,"Sadly the only folks who understand the points you just made are infantrymen. This is the biggest issue with this whole situation, the only folks who actually understand what makes the grunts tick are, well, grunts. But that means no one else will get the arguments, so it's easy to brand us all as misguided misogynists. ",https://undelete.pullpush.io/r/Military/comments/3memgy/_/cvfa1kk/,https://api.pullpush.io/reddit/comment/search/?ids=cvfa1kk
2015-09-27,r/Military,"You may not, sure. Truth of the matter is I wouldn't either, especially after I grew up a little. But I also remember what it was like being 19 years old and getting ready to go to Fallujah with a bunch of other 19 year olds who just wanted to drink their faces off, bang chicks, and fucking kill people. 

That immature hyper-masculine aggressiveness is why our 19 year olds are better at taking ground and murdering people than other nations 19 year olds. It's a peculiar elixir that is very hard to explain to folks, and really doesn't need to exist anywhere outside of the niche spot that at its most pure form asks young men to move very long distances simply to enter an enemy position and, if need be, kill another person at very close range. In that place, aggressiveness, violence, anger, and camaraderie are the things that are needed, and in my experience those are virtues that are best nurtured in an all male immature masculine culture. ",https://undelete.pullpush.io/r/Military/comments/3memgy/_/cvfw3gx/,https://api.pullpush.io/reddit/comment/search/?ids=cvfw3gx
2015-09-27,r/Military,"Well then we wouldn't need the infantry at all. But good luck with that one. Out of curiosity, who were you a sniper with? That's just a curious thing for a STA guy or B4 to ask.",https://undelete.pullpush.io/r/Military/comments/3memgy/_/cvfx7p7/,https://api.pullpush.io/reddit/comment/search/?ids=cvfx7p7
2015-09-27,r/Military,"No shit? I was Kilo 3/8, 2004-2008. ",https://undelete.pullpush.io/r/Military/comments/3memgy/_/cvg4x5k/,https://api.pullpush.io/reddit/comment/search/?ids=cvg4x5k
2015-09-27,r/Military,I was the first boot drop right after you guys got back.,https://undelete.pullpush.io/r/Military/comments/3memgy/_/cvg6yad/,https://api.pullpush.io/reddit/comment/search/?ids=cvg6yad
2015-10-06,r/UkrainianConflict,Anyone have an idea of what the pay is like?,https://undelete.pullpush.io/r/UkrainianConflict/comments/3npbvn/_/cvqgsnu/,https://api.pullpush.io/reddit/comment/search/?ids=cvqgsnu
2015-10-12,r/worldnews,"Well, you're an idiot. This drop was, in fact, sent to the YPG.",https://undelete.pullpush.io/r/worldnews/comments/3oguy5/_/cvxg4qb/,https://api.pullpush.io/reddit/comment/search/?ids=cvxg4qb
2015-10-12,r/worldnews,"You don't know much about Euphrates Volcano or the YPG, do you?",https://undelete.pullpush.io/r/worldnews/comments/3oguy5/_/cvxg874/,https://api.pullpush.io/reddit/comment/search/?ids=cvxg874
2015-10-12,r/worldnews,"But to make statements based on what you just described would be, well....ignorant. So it's confusing and convoluted, you either spend the time to figure out what is going on to the best to your ability in order to make educated statements, or you just come to emotional conclusions with little basis in research and reality. Pretty sure that second one could be described as ignorance.",https://undelete.pullpush.io/r/worldnews/comments/3oguy5/_/cvxgft2/,https://api.pullpush.io/reddit/comment/search/?ids=cvxgft2
2015-10-12,r/worldnews,"Please, provide a detailed summary of why the statement is worthy of an ""LOL""",https://undelete.pullpush.io/r/worldnews/comments/3oguy5/_/cvxgi35/,https://api.pullpush.io/reddit/comment/search/?ids=cvxgi35
2015-10-13,r/worldnews,So who has control of the munitions?,https://undelete.pullpush.io/r/worldnews/comments/3oguy5/_/cvxkhx2/,https://api.pullpush.io/reddit/comment/search/?ids=cvxkhx2
2015-10-13,r/worldnews,Yes.,https://undelete.pullpush.io/r/worldnews/comments/3oguy5/_/cvxkie9/,https://api.pullpush.io/reddit/comment/search/?ids=cvxkie9
2015-10-13,r/worldnews,Can you provide me with evidence the YPG are nothing but an effective anti-ISIS fighting outfit?,https://undelete.pullpush.io/r/worldnews/comments/3oguy5/_/cvxo21s/,https://api.pullpush.io/reddit/comment/search/?ids=cvxo21s
2015-10-13,r/worldnews,"But the YPG has an immense amount of documented background (unlike the vast majority of other Syrian rebel outfits, who tend to change names and alliances often). The Rojava based units can be easily followed and their goals understood.",https://undelete.pullpush.io/r/worldnews/comments/3oguy5/_/cvxojq5/,https://api.pullpush.io/reddit/comment/search/?ids=cvxojq5
2015-10-13,r/atheism,"Well, to be fair, it seems that the LAPD knows.",https://undelete.pullpush.io/r/atheism/comments/3oh9wc/_/cvxvj6o/,https://api.pullpush.io/reddit/comment/search/?ids=cvxvj6o
2015-10-13,r/atheism,"I dig any take down of Scientology, but it does bother me a little that she's about to make a bunch of money from a book and film that is going to lay out a bunch of shit the rest of us already know. 

It's like ""hey guys, I spent 20 years believing shit all of you already knew was absurd! Buy my book examining how it took me all that time to figure out the things that sounded insane to all of you in the first 30 seconds!""

I realize she was brought in by her mother, but it's a bit silly. Congrats, it took you all that time to realize you were in a cult.",https://undelete.pullpush.io/r/atheism/comments/3oh9wc/_/cvxw10r/,https://api.pullpush.io/reddit/comment/search/?ids=cvxw10r
2015-10-15,r/Military,"Buddy of mine likes to refer to Afghan as a live fire NTC rotation. Enough combat to keep us playing with equipment and TTP's, but not intense enough to really damage our ability to project violence. Plus you get generations worth of NCO's and junior O's who know what incoming fire sounds like. While it's not the most popular opinion, it always makes me chuckle.",https://undelete.pullpush.io/r/Military/comments/3oujka/_/cw0s9x4/,https://api.pullpush.io/reddit/comment/search/?ids=cw0s9x4
2015-10-15,r/Military,"Afghanistan post 2006ish has never really been about fixing the place, not on the ground anyways. Anyone who has done a semi-legitimate deployment there can tell that it's been one rotating career enhancer for everyone involved. Higher echelon O's got their combat command time, junior O's got to actually lead men and tackle complex problems, NCO's got to work out the kinks of leading boys and girls in combat, and the kids got to blow shit up and occasionally kill someone. 

And honestly? I've become ok with that. I was pissed on my first Afghan tour because I still believed, and got intensely frustrated watching commanders make the same mistakes I saw as a young LCpl in Fallujah back in '05. But when I gave up on it really having some higher purpose and just focused on the work, I enjoyed the hell out of myself. 

In the end, I'd just like to see a little more honesty. Nobody gives a shit about Afghanistan, including most of the Afghans. Tell the boys you're heading over to get some experience and fire some HEDP at folks and I guarantee the grunts will still be happy as clams. We've been doing that for about a decade anyways, no need to sugar coat it anymore. 

But I've also become a cynical asshole, so take that for what it's worth.",https://undelete.pullpush.io/r/Military/comments/3oujka/_/cw0tv0x/,https://api.pullpush.io/reddit/comment/search/?ids=cw0tv0x
2015-10-15,r/Military,"Not much, TBH. It's all advise and assist, but only a small amount is on the tactical level (we made the decision that the ANA was good enough to start focusing on higher echelon advising a few years back). My comment is definitely more geared to how things stood a couple of rotations back, but with this announcement and the recent stuff up north, I don't put it beyond the scope of reality that our involvement may pick up again, although on a strategic level I hope it doesn't.",https://undelete.pullpush.io/r/Military/comments/3oujka/_/cw12ugd/,https://api.pullpush.io/reddit/comment/search/?ids=cw12ugd
2015-10-15,r/Military,"I don't disagree, but after the last 15 years I won't put it past us haha",https://undelete.pullpush.io/r/Military/comments/3oujka/_/cw1349i/,https://api.pullpush.io/reddit/comment/search/?ids=cw1349i
2015-10-17,r/Military,That sounds spot on with what I've heard as well.,https://undelete.pullpush.io/r/Military/comments/3oujka/_/cw2q68x/,https://api.pullpush.io/reddit/comment/search/?ids=cw2q68x
2015-10-20,r/3gun,"The weight is worth it. Fantastic piece of glass, to be honest I'd feel comfortable putting on a service rifle and taking it to war. ",https://undelete.pullpush.io/r/3gun/comments/3pdfms/_/cw64zbu/,https://api.pullpush.io/reddit/comment/search/?ids=cw64zbu
2015-10-20,r/syriancivilwar,Or an immense amount of deeply depressing killing.,https://undelete.pullpush.io/r/syriancivilwar/comments/3pgfo8/_/cw66nqe/,https://api.pullpush.io/reddit/comment/search/?ids=cw66nqe
2015-10-20,r/CombatFootage,"Well, maybe this is good evidence that inaccurate hip firing around a corner in order to alert the other side that someone might be wandering out with an RPG is not, in fact, the best use of a medium machinegun. But hey, what do I know.",https://undelete.pullpush.io/r/CombatFootage/comments/3pghth/_/cw66sry/,https://api.pullpush.io/reddit/comment/search/?ids=cw66sry
2015-10-20,r/CombatFootage,That's not suppressive fire. That's inaccurate ammunition wasting. Suppressive fire needs to either impact the enemy position or come so close that to remain exposed would likely result in getting hit. What that guy was doing was making noise and alerting everyone to look in his direction. Folks who think that kind of shooting is actually suppressive have clearly never been in a position that's being suppressed with rifle and MG fire.,https://undelete.pullpush.io/r/CombatFootage/comments/3pghth/_/cw6mrzn/,https://api.pullpush.io/reddit/comment/search/?ids=cw6mrzn
2015-10-20,r/CombatFootage,"Initiating an ambush with HE is good tactics, especially if you aren't initiating a close ambush (which is better to initiate with closed bolt rifles or some form of mine, mainly because of reliability issues.)",https://undelete.pullpush.io/r/CombatFootage/comments/3pghth/_/cw6ouuk/,https://api.pullpush.io/reddit/comment/search/?ids=cw6ouuk
2015-10-23,r/videos,"Is there evidence of that? In the video a girl says something to the effect of ""if they get in, hold on to your stuff"", doesn't sound like something you'd say about the police. Secondly, those kids really don't look like they are holding off riot cops, or prepared for what comes next once the police breach the doors. Methinks you are full of shit.",https://undelete.pullpush.io/r/videos/comments/3ptqi4/_/cw9jlcp/,https://api.pullpush.io/reddit/comment/search/?ids=cw9jlcp
2015-10-26,r/guns,"Where I come from, people like you are called ""fucking idiots"". Do a modicum of research before you start calling someone a liar.",https://undelete.pullpush.io/r/guns/comments/3q7r9g/_/cwd1c1k/,https://api.pullpush.io/reddit/comment/search/?ids=cwd1c1k
2015-10-29,r/worldnews,"No. It was in Iraq, where the U.S. openly has troops in an advise and assist role.",https://undelete.pullpush.io/r/worldnews/comments/3qp0x8/_/cwhg99e/,https://api.pullpush.io/reddit/comment/search/?ids=cwhg99e
2015-11-14,r/worldnews,"Sadly, we may have to kill for that.",https://undelete.pullpush.io/r/worldnews/comments/3sphue/_/cwzhqxh/,https://api.pullpush.io/reddit/comment/search/?ids=cwzhqxh
2015-11-29,r/Glocks,"I've had great experience with Mark Housel at L&amp;M Precision, had an RMR miller into my 17.",https://undelete.pullpush.io/r/Glocks/comments/3ur3ns/_/cxh4d69/,https://api.pullpush.io/reddit/comment/search/?ids=cxh4d69
2015-12-02,r/pics,"I'm 31, going to school after being in the service for a bit. Imagine my surprise when I went to buy a calculator and it was the same damn thing I had when cell phones were Nokia bricks.",https://undelete.pullpush.io/r/pics/comments/3v6d0h/_/cxkxn6t/,https://api.pullpush.io/reddit/comment/search/?ids=cxkxn6t
2015-12-09,r/AdviceAnimals,Actually.....there were lots of Yale students who went to war during WWII. It's an easy Google search....,https://undelete.pullpush.io/r/AdviceAnimals/comments/3vyr8d/_/cxsio0p/,https://api.pullpush.io/reddit/comment/search/?ids=cxsio0p
2015-12-16,r/todayilearned,"Actually, suicide rates have been found to have no connection with combat deployments.

http://www.militarytimes.com/story/military/benefits/health-care/2015/04/01/suicide-troops-veterans-combat-study-says-no-link-between-combat-deployment-suicides/70771276/",https://undelete.pullpush.io/r/todayilearned/comments/3x2zk8/_/cy1e283/,https://api.pullpush.io/reddit/comment/search/?ids=cy1e283
2015-12-20,r/CombatFootage,"Back in '05 in Fallujah sometimes guys used weapons we picked up, I had a company Gunny who rolled with a FAL for most of the deployment. By '06 most of that had been cracked down on.",https://undelete.pullpush.io/r/CombatFootage/comments/3xjfj6/_/cy5h88s/,https://api.pullpush.io/reddit/comment/search/?ids=cy5h88s
2015-12-20,r/todayilearned,"MilitaryTimes is owned by USAToday, it has no official affiliation with the services.",https://undelete.pullpush.io/r/todayilearned/comments/3x2zk8/_/cy5jpj2/,https://api.pullpush.io/reddit/comment/search/?ids=cy5jpj2
2015-12-20,r/CombatFootage,"Looked like an IA guy, the collar on his IBA was the kind our ING and IA had back in '05",https://undelete.pullpush.io/r/CombatFootage/comments/3xjfj6/_/cy5jqjp/,https://api.pullpush.io/reddit/comment/search/?ids=cy5jqjp
2015-12-27,r/AskReddit,"Four tours as an infantryman in the Marines and then Army, did both Iraq and Afghanistan. It's hard to explain how much I enjoyed combat. It is both physically and intellectually challenging, and incredibly exciting (especially the first few times). I was never a huge fan of killing, at least not for killings sake, but I did love winning and that required killing. 

When a fight is over and your element has not only survived but also killed or captured enemy combatants.....well, it's a feeling of accomplishment that cannot be replicated. It's one of the purest forms of contest, but explaining that to someone who hasn't experienced it is difficult.

In the end, civilian life really seems devoid of purpose or excitement after intense combat. Given the choice of a safe, stable, and fulfilled civilian life or another tour like Ramadi in 2006, I wouldn't even hesitate.",https://undelete.pullpush.io/r/AskReddit/comments/3ye2s4/_/cycoy0z/,https://api.pullpush.io/reddit/comment/search/?ids=cycoy0z
2015-12-27,r/syriancivilwar,"Good on the ISF. I lived at the Gov Center for 7 months back in 2006, this means a lot.",https://undelete.pullpush.io/r/syriancivilwar/comments/3ye553/_/cycpqyf/,https://api.pullpush.io/reddit/comment/search/?ids=cycpqyf
2015-12-27,r/AskReddit,"Sadly no, I got out to go to college where I am now. Once  I finish up I'd like to return to soldiering. That said, the military and deployments have changed immensely, the things I miss are simply not there anymore.",https://undelete.pullpush.io/r/AskReddit/comments/3ye2s4/_/cycpspp/,https://api.pullpush.io/reddit/comment/search/?ids=cycpspp
2015-12-27,r/AskReddit,Not in the manner we were for a decade plus.,https://undelete.pullpush.io/r/AskReddit/comments/3ye2s4/_/cycqs50/,https://api.pullpush.io/reddit/comment/search/?ids=cycqs50
2015-12-27,r/AskReddit,"Honestly it doesn't really work like that. Some experiences are terrifying, some deeply saddening, some uplifting, all exciting. ",https://undelete.pullpush.io/r/AskReddit/comments/3ye2s4/_/cycr5pw/,https://api.pullpush.io/reddit/comment/search/?ids=cycr5pw
2015-12-27,r/AskReddit,"That's a question societies have been asking about warriors for a very long time, and frankly I think that our modern society is very likely the most unwelcoming of warriors who enjoyed war. Not in any malicious or purposeful way, just because virtues in combat (aggression and intense emotional connection with comrades) have almost no place in our very safe yet emotionally distant society. I've come to the conclusion that there really isn't a place for me in the civilian world, at least not one I would find any enjoyment in. ",https://undelete.pullpush.io/r/AskReddit/comments/3ye2s4/_/cycrifc/,https://api.pullpush.io/reddit/comment/search/?ids=cycrifc
2015-12-27,r/AskReddit,"I've worked in the contracting field. It's not the same, glorified bodyguards. It's aggressive offensive action I miss, leading a rifle squad or machinegun section in combat was a really fulfilling experience. Contracting pays well, but it's entirely defensive.",https://undelete.pullpush.io/r/AskReddit/comments/3ye2s4/_/cycrq6n/,https://api.pullpush.io/reddit/comment/search/?ids=cycrq6n
2015-12-27,r/AskReddit,"Amusingly I'm an incredibly non-violent guy, I despise fighting for any reason besides mission accomplishment or survival. I don't get very angry, and certainly am not a danger to anyone around me. Just deeply unfulfilled, haha.",https://undelete.pullpush.io/r/AskReddit/comments/3ye2s4/_/cycs3qk/,https://api.pullpush.io/reddit/comment/search/?ids=cycs3qk
2015-12-27,r/AskReddit,It's why I'm in school. ,https://undelete.pullpush.io/r/AskReddit/comments/3ye2s4/_/cycszs8/,https://api.pullpush.io/reddit/comment/search/?ids=cycszs8
2015-12-27,r/AskReddit,"I shoot 3gun and 2gun, it's a great way to blow off steam and is fantastic training for shooting under stress.",https://undelete.pullpush.io/r/AskReddit/comments/3ye2s4/_/cyctqko/,https://api.pullpush.io/reddit/comment/search/?ids=cyctqko
2015-12-27,r/AskReddit,"Same thing man, although I'd rather go to a full on conventional fight with Marine grunts. There is simply a more institutional obsession with aggression and leadership. That said, I found some places in the Army that had were full of incredibly solid fighters, and there was more of a focus on tactical proficiency than pure aggression and violence. 

All that said, 19 year old grunts are 19 year old grunts. They want to drink, fuck, and kill something. The only differences are in how their respective institutions utilize them.

I also went to the Army as a Sergeant, so my critique tends to be far more about leadership (which the Corps excels at and the Army does not).

ETA: Just saw the ""airborne"". Guys in Rakkasans, the 82nd, and Marine infantry battalions are exactly the same, we all just joined a different thing at 18.",https://undelete.pullpush.io/r/AskReddit/comments/3ye2s4/_/cycue4j/,https://api.pullpush.io/reddit/comment/search/?ids=cycue4j
2015-12-27,r/AskReddit,"I've thought about it at length, but to be entirely honest the things that attract me to law enforcement are the same things that bother me about the current state of law enforcement (militarization and aggression). If a guy wants to fight the enemy, I don't think being a cop is the best thing for them to do.",https://undelete.pullpush.io/r/AskReddit/comments/3ye2s4/_/cycuq0x/,https://api.pullpush.io/reddit/comment/search/?ids=cycuq0x
2015-12-27,r/AskReddit,"Yeah man, there was a reason we joined the infantry, and it's not because we weren't angry young men.",https://undelete.pullpush.io/r/AskReddit/comments/3ye2s4/_/cycuso6/,https://api.pullpush.io/reddit/comment/search/?ids=cycuso6
2015-12-27,r/AskReddit,Totally missed the sarcasm. Rock on dude.,https://undelete.pullpush.io/r/AskReddit/comments/3ye2s4/_/cycv1up/,https://api.pullpush.io/reddit/comment/search/?ids=cycv1up
2015-12-27,r/AskReddit,"Losing friends. We all volunteered, we all knew what we were getting ourselves into, but when you're 19 or 20 and you watch a close friend die or be horrifically injured, it's a terrible thing.",https://undelete.pullpush.io/r/AskReddit/comments/3ye2s4/_/cycv4dk/,https://api.pullpush.io/reddit/comment/search/?ids=cycv4dk
2015-12-27,r/AskReddit,"It's the numbness that sucks the most. Nothing really makes me ""feel"" anymore. Reminds me of when I talk to former meth heads, they talk about any kind of feeling just being absent from life. Good luck brother, maybe someday we'll find it again.",https://undelete.pullpush.io/r/AskReddit/comments/3ye2s4/_/cycvco2/,https://api.pullpush.io/reddit/comment/search/?ids=cycvco2
2015-12-27,r/AskReddit,"Man, this is so true. There is no ""type"" that takes to fighting. There were guys who talked all sorts of shit who were absolutely worthless in combat, and guys who talked a big game to backed it up. Small weaklings who excelled and weaklings who were, in fact, just weak. How guys have reacted years later also follows no real logic, everyone has their own way of dealing with it. 

The only certainty is that it's all uncertain.",https://undelete.pullpush.io/r/AskReddit/comments/3ye2s4/_/cycvgzw/,https://api.pullpush.io/reddit/comment/search/?ids=cycvgzw
2015-12-27,r/AskReddit,"You may get it, but in my experience explaining that war was the most enjoyable experience of my life has tended to not go over all that well.",https://undelete.pullpush.io/r/AskReddit/comments/3ye2s4/_/cycxp9r/,https://api.pullpush.io/reddit/comment/search/?ids=cycxp9r
2015-12-27,r/AskReddit,"It's not really the adrenaline for me. More the mastery of tactics and planning, and the fact that failure in that mastery had very serious repercussions. I was never out chasing a high, I was chasing fights. ",https://undelete.pullpush.io/r/AskReddit/comments/3ye2s4/_/cyczbmc/,https://api.pullpush.io/reddit/comment/search/?ids=cyczbmc
2015-12-27,r/AskReddit,Having once fought in a place doesn't give one any special insight into the political and historical background of it.,https://undelete.pullpush.io/r/AskReddit/comments/3ye2s4/_/cyczxav/,https://api.pullpush.io/reddit/comment/search/?ids=cyczxav
2015-12-27,r/AskReddit,That's the plan.,https://undelete.pullpush.io/r/AskReddit/comments/3ye2s4/_/cyd0jz8/,https://api.pullpush.io/reddit/comment/search/?ids=cyd0jz8
2015-12-27,r/AskReddit,"No, fighting is the realm of enlisted men, not officers.",https://undelete.pullpush.io/r/AskReddit/comments/3ye2s4/_/cyd30z8/,https://api.pullpush.io/reddit/comment/search/?ids=cyd30z8
2015-12-27,r/AskReddit,"Don't cut yourself on all that edge kid, it's a dangerous world out there.",https://undelete.pullpush.io/r/AskReddit/comments/3ye2s4/_/cyd3a4v/,https://api.pullpush.io/reddit/comment/search/?ids=cyd3a4v
2015-12-27,r/AskReddit,"That's not exactly how operating units work. Staying in the enlisted ranks, in certain fields, allows a man to stay operational for a very long time. Becoming an officer effectively hamstrings that.",https://undelete.pullpush.io/r/AskReddit/comments/3ye2s4/_/cyd40t3/,https://api.pullpush.io/reddit/comment/search/?ids=cyd40t3
2015-12-28,r/AskReddit,"Sure thing buddy, you keep on keeping on.",https://undelete.pullpush.io/r/AskReddit/comments/3ye2s4/_/cydd0h2/,https://api.pullpush.io/reddit/comment/search/?ids=cydd0h2
2015-12-31,r/politics,"I'm 31, served in Iraq and Afghanistan, have worked since getting out of the service, happily pay my taxes understanding that it benefits society as a whole and therefore me as well. I'm supporting Bernie because I feel sacrifices must be made to build a better society and a heavier tax burden is worth it (not to mention that simple reform can help pay for these policies).

In other words: Fuck your condescending comment, you fucking asshat.",https://undelete.pullpush.io/r/politics/comments/3yu0fa/_/cygz8c8/,https://api.pullpush.io/reddit/comment/search/?ids=cygz8c8
2016-01-05,r/MakingaMurderer,"I think you know what she means, but are purposefully ignoring it. If a person walks up to another in a public space and shoots them in the head, with numerous witnesses and then confesses (because clearly it occurred), she is saying she would prefer a separate system for crimes of such clarity. 

Confessions alone would not suffice in such a case, it would have to be a case of confession combined with overwhelming evidence. To say that crimes of this type do not exist is disingenuous at best.",https://undelete.pullpush.io/r/MakingaMurderer/comments/3zbxf7/_/cym75xl/,https://api.pullpush.io/reddit/comment/search/?ids=cym75xl
2016-01-12,r/3gun,"I'm in DC metro area, and this is the best place for comps around here. Hell of a hike from Baltimore, but it's all I know for regular matches around here.",https://undelete.pullpush.io/r/3gun/comments/40ikn1/_/cyuqxay/,https://api.pullpush.io/reddit/comment/search/?ids=cyuqxay
2016-01-16,r/syriancivilwar,"It's ironic, that ""sharks fin"" is former Hurricane Point, where Marine battalions who operated in the city were based in '05-'06. I spent 8 months there and the Government Center a decade ago, sort of amusing to see the two places we'd focused our attention are some of the last Da'esh holdouts.",https://undelete.pullpush.io/r/syriancivilwar/comments/418b5i/_/cz0t2sy/,https://api.pullpush.io/reddit/comment/search/?ids=cz0t2sy
2016-01-22,r/Military,In my experience the level of care at the VA is actually pretty good. It's finding it within the bureaucracy that is a fucking nightmare.,https://undelete.pullpush.io/r/Military/comments/421dsd/_/cz76l6j/,https://api.pullpush.io/reddit/comment/search/?ids=cz76l6j
2016-03-22,r/Glocks,Finally.,https://undelete.pullpush.io/r/Glocks/comments/4bg7rh/_/d19c0gq/,https://api.pullpush.io/reddit/comment/search/?ids=d19c0gq
2016-04-02,r/Military,"3/8, 1/6 replaced us in late September.",https://undelete.pullpush.io/r/Military/comments/4d2459/_/d1nbxfp/,https://api.pullpush.io/reddit/comment/search/?ids=d1nbxfp
2016-04-03,r/Military,"Mac was an absolute badass, guy voluntarily left STA to support a line company in need of a platoon sergeant. Semper Fi brother,  always good to run into another 3/8 man. Check out www.38VFR.org , we're still getting it off the ground but right now it's just Kilo and Weapons guys, we're trying to get India and Lima in the mix.",https://undelete.pullpush.io/r/Military/comments/4d2459/_/d1nk75n/,https://api.pullpush.io/reddit/comment/search/?ids=d1nk75n
2016-04-03,r/Military,Awesome brother. Take it easy out there.,https://undelete.pullpush.io/r/Military/comments/4d2459/_/d1nmwj0/,https://api.pullpush.io/reddit/comment/search/?ids=d1nmwj0
2016-04-03,r/MilitaryStories,"Grew up in Ellsworth, went to high school in Bangor.
",https://undelete.pullpush.io/r/MilitaryStories/comments/4d38im/_/d1nqlu5/,https://api.pullpush.io/reddit/comment/search/?ids=d1nqlu5
2016-04-03,r/Military,"You guys did great work in Ramadi, helped take what was a total no go zone into some form of stability. Many of us 3/8 guys really appreciate the work 1/6 did, makes it seem a little more worth it.",https://undelete.pullpush.io/r/Military/comments/4d2459/_/d1nr09u/,https://api.pullpush.io/reddit/comment/search/?ids=d1nr09u
2016-04-03,r/Military,"I'll never forget my first few days in Ramadi. Within 20 minutes of dropping my shit at the hooch on HP both OP VA and the Gov Center were in massive contact, and a oil tanker rigged as an SVBIED was detonated at 295. 

I was standing at HP looking east at a gigantic fireball rising framed by a sky full of tracer fire. While it was my second deployment, at that moment I started to really feel scared.

24 hours later on my first watch at Post Charlie at the Gov Center some dude came walking out from Firestation and started putting in an IED just 150m away on Michigan. We killed our first guy in the first two hours of post. 

That city was something else entirely.",https://undelete.pullpush.io/r/Military/comments/4d2459/_/d1nsz77/,https://api.pullpush.io/reddit/comment/search/?ids=d1nsz77
2016-04-03,r/MilitaryStories,"Thank you for the welcome. I've been reading a number of the other posts here, what a great sub you guys have.",https://undelete.pullpush.io/r/MilitaryStories/comments/4d38im/_/d1o9lzq/,https://api.pullpush.io/reddit/comment/search/?ids=d1o9lzq
2016-04-04,r/Military,"Abu Ghraib Prison, 2005.

My rifle company is using the prison as a patrol base for our AO in the Nasser Wa Salaam/Karmah area east of Fallujah. Had our own little compound within the prison that we pulled our own security on. Why did we pull security on our own compound within the walls of one of the securest places in Iraq? Fuck you, that's why.

Anyways, the chow hall on Abu Ghraib was amazing. The walls of the prison were manned by a Marine artillery company, so when you weren't out on patrol life was pretty chill. Since we were some of the few people at the prison who were actually outside the wire fighting the war, everyone treated us really well. We'd roll over in squads, sweaty and filthy and exhausted, and all these support folks would send us to the front of the line. It was a good life.

The vast majority of the people at the prison supported the detainee operation there. It was a mix of Army, Navy, Air Force types, with a heavy array of mid-level O's. One of these folks put on the finest display of officer stupidity I have ever had the pleasure to witness personally.

One day my group of filthy grunts is walking up to the clearing barrels outside the chow hall. There is an Army LTCOL in line ahead of us, so we're keeping our generally uncouth and offensive conversation at a lower decibel volume than usual. I still remember what she looked like, 5'5"", dark hair, set of thick framed glasses. As she approaches the clearing barrel with her M9 we all focus our attention, as one of the few true joys of the infantry is watching for weapons handling mistakes by non-grunts. 

She unholsters the weapon, racks the side, removes the magazine, and pulls the trigger into the clearing barrel. BAM!

Silence. Everyone turns and looks. We want to laugh, but clearly can't. The Ma'am looks terrified, staring at the pistol as if it's somehow let her down. With shaking hands, SHE REINSERTS THE MAGAZINE. Racks the slide. Removes the magazine. Lets another one go into the clearing barrel.

Now we can't help ourselves. It's all snickers and chuckles from the peanut gallery.  I feel awful for the woman, but I'm a LCpl of Marines and am enjoying this too much to say a word. 

She is mortified. She's got tears running down her cheeks as she just stares at the weapon again, totally unsure of what to do and fully aware of the judgement. At this point the shots have brought people over, one of them an Army SFC. As this poor woman REINSERTS the magazine again, much to our utter happiness and joy, he shouts out ""Ma'am!!"" as he runs over to her. He takes the weapon, clears it properly, returns it to her with some hushed words the rest of us can't hear, and escorts her into the chow hall.

We erupted in laughter and cheers, and not one of the senior enlisted or officers around us said a word. It was a glorious moment. ",https://undelete.pullpush.io/r/Military/comments/4d81uk/_/d1paano/,https://api.pullpush.io/reddit/comment/search/?ids=d1paano
2016-04-04,r/Military,"No, I don't think she did.",https://undelete.pullpush.io/r/Military/comments/4d81uk/_/d1pltuh/,https://api.pullpush.io/reddit/comment/search/?ids=d1pltuh
2016-04-05,r/Military,WHAT YEAR IS THIS?!,https://undelete.pullpush.io/r/Military/comments/4dfau2/_/d1r4t1t/,https://api.pullpush.io/reddit/comment/search/?ids=d1r4t1t
2016-04-06,r/Military,"One of the big pushes behind it was the simple fact that the line units weren't giving the gun to experienced guys, and also not putting in the time and ammunition to make dudes proficient with the belt-feds. I'm an 0331 and was an MG section leader, I love me some belt-fed action, but proper employment and the time/ammo it takes to build an accurate gun squad isn't minimal. Part of the argument was that the IAR would take less time/ammo to make a boot proficient with it since they already know the basics of rifle work.

 It's ended up as more of a DM gun than a squad automatic, and where you stand on that really depends on what side of the ""what is suppression?"" question you fall.
",https://undelete.pullpush.io/r/Military/comments/4dla1x/_/d1s7rm4/,https://api.pullpush.io/reddit/comment/search/?ids=d1s7rm4
2016-04-06,r/Military,"Ain't that the truth. I keep hearing about it being a tack driver and you can't help but say ""well fuck, so is an M4 with a good FF rail"". Oh well, even the rifleman's service is retarded when it comes to guns.",https://undelete.pullpush.io/r/Military/comments/4dla1x/_/d1sffat/,https://api.pullpush.io/reddit/comment/search/?ids=d1sffat
2016-04-08,r/todayilearned,"I've been diagnosed with combat related PTSD, am a firearms instructor, hunter, and competitive shooter. I spend much of my time around firearms and shooting, as do most of my combat infantry buddies who are also diagnosed with PTSD. Nobody has ever had the urge to turn guns on themselves or others.

Routh had seen no real combat to speak of, so I'm doubtful of his PTSD claims. He was schizophrenic and paranoid, a condition not linked to his time in the service.

Stop demonizing combat vets. Most of us are gun guys, it's why we ended up in a fighting outfit in the first place.",https://undelete.pullpush.io/r/todayilearned/comments/4dr6m9/_/d1umslr/,https://api.pullpush.io/reddit/comment/search/?ids=d1umslr
2016-04-08,r/seashanties,I teared up. No shame.,https://undelete.pullpush.io/r/seashanties/comments/4dx8s8/_/d1v5e8z/,https://api.pullpush.io/reddit/comment/search/?ids=d1v5e8z
2016-04-11,r/Military,Good thing polygraphs catch things like this...,https://undelete.pullpush.io/r/Military/comments/4e7xph/_/d1y5lyr/,https://api.pullpush.io/reddit/comment/search/?ids=d1y5lyr
2016-04-20,r/Military,"Jerk Off.

No, seriously. Flog that fucker as often as possible. I also recommend: Making obnoxious noises; working on handstands; taking rocks and then throwing them at random shit you set up around the post; memorize some Shakespeare (preferably the racy stuff); jerk off; try to actively remember every single memory you have in chronological order (this is a great time killer); doing MOTIVATED PUSH-UPS whilst screaming the count at the top of your lungs; write gay poetry about how gay your current job is; draw dicks on things; scream loudly; try to see how long you can bang your helmeted head against the wall like a metronome (know a guy who kept it up for 4 hours); come up with new lyrics to popular songs; try to imagine every detail of the last chick you fucked; jerk off; try to imagine every detail of the chick you are going to fuck when you get home; jerk off; practice the art of balancing your helmet against something so you can doze off but look like you're alert; come up with every insult you can for your relief that FUCKING SHOULD HAVE BEEN HERE 10 FUCKING MINUTES AGO; attempt to jerk off but then get interrupted by said relief; pussy out and not say any of the witty insults you'd meant to hurl in their direction because, honestly, you're too fucking bored to give a shit.

Congratulations! You've made it through one shift! Now do it all again in 12 hours. Welcome to the world of standing post, where sanity is a sliding scale.",https://undelete.pullpush.io/r/Military/comments/4fo19p/_/d2b0jb3/,https://api.pullpush.io/reddit/comment/search/?ids=d2b0jb3
2016-04-30,r/politics,"As a rabidly anti-Hillary guy, it's pisses me off that what you just stated needs to be said. The woman has many faults, but this Byrd shit is ridiculous and doesn't hold up to 10 seconds worth of scrutiny. ",https://undelete.pullpush.io/r/politics/comments/4h1h51/_/d2mxey1/,https://api.pullpush.io/reddit/comment/search/?ids=d2mxey1
2016-05-04,r/The_Donald,"""He dipped his silver,

In chocolate rivers deep and wide.

By the buffet he did abide.

Under the heat lamp the brisket called his name.

He was sated, but consumed it all the same.

He buried it beneath mountains of pulled pork,

Yet could not put down his fork.""

",https://undelete.pullpush.io/r/The_Donald/comments/4hv2z5/_/d2sxewo/,https://api.pullpush.io/reddit/comment/search/?ids=d2sxewo
2016-05-23,r/seashanties,"Damn, I'd love to go to this.",https://undelete.pullpush.io/r/seashanties/comments/4kletb/_/d3gx6ot/,https://api.pullpush.io/reddit/comment/search/?ids=d3gx6ot
2016-05-24,r/videos,"In Ranger school, students are heavily restricted on calories. Lots of guys stash their favorite MRE (spaghetti, chili mac, etc) for when shit starts to get really dark and they need a pick me up. A buddy of mine had held on to a chili mac MRE for weeks, avoiding eating it until he really felt like the pain/sleep deprivation/caloric restriction was going to make him think about quitting.

The day finally came in the last phase (in Florida swamps). He was crushed, and finally decided it was time to break into that brown bag of morale. When he broke the seal open, it had been improperly packed. No main meal. Not even the glorious cheese spread he was so excited to mix in with the chilis gooey goodness. He said he just sat there and wept for several minutes.

He ended up passing anyways.",https://undelete.pullpush.io/r/videos/comments/4ks8p9/_/d3htiu8/,https://api.pullpush.io/reddit/comment/search/?ids=d3htiu8
2016-05-24,r/videos,"Lucklly, he's alive and well. Ranger school is tough, but it hasn't killed anyone in a number of years.",https://undelete.pullpush.io/r/videos/comments/4ks8p9/_/d3huq5r/,https://api.pullpush.io/reddit/comment/search/?ids=d3huq5r
2016-05-25,r/todayilearned,Never underestimate the attraction war has for young men. Often which side they choose is dictated simply by which side is easier to sign up with. The rest can be rationalized.,https://undelete.pullpush.io/r/todayilearned/comments/4ktqw2/_/d3ik36b/,https://api.pullpush.io/reddit/comment/search/?ids=d3ik36b
2016-05-25,r/todayilearned,"The people downvoting you are: 1. Idiots who have never been to Detroit. 2. Lame ass white people who went to Detroit once and were too scared to actually enjoy the variety of neighborhoods and activities. 

Fuck these people.",https://undelete.pullpush.io/r/todayilearned/comments/4kuckb/_/d3ilfky/,https://api.pullpush.io/reddit/comment/search/?ids=d3ilfky
2016-05-28,r/syriancivilwar,That's not indifference. That's prioritizing under fire.,https://undelete.pullpush.io/r/syriancivilwar/comments/4lgirj/_/d3nbh8a/,https://api.pullpush.io/reddit/comment/search/?ids=d3nbh8a
2016-06-02,r/worldnews,"Who, in that same statement, referenced the Turks extermination of the Armenians. ",https://undelete.pullpush.io/r/worldnews/comments/4m6ktu/_/d3t36ev/,https://api.pullpush.io/reddit/comment/search/?ids=d3t36ev
2016-06-02,r/worldnews,"What the fuck are you talking about? Slavery and the Indian Wars (and their repercussions in current society) are a bedrock of most decent history classes in the U.S. I'm not sure if you're an American, but if you are blame you ill-informed state on your shitty history teacher, not the entire nation.",https://undelete.pullpush.io/r/worldnews/comments/4m6ktu/_/d3t3c1m/,https://api.pullpush.io/reddit/comment/search/?ids=d3t3c1m
2016-06-02,r/worldnews,"The problem with your statement is that Turkey fully admits the incident happened, the issue is whether it was in fact genocide or if it was mass killing/displacement during wartime. I'm no fan of Turkey, but it's important to get the facts straight.",https://undelete.pullpush.io/r/worldnews/comments/4m6ktu/_/d3t3f7p/,https://api.pullpush.io/reddit/comment/search/?ids=d3t3f7p
2016-06-02,r/worldnews,"Goddamnit, no. Germany undertook a concerted effort at the national level, specifically backed up in numerous documents, to wipe the Jewish population within its borders from the face of the earth. All with the support of the German people, who had energetically supported the rampant anti-Semitism that was the cornerstone of Nazi rhetoric. While I'm no fan of the Turks, to say the actions of the Ottomans in relation to the Armenian population is the same is downright incorrect. While I do in fact believe it should be termed a genocide, to say Turks need to bury themselves in the national shame as the Germans have is just emotional pandering. ",https://undelete.pullpush.io/r/worldnews/comments/4m6ktu/_/d3t3mnh/,https://api.pullpush.io/reddit/comment/search/?ids=d3t3mnh
2016-06-02,r/worldnews,"Goddamnit, no. Germany undertook a concerted effort at the national level, specifically backed up in numerous documents, to wipe the Jewish population within its borders from the face of the earth. All with the support of the German people, who had energetically supported the rampant anti-Semitism that was the cornerstone of Nazi rhetoric. While I'm no fan of the Turks, to say the actions of the Ottomans in relation to the Armenian population is the same is downright incorrect. While I do in fact believe it should be termed a genocide, to say Turks need to bury themselves in the national shame as the Germans have is just emotional pandering. ",https://undelete.pullpush.io/r/worldnews/comments/4m6ktu/_/d3t3mnh/,https://api.pullpush.io/reddit/comment/search/?ids=d3t3mnh
2016-06-28,r/CombatFootage,"So this is a pretty significant misconception. I know a few guys from 7th SFG who have seen a bare minimum of combat (they themselves would qualify it as pretty much none) despite well over 6 years in the Army. Meanwhile, you talk to guys who did 4 and done in infantry units (both USMC and Army) that deployed to Anbar at the height of the recent unpleasantness and it's a never ending list of combat actions. Special Operations units are incredible with their capabilities in their niche roles, but this idea that they are spending time constantly engaged in serious combat is inaccurate.",https://undelete.pullpush.io/r/CombatFootage/comments/4q4s95/_/d4r4pe5/,https://api.pullpush.io/reddit/comment/search/?ids=d4r4pe5
2016-06-28,r/worldnews,You'd be on a list of people with lots of dimes?,https://undelete.pullpush.io/r/worldnews/comments/4qb8cl/_/d4rut3p/,https://api.pullpush.io/reddit/comment/search/?ids=d4rut3p
2016-07-04,r/AdviceAnimals,"Keep on being unimportant and unemployed there, Spain. ",https://undelete.pullpush.io/r/AdviceAnimals/comments/4r7tbq/_/d4z2jct/,https://api.pullpush.io/reddit/comment/search/?ids=d4z2jct
2016-07-07,r/videos,"Well, your high school research sucked. The fighting bulls horns are not dulled, but the steer that run around the ring with the crowd AFTER the fighting bulls have been run through the streets do have dulled horns. But the steer do not run the actual ""running of the Bulls"".",https://undelete.pullpush.io/r/videos/comments/4rpcc7/_/d53a6p4/,https://api.pullpush.io/reddit/comment/search/?ids=d53a6p4
2016-07-08,r/Military,"Keep running into these dudes in college.

 ""What'd you do in the Army?""

""I was with Special Forces""

""Badass man, there are a couple other team guys around campus.""

""Oh...well....I was 35 series and supported SF for a deployment once....""

Fucking asshats.",https://undelete.pullpush.io/r/Military/comments/4rs12u/_/d545m4m/,https://api.pullpush.io/reddit/comment/search/?ids=d545m4m
2016-07-09,r/politics,Did you actually watch the video? Because there's nothing in it that shows what happened....,https://undelete.pullpush.io/r/politics/comments/4s077d/_/d55i8bw/,https://api.pullpush.io/reddit/comment/search/?ids=d55i8bw
2016-07-09,r/videos,"Pretty normal in rural areas. I'm from Maine, the house I grew up in didn't even have doors that locked (just 19th century heavy latches). I usually just leave my keys in the car when I'm home.",https://undelete.pullpush.io/r/videos/comments/4rw0zh/_/d55jhcu/,https://api.pullpush.io/reddit/comment/search/?ids=d55jhcu
2016-07-10,r/worldnews,"But if the vast, vast majority of capable people happen to be men, then yes, this is a unit cohesion issue that needs to be taken into account. 2 out of 20? That's not worth alienating the 18 effective just because a few feelings get hurt.",https://undelete.pullpush.io/r/worldnews/comments/4s5thd/_/d576zgw/,https://api.pullpush.io/reddit/comment/search/?ids=d576zgw
2016-07-11,r/worldnews,"Don't know much about killing, do you?

I've served in infantry units in both the Marine Corps and US Army. Saw direct combat in both Iraq and Afghanistan. Men who are great at vicious and efficient killing also happen to not always be awesome people, and often times it is immature brotherhood and false masculinity that keep them focused and in line. You fucking civilian pansies tend to be shit at murder in my experience, and yet you want to judge us by your standards? Feel free to fuck off and try to just keep us all from going to war in the first place.",https://undelete.pullpush.io/r/worldnews/comments/4s5thd/_/d57imyg/,https://api.pullpush.io/reddit/comment/search/?ids=d57imyg
2016-07-11,r/worldnews,"It doesn't. These fucking civilians don't give a fuck about about winning fights and keeping our people alive, they care about their bullshit narratives that have no evidence to bear them out. There's a reason you won't find one single op ed written by a combat grunt supporting this bullshit. You'll find plenty of non-combat support pussies telling us how we're al Neanderthals though. But it will never be their lives on the line, which is why they'll spew their bullshit. ",https://undelete.pullpush.io/r/worldnews/comments/4s5thd/_/d57iton/,https://api.pullpush.io/reddit/comment/search/?ids=d57iton
2016-07-16,r/Military,"I made Sgt in less than 4 as a 31, and our cutting score was even higher at the time (2007). I know a few 11's who did as well. But since John Cena was never a Marine, yes, in this case it is dubious.",https://undelete.pullpush.io/r/Military/comments/4t1ssz/_/d5ejyn4/,https://api.pullpush.io/reddit/comment/search/?ids=d5ejyn4
2016-07-16,r/Military,"Disclaimer: I was a LRS team leader, and think it is a fantastic type of unit that produces generally excellent soldiers and maintains a very specific skillset.

That said, I also understand the current Army leadership's thinking on the matter. Current battlefield requirements are easily covered by tech ISR platforms and SOF units. The issue will likely only arise again if we find ourselves battling a peer military with significant electronic countermeasures, at which point 4-6 men who know how to stay quiet and concealed and utilize HF comms will be back in style. My only real beef with cutting the companies is that fact that capability may have to be relearned entirely.

Does anyone know if RSLC is still rolling or has that found itself rolled into ARC or just cut entirely?",https://undelete.pullpush.io/r/Military/comments/4t5z9g/_/d5f1j8u/,https://api.pullpush.io/reddit/comment/search/?ids=d5f1j8u
2016-07-17,r/Military,"That's good to hear, a few years back there was a rumor bouncing around that it was going to rolled in to ARC (which I'm sure is a fine course, but light infantry small unit reconnaissance just doesn't have a place being taught next to mech and armored recon). It's a great course, I learned a hell of a lot down there, but not surprised about the tab thing, it's an asskicker in its own right. Or was, in 2010.",https://undelete.pullpush.io/r/Military/comments/4t5z9g/_/d5f7ka4/,https://api.pullpush.io/reddit/comment/search/?ids=d5f7ka4
2016-07-17,r/guns,"Well, there's also that hydraulic buffer business.",https://undelete.pullpush.io/r/guns/comments/4t6ndl/_/d5f8bys/,https://api.pullpush.io/reddit/comment/search/?ids=d5f8bys
2016-07-17,r/Military,MD LRS?,https://undelete.pullpush.io/r/Military/comments/4t5z9g/_/d5f8esb/,https://api.pullpush.io/reddit/comment/search/?ids=d5f8esb
2016-07-17,r/todayilearned,"That would be my experience as well, most men I know who have actually taken part in killing generally don't have an issue with it. Now, the folks I know who didn't kill anyone but want people to think they did.....they're the ones who make shit up about how ""traumatizing"" it is.",https://undelete.pullpush.io/r/todayilearned/comments/4t6a29/_/d5fibhc/,https://api.pullpush.io/reddit/comment/search/?ids=d5fibhc
2016-07-17,r/Military,"Good outfit, shame it was disbanded.",https://undelete.pullpush.io/r/Military/comments/4t5z9g/_/d5frwzc/,https://api.pullpush.io/reddit/comment/search/?ids=d5frwzc
2016-07-17,r/Military,Much as RSLC is more tailored for light infantry tactics.,https://undelete.pullpush.io/r/Military/comments/4t5z9g/_/d5g70x3/,https://api.pullpush.io/reddit/comment/search/?ids=d5g70x3
2016-09-03,r/CombatFootage,"That's solid aggression and maneuver. Good on the Danes, there aren't that many other men from the recent unpleasantness who can boast good small unit killing like that.",https://undelete.pullpush.io/r/CombatFootage/comments/50w2j0/_/d77hspt/,https://api.pullpush.io/reddit/comment/search/?ids=d77hspt
2016-09-05,r/politics,*triggering intensifies*,https://undelete.pullpush.io/r/politics/comments/514vu3/_/d7a8ze7/,https://api.pullpush.io/reddit/comment/search/?ids=d7a8ze7
2016-09-05,r/Military,I used to drink beer with the Legion OMLT that was on our COP. Not sure if that counts.,https://undelete.pullpush.io/r/Military/comments/51am84/_/d7alu68/,https://api.pullpush.io/reddit/comment/search/?ids=d7alu68
2016-09-29,r/Military,"I went to RSLC with one of those fellas, if I remember correctly he'd gone to the Naval Academy, did some weird thing where he went USCG but then immediately went to BUD/S and passed, putting him back in the Navy world. I may be misremembering, this was 2010.",https://undelete.pullpush.io/r/Military/comments/552c9r/_/d8771ev/,https://api.pullpush.io/reddit/comment/search/?ids=d8771ev
2016-09-30,r/todayilearned,"As a man who loves some Laphroaig 10 year, burnt campfire is what some of us are going for.",https://undelete.pullpush.io/r/todayilearned/comments/554kmh/_/d87w0hq/,https://api.pullpush.io/reddit/comment/search/?ids=d87w0hq
2016-10-14,r/politics,"""...this is fertilizer...""

Of the Oklahoma City variety, sadly.",https://undelete.pullpush.io/r/politics/comments/57c6fc/_/d8rlpxm/,https://api.pullpush.io/reddit/comment/search/?ids=d8rlpxm
2016-11-03,r/todayilearned,Shot many people with 5.56? It works. This tired excuse for poor marksmanship needs to finally die.,https://undelete.pullpush.io/r/todayilearned/comments/5as6du/_/d9jcyo5/,https://api.pullpush.io/reddit/comment/search/?ids=d9jcyo5
2016-11-04,r/todayilearned,"Found lacking in Afghanistan? The last guy killed by rifle fire I saw was in Afghanistan, and he'd been zipped with 5.56 (M855A1). Despite what gun magazines, the Internet, and anecdotal stories told by vets who sucked at hitting targets will tell you, 5.56 is an effective round when the shooter does his job. There is no magic death beam round, I've seen people survive after 7.62 and even .50 cal hits. It's mostly about shot placement.",https://undelete.pullpush.io/r/todayilearned/comments/5as6du/_/d9lblm4/,https://api.pullpush.io/reddit/comment/search/?ids=d9lblm4
2016-11-04,r/todayilearned,"You do realize the Army decided to stick with the current platform after that competition, yes? There were no platforms that performed exceedingly well enough to go through the expensive and difficult task of re-equipping the entire force. Truth is, a well maintained M4 with decent optics in the hands of a well trained professional is a deadly as fuck weapon. There are stacks and stacks of enemy bodies to attest to this fact. ",https://undelete.pullpush.io/r/todayilearned/comments/5as6du/_/d9m3s0m/,https://api.pullpush.io/reddit/comment/search/?ids=d9m3s0m
2016-11-18,r/atheism,"Google the senate office local to you, the one in DC is usually quite busy but the local offices will pick up and sometimes even engage you in conversation.",https://undelete.pullpush.io/r/atheism/comments/5dmwqt/_/da5v69d/,https://api.pullpush.io/reddit/comment/search/?ids=da5v69d
2016-11-28,r/Military,"Jesus this hits close to home. I did three tours in the Corps, got out to go to college and ended up on that same exact deployment to Afghanistan with the same Iowa NG brigade. That feeling of ""chasing"" the war is something that is hard to explain to people, and it's a terrible shame this guy couldn't find something to fill that hole when it was done. 

Fucking sad story.",https://undelete.pullpush.io/r/Military/comments/5fd5oi/_/dajmh7w/,https://api.pullpush.io/reddit/comment/search/?ids=dajmh7w
2016-12-04,r/AskReddit,"As an infantry combat vet, just wanted to say thanks for being a voice of reason. I hate that stupid fucking statistic.",https://undelete.pullpush.io/r/AskReddit/comments/5gcpwa/_/daryego/,https://api.pullpush.io/reddit/comment/search/?ids=daryego
2016-12-09,r/space,"3/8? Kilo checking in, I'll never forget that speech in the base theater. ",https://undelete.pullpush.io/r/space/comments/5h98v5/_/dayo9sd/,https://api.pullpush.io/reddit/comment/search/?ids=dayo9sd
2016-12-24,r/Military,"I'm assuming a bunch of folks who haven't gotten out yet and therefore don't yet realize the very, very limited scope of UCMJ after you've gotten out (outside of very extreme circumstances, despite the anecdotal stories told in this thread).",https://undelete.pullpush.io/r/Military/comments/5k1p0j/_/dbldbs1/,https://api.pullpush.io/reddit/comment/search/?ids=dbldbs1
2017-02-03,r/politics,But that's why we have legislative representation.....,https://undelete.pullpush.io/r/politics/comments/5rrggx/_/dda377h/,https://api.pullpush.io/reddit/comment/search/?ids=dda377h
2017-02-12,r/Military,"Let's hope not too soon, we like you around these parts. 

Garry Owen!",https://undelete.pullpush.io/r/Military/comments/5thaph/_/ddmtgeg/,https://api.pullpush.io/reddit/comment/search/?ids=ddmtgeg
2017-02-12,r/guns,"0331 checking in. Yup, that's true!",https://undelete.pullpush.io/r/guns/comments/5tgm6a/_/ddmv0g7/,https://api.pullpush.io/reddit/comment/search/?ids=ddmv0g7
2017-02-12,r/guns,Best goddamn thing in the world. ,https://undelete.pullpush.io/r/guns/comments/5tgm6a/_/ddmvfey/,https://api.pullpush.io/reddit/comment/search/?ids=ddmvfey
2017-02-12,r/guns,"Best goddamn things in the world. Even after being a LRS TL and an infantry SL on an Afghan tour (switched to Army after the Corps), happiest I've ever been was running an MG section in the fleet. Like you alluded to, so much more to gun employment than people think.",https://undelete.pullpush.io/r/guns/comments/5tgm6a/_/ddmyy6r/,https://api.pullpush.io/reddit/comment/search/?ids=ddmyy6r
2017-02-21,r/Military,"Call a recruiter. I know guys in the Guard who enlisted after getting ratings as high as 70% from AD, but honestly it's going to depend on need and MEPS, and a recruiter would have a better idea of where things stand these days.",https://undelete.pullpush.io/r/Military/comments/5vb0ru/_/de0lw6x/,https://api.pullpush.io/reddit/comment/search/?ids=de0lw6x
2017-02-24,r/guns,"I was in 3/8 and we had M79's at the Gov Center in Ramadi back in 2006. I have no idea how they got there, company gunny said something about a previous unit doing a request to take some out of storage but who knows. 

I dug the M32, but holy hell was the M79 amazing. More manageable and without the ridiculous weight penalty, on a foot patrol I would take it any day. I also prefer my HE coming from a stand alone system, when rifle mounted it seems guys first instinct is to fire 5.56 when they should really be throwing little golden globes of hate downrange. ",https://undelete.pullpush.io/r/guns/comments/5vu9as/_/de5o1ve/,https://api.pullpush.io/reddit/comment/search/?ids=de5o1ve
2017-02-25,r/politics,You're missing the last one: 😡,https://undelete.pullpush.io/r/politics/comments/5w427s/_/de7b65q/,https://api.pullpush.io/reddit/comment/search/?ids=de7b65q
2017-03-05,r/kurdistan,"Yes, nothing like an ""everything you need to know about a career military officer"" written by none other than a guy who has never even put on a uniform. Leave the soldiering to the professionals, kiddo.",https://undelete.pullpush.io/r/kurdistan/comments/5xftxu/_/deiyi7c/,https://api.pullpush.io/reddit/comment/search/?ids=deiyi7c
2017-03-06,r/longrange,Did this basic method yesterday with my new Desert Tech. Actually just used a stick and some patience to keep the gun in place as I adjusted the optic. Zeroed and confirmed in 12 rounds.,https://undelete.pullpush.io/r/longrange/comments/5xvruy/_/deleq13/,https://api.pullpush.io/reddit/comment/search/?ids=deleq13
2017-03-07,r/Military,"Good. Hammer them. I belonged to MU for a time, but the rampant misogyny and weirdness was too much. And this is coming from a pretty unapologetic infantrymen who very much enjoys our crude and offensive world. 

But these fuckwads are just losers who hid behind a computer and ""camaraderie"" to justify their hatred of women. Hatred I'm assuming they have because they can either never get laid or are closeted gay guys who get angry when they don't like women the way they think they're supposed to.

This went far beyond barracks shenanigans. Nail these fucks to the wall.",https://undelete.pullpush.io/r/Military/comments/5xydmz/_/den1qt1/,https://api.pullpush.io/reddit/comment/search/?ids=den1qt1
2017-03-08,r/Military,"Went to Europe and partied my face off in hostels on the government dime. Best part was most of my leave was earned in a combat zone, so I pulled combat pay for about half of my terminal leave.",https://undelete.pullpush.io/r/Military/comments/5xtwkb/_/den7lhj/,https://api.pullpush.io/reddit/comment/search/?ids=den7lhj
2017-03-08,r/Military,I still have to jerk off every time I sit in a portashitter....that blue water smell conditioned me.,https://undelete.pullpush.io/r/Military/comments/5xu2f2/_/den7vuy/,https://api.pullpush.io/reddit/comment/search/?ids=den7vuy
2017-03-10,r/Military,You should do a little bit deeper research into the factions up that way and who supports who.,https://undelete.pullpush.io/r/Military/comments/5yefdm/_/deqmxpe/,https://api.pullpush.io/reddit/comment/search/?ids=deqmxpe
2017-03-12,r/videos,You should go talk to the Legion....the US isn't the only country that does this.,https://undelete.pullpush.io/r/videos/comments/5yxk99/_/deturj9/,https://api.pullpush.io/reddit/comment/search/?ids=deturj9
2017-03-12,r/videos,"It is when you're getting young men ready to become warriors and go into combat. Aggression, violence, intensity, and an instant obedience to orders are not hallmarks of a healthy normal life, but they are true virtues in a warfighting organization. We want men who can handle intense stress and who solve problems with violence of action, time and again that has been proven to win fights and bring our people home alive.",https://undelete.pullpush.io/r/videos/comments/5yxk99/_/detyesn/,https://api.pullpush.io/reddit/comment/search/?ids=detyesn
2017-03-12,r/videos,"Is true. Source: is Marine, crayons and hate is all I need for the killing.",https://undelete.pullpush.io/r/videos/comments/5yxk99/_/detyo9x/,https://api.pullpush.io/reddit/comment/search/?ids=detyo9x
2017-03-12,r/videos,"I'm not sure what you're getting at here, and find it likely that you just can't seem to grasp that organizations involved in the killing of other people in close combat have very different virtues than stable and safe civilian life.",https://undelete.pullpush.io/r/videos/comments/5yxk99/_/detz65o/,https://api.pullpush.io/reddit/comment/search/?ids=detz65o
2017-03-15,r/Military,Cops who are pussies shouldn't be cops. I've seen terrified 18 year olds facing imminent bodily harm exercise more restraint than this assclown.,https://undelete.pullpush.io/r/Military/comments/5zhg68/_/deylh5q/,https://api.pullpush.io/reddit/comment/search/?ids=deylh5q
2017-04-16,r/Military,"Oh come on NSW, were Hollywood movies just not enough?",https://undelete.pullpush.io/r/Military/comments/65oh67/_/dgc2xh2/,https://api.pullpush.io/reddit/comment/search/?ids=dgc2xh2
2017-04-23,r/WTF,"It was summer 2005, and my infantry battalion was using part of Camp Fallujah as our base of operations. While we spent most of our time on patrol or in little combat outposts in the areas around Qarma and Fallujah, we'd spend a few days at the big FOB now and again to refit, check emails, and eat at the swanky chow halls. While the base was covered in air conditioned trailers for all the non-combat support folks, as combat infantry we were sequestered in a blasted corner of the base referred to as ITC (Iranian Training Compound). During the Iran-Iraq war, and even after, Iranian dissidents were housed and trained there by Saddam.

ITC was a shithole. The buildings were single level barracks that had all been bombed during the 2003 invasion, with all the windows blown out and weird graffiti scrawled on the walls from the previous occupants. Shrapnel and debris littered the dusty ground. While the rest of the base was almost as well groomed as a stateside post, our little corner had far more in common with the hellish existence we saw outside the wire everyday than with the more refined and comfortable situation of our rear-echelon brethren on the rest of the base. 

Electricity was sporadically provided by constantly failing generators that were overloaded by guys charging iPods and watching porn on portable DVD players, so the concept of AC in our bomb blasted barracks was impossible. Even at night temperatures would soar above 100, and my solution to the stifling heat was to sleep on the concrete floor of the breezeway that connected the buildings. I would grab my poncho liner and just lay in the dust, grabbing what sleep I could manage as the air moved around me, just a slightly bit cooler than the stifling heat inside.

Have you ever had that feeling of waking up and knowing someone was there? Just the feeling of a presence that had entered your sphere of existence? One night, around 0300, I came to with my face in the dirt aware that I was not alone. A shaft of light blazed out from the barracks (the lights never turned off), and particles of fine sand floated through it as it illuminated my surroundings. I looked around and couldn't see any other Marines in my area. I was only aware of the comforting feeling of my rifle, which I was spooning.

And that's when I felt it.

Now, it needs to be made clear that I am afraid of roughly two things in life. One is the uncertainty of what happens after death, and the other is spiders. Motherfucking spiders. Big, small, hairy, smooth, doesn't matter. Spiders scare the living bejesus out of me. There is a scorpion cousin that lives in arid desert areas commonly referred to as the ""camel spider"". It is generally not dangerous to humans, although big ones have been known to munch on rodents and birds. While I am aware it is not technically a spider, it still falls in to my arachnophobic list of shit that terrifies me.

As I became aware of my rifles cool steel against my skin, I felt a very small movement against my torso beneath my poncho liner. Still hazy my sleep, I lifted it's corner automatically to check. The dusty beam of light spilled onto the eyes, jaws, and sandy carapace of my cuddle buddy, and while you'd be right to not believe me...I swear it smiled.

Typing this 12 years later still makes my skin crawl. I let out likely the most girlish scream my generally deep voice could muster and popped to my feet. Rifle in hand, I began to smash my poncho liner with its butt as I squeaked out every expletive my 20 year old infantrymans mind could think of. My platoon mates awoke at the commotion, and spilled outside ready to confront whatever tormentor I was was wrestling with, their aggressiveness immediately turning to mirth and mocking as I flailed away at the ground.

After a serious thrashing, we checked the poncho liner for a body. No trace. Camel spiders are known for their speed and agility, and my spooning partner must have made tracks as soon as it realized it was no longer welcome, scurrying off into the night to hopefully later on terrify some support element POG living in air conditioned luxury.

I wish him the best, but that little fucker still gives me the willies.

TLDR: Woke up with a camel spider snuggled against me in my poncho liner. But all war stories need to be longer than they require.",https://undelete.pullpush.io/r/WTF/comments/670j08/_/dgnbadh/,https://api.pullpush.io/reddit/comment/search/?ids=dgnbadh
2017-05-30,r/esist,Are you having a stroke?,https://undelete.pullpush.io/r/esist/comments/6e8axo/_/di8ftqz/,https://api.pullpush.io/reddit/comment/search/?ids=di8ftqz
2017-05-30,r/esist,Ok. As long as you're aware.,https://undelete.pullpush.io/r/esist/comments/6e8axo/_/di8g0km/,https://api.pullpush.io/reddit/comment/search/?ids=di8g0km
2017-06-22,r/politics,"He's a hell of a good guy, I got stuck sitting next to him on a delayed flight in Bangor a few weeks back. We talked for over an hour about this insanity, it gave me some hope.

Also, he waited for his group to be called before he boarded. I respect that.
",https://undelete.pullpush.io/r/politics/comments/6ilow0/_/dj87zdt/,https://api.pullpush.io/reddit/comment/search/?ids=dj87zdt
2017-06-28,r/Military,I'm going to bet you've never heard accurate incoming direct fire before.....,https://undelete.pullpush.io/r/Military/comments/6ju93g/_/djhq22v/,https://api.pullpush.io/reddit/comment/search/?ids=djhq22v
2017-07-14,r/WTF,"Meh, because it's fun. I did it in 2008, young and just out of the service. Backpacking around Europe and I just happened to be in Spain for San Fermin. Ran a few days, one of which I got into the stadium for the steer (which is what this is). When I saw everyone laying down in front of the entrance, I was quite confused until I saw the steer bound over them. Next time I was in the front row, watching it come pounding down towards me until it leaped at the last minute. 

Sure, it's stupid, but it was exciting and I wouldn't trade that week in Pamplona for anything.",https://undelete.pullpush.io/r/WTF/comments/6nbaq8/_/dk8bq6q/,https://api.pullpush.io/reddit/comment/search/?ids=dk8bq6q
2017-07-15,r/WTF,"Tell yourself whatever you need to in order to justify your boring life dude, I'm just responding to a question here.",https://undelete.pullpush.io/r/WTF/comments/6nbaq8/_/dk91a19/,https://api.pullpush.io/reddit/comment/search/?ids=dk91a19
2017-07-15,r/WTF,"I was commenting on having a bull leap over me, no one has asked my opinion on the actual bullfighting.",https://undelete.pullpush.io/r/WTF/comments/6nbaq8/_/dk9sylh/,https://api.pullpush.io/reddit/comment/search/?ids=dk9sylh
2017-07-16,r/WTF,"I did, and I enjoyed it very much. Running with the bulls was exciting and a very singular experience. While I don't condone bullfighting I'm quite sure that ""riding an elephant"" would not have been anywhere close. As I said in the first comment, I would never trade that experience.",https://undelete.pullpush.io/r/WTF/comments/6nbaq8/_/dka10or/,https://api.pullpush.io/reddit/comment/search/?ids=dka10or
2017-08-02,r/Military,"Hahahahahahhahahahahhahahahaahahahahhahahahahahahahahahha.

Dude, you know how much money we spend every day in that country? We ain't leaving any time soon, it's a cash cow for those who know how to drive policy. Not to mention it gives military leadership a ""real"" job to do. The lives of American servicemen mean much less to this country than the ability to make a buck and further careers. I realize this sounds rather ""conspiracy"" related, but after all my years in uniform and multiple tours in the infantry to Iraq and Afghan, I can't find a more plausible reason.",https://undelete.pullpush.io/r/Military/comments/6r5rdz/_/dl2w4hk/,https://api.pullpush.io/reddit/comment/search/?ids=dl2w4hk
2017-08-02,r/Military,"They do indeed keep saying that, but considering how long we've been doing this... I tend not to believe them.  Acta non verba.",https://undelete.pullpush.io/r/Military/comments/6r5rdz/_/dl2wm7h/,https://api.pullpush.io/reddit/comment/search/?ids=dl2wm7h
2017-08-02,r/Military,"But if that was actually the case, why the ridiculous amount of money spent on rebuilding operations? I used to believe something similar, but a punitive expedition of occupation would be a hell of a lot cheaper. Not to mention that we're also sending the message that American taxpayers will gladly enrich the personal bank accounts of the leadership of countries we invade, that doesn't seem to me like a very effective method of deterrence.",https://undelete.pullpush.io/r/Military/comments/6r5rdz/_/dl2zfjc/,https://api.pullpush.io/reddit/comment/search/?ids=dl2zfjc
2017-08-07,r/Ayahuasca,I did a ceremony there three weeks ago and had an amazing experience. Steve and Teri were wonderful to work with. Nothing but good things to say about them.,https://undelete.pullpush.io/r/Ayahuasca/comments/6s5yn1/_/dla9udh/,https://api.pullpush.io/reddit/comment/search/?ids=dla9udh
2017-08-31,r/Military,"Took long enough, this has been fairly well researched for a while.",https://undelete.pullpush.io/r/Military/comments/6x42mt/_/dmdfo7n/,https://api.pullpush.io/reddit/comment/search/?ids=dmdfo7n
2017-09-26,r/esist,"Semper Fi brother, this Marine feels the same.",https://undelete.pullpush.io/r/esist/comments/72ji85/_/dnj4tbk/,https://api.pullpush.io/reddit/comment/search/?ids=dnj4tbk
2017-10-06,r/Military,Thank you for your cervix.,https://undelete.pullpush.io/r/Military/comments/74pg6v/_/do0d4z8/,https://api.pullpush.io/reddit/comment/search/?ids=do0d4z8
2017-10-13,r/liberalgunowners,"Listened to it this morning, as always well produced and well researched. 

My only issue with it is that they kept pointing out that “until the 1970’s no one was talking about the 2nd Amendment!” while leaving out the part that until the 1970’s the government wasn’t putting in place legislation to restrict gun ownership.

Clearly people weren’t getting worked up over something that wasn’t happening yet, firearms ownership was lightly regulated and fairly prevalent.

",https://undelete.pullpush.io/r/liberalgunowners/comments/763jxk/_/dobgdri/,https://api.pullpush.io/reddit/comment/search/?ids=dobgdri
2017-10-13,r/liberalgunowners,"Yes, but the Black Panther portion was what put in motion the current state of 2nd Amendment politics.  Hence why I specified the 1970’s. In the podcast though they frequently mention how unbelievable it is that it hadn’t come up before, and I’m merely pointing out it likely hadn’t come up before because the government hadn’t done much to restrict private firearms ownership.

And to clarify, I don’t mean to say there were no restrictions until the 1970’s. But they were generally restrictions on classes that held no political power, and so it is unsurprising that it never went anywhere in the legal arena.",https://undelete.pullpush.io/r/liberalgunowners/comments/763jxk/_/dobjf65/,https://api.pullpush.io/reddit/comment/search/?ids=dobjf65
2017-11-03,r/Military,This is high level comedy right here.,https://undelete.pullpush.io/r/Military/comments/7ak8sg/_/dpanthv/,https://api.pullpush.io/reddit/comment/search/?ids=dpanthv
2017-11-07,r/Military,"The fella that smoked Kyle did NOT have serious PTSD. Dude was a motor t Marine who didn’t see combat, the whole “he did it because of the war” argument is ridiculous. He was a fuck up and whatever weird shit going on in his head that drove him to smoke Kyle down and steal his truck was driven by something far deeper than his time in the Corps.",https://undelete.pullpush.io/r/Military/comments/7b9jkj/_/dph1sex/,https://api.pullpush.io/reddit/comment/search/?ids=dph1sex
2017-11-21,r/Military,"Clearly you were either trained improperly or just didn’t pay attention. The lensatic will always be my go to compass, combine it with a good Ranger Joes protractor with straight cut outs and you’re golden. I’ve used all kinds of COTS compasses and will take the old school lensatic any day of the week.",https://undelete.pullpush.io/r/Military/comments/7ea3ej/_/dq4fwtw/,https://api.pullpush.io/reddit/comment/search/?ids=dq4fwtw
2017-12-27,r/liberalgunowners,Inaccurate editorializing?,https://undelete.pullpush.io/r/liberalgunowners/comments/7mbxm6/_/dru55vf/,https://api.pullpush.io/reddit/comment/search/?ids=dru55vf
2017-12-27,r/todayilearned,Been in a few fights yourself?,https://undelete.pullpush.io/r/todayilearned/comments/7mgzwu/_/dru7vgf/,https://api.pullpush.io/reddit/comment/search/?ids=dru7vgf
2018-01-05,r/politics,"Mine was taking a while to show up in my kindle, so I called Amazon customer service. The guy said there were so many downloads happening that it was slowing their servers significantly and it should show up soon. Popped up at 10am. But think about that for a second.....",https://undelete.pullpush.io/r/politics/comments/7ob0wl/_/ds8b4sb/,https://api.pullpush.io/reddit/comment/search/?ids=ds8b4sb
2018-01-06,r/ar15,"As an old 3/8 guy from 04-08, I’m just happy to hear the Bn is still up to ridiculous shenanigans.",https://undelete.pullpush.io/r/ar15/comments/7ofdj9/_/ds9ueep/,https://api.pullpush.io/reddit/comment/search/?ids=ds9ueep
2018-01-14,r/PropagandaPosters,There is something stirring that the man whose cartoons most defined the life of the American combat grunt in WWII later was a staunch defender of civil rights and class inequality. Mauldin really is an underrated American treasure.,https://undelete.pullpush.io/r/PropagandaPosters/comments/7q70ud/_/dso6nfh/,https://api.pullpush.io/reddit/comment/search/?ids=dso6nfh
2018-01-16,r/NFA,"Goddamn, I sent my individual in back in March and am still waiting. Fuckin’ ATF.",https://undelete.pullpush.io/r/NFA/comments/7qkya9/_/dsqr9mu/,https://api.pullpush.io/reddit/comment/search/?ids=dsqr9mu
2018-01-16,r/NFA,That’s awesome dude. Congrats on the can!,https://undelete.pullpush.io/r/NFA/comments/7qkya9/_/dsqrtq0/,https://api.pullpush.io/reddit/comment/search/?ids=dsqrtq0
2018-01-17,r/SigSauer,"Yes. I've had mine for a month, and with about 1K rounds through it. It is an amazing pistol.",https://undelete.pullpush.io/r/SigSauer/comments/7qtpb2/_/dsstm7w/,https://api.pullpush.io/reddit/comment/search/?ids=dsstm7w
2018-01-17,r/SigSauer,"Probably not, it’s just a pleasant pistol to shoot for me.",https://undelete.pullpush.io/r/SigSauer/comments/7qtpb2/_/dstdnu7/,https://api.pullpush.io/reddit/comment/search/?ids=dstdnu7
2018-02-02,r/Military,"The fact this article is being written in 2018 just shows haw pathetically incapable we are at properly implementing any effective COIN strategies. None of this is new, everyone knows and has talked about it, and yet our system somehow refuses to allow it to work. Better to just not play the game in the first place.",https://undelete.pullpush.io/r/Military/comments/7ulq62/_/dtm0egw/,https://api.pullpush.io/reddit/comment/search/?ids=dtm0egw
2018-02-02,r/Military,"Which is not new news, at all. I remember this same exact conversation in Fallujah in '05, then again in northeast Afghan in '11, and here we are in 2018 still rehashing the same thing. This information has been hashed over from PFC's to Generals, and  books and articles written on it ad nauseam. None of it has ever translated effectively into long term successes on the battlefield. 

Everyone knows it's all about separating the enemy from the populace, and any basic student of insurgency has known that from the get go. The fact we know it, and yet find ourselves incapable of implementing that knowledge in any meaningful way, tells me that we either need a total institutional overhaul (not happening), or that we should just get out of the COIN business altogether. Sadly, I don't see either occurring.",https://undelete.pullpush.io/r/Military/comments/7ulq62/_/dtm43b1/,https://api.pullpush.io/reddit/comment/search/?ids=dtm43b1
2018-02-03,r/politics,"As a fellow combat vet, just wanted to say you're spot on. Amusingly, the vast amount of wealth we throw away on defense also makes us wildly inefficient. I firmly believe we could cut the defense budget by half and quite possibly be even better than we currently are. Instead of becoming effective and efficient, oftentimes we can just throw money at a problem.",https://undelete.pullpush.io/r/politics/comments/7uwi8t/_/dto705g/,https://api.pullpush.io/reddit/comment/search/?ids=dto705g
2018-02-03,r/Military,"The drinking, mostly.",https://undelete.pullpush.io/r/Military/comments/7uzsua/_/dtodrlv/,https://api.pullpush.io/reddit/comment/search/?ids=dtodrlv
2018-02-04,r/politics,"You get what you pay for. This country needs to have a serious discussion at the community level about what we really want out of our police forces. Low pay and low requirements result in low performance, it ain’t science rockets.",https://undelete.pullpush.io/r/politics/comments/7v4zm5/_/dtpldq7/,https://api.pullpush.io/reddit/comment/search/?ids=dtpldq7
2018-02-04,r/politics,"Agree 100%, the drug war ending would allow a serious reconsideration of what we want police to accomplish. But authoritarian power tripping police are a symptom of a much larger problem, which stems mostly from communities being cheap and not requiring higher education and higher standards for their police. But all that would have to come with higher paychecks and better (therefore more expensive) training.",https://undelete.pullpush.io/r/politics/comments/7v4zm5/_/dtpmtnu/,https://api.pullpush.io/reddit/comment/search/?ids=dtpmtnu
2018-02-08,r/politics,"So Duncan here used to come into my capital hill bar, he was always shitfaced out of his mind chasing tail. I’m also a former infantry Marine, so for some reason he always seemed to figure that meant I’d be ok with his shitty behavior.

One night he was borderline falling down, and he looked up at me and says “you know, the RNC doesn’t even want me to drink here anymore, I keep fucking girls who aren’t my wife!”

Piece of work, that guy.",https://undelete.pullpush.io/r/politics/comments/7w3u2x/_/dtxeag7/,https://api.pullpush.io/reddit/comment/search/?ids=dtxeag7
2018-02-11,r/USMC,Goodwill.,https://undelete.pullpush.io/r/USMC/comments/7wqmsu/_/du2n96r/,https://api.pullpush.io/reddit/comment/search/?ids=du2n96r
2018-02-12,r/Military,"Oh good, only 17 years in.....",https://undelete.pullpush.io/r/Military/comments/7x14hd/_/du4tktf/,https://api.pullpush.io/reddit/comment/search/?ids=du4tktf
2018-02-14,r/liberalgunowners,"Knowing a few cops, I can tell you they are EXTREMELY afraid of guns in the hands of private citizens. Why do you think SWAT teams serve warrants these days?
",https://undelete.pullpush.io/r/liberalgunowners/comments/7xbaew/_/du87rcg/,https://api.pullpush.io/reddit/comment/search/?ids=du87rcg
2018-02-18,r/politics,"When I was 18, I carried an M16A4 rifle into combat, and manned both M240G, M2 .50 caliber, and MK19 40mm GL machineguns. I'm unsure why my age should have kept me from owning my AR15.",https://undelete.pullpush.io/r/politics/comments/7yb8ol/_/dufku5c/,https://api.pullpush.io/reddit/comment/search/?ids=dufku5c
2018-02-18,r/esist,"Nobody likes to say it out loud, but I do very much fear that we don't get out of this situation without violence. There is a sizeable portion of our population who is living in an alternate reality, and they think people who don't accept their reality hate America.",https://undelete.pullpush.io/r/esist/comments/7yeaqu/_/dufzj69/,https://api.pullpush.io/reddit/comment/search/?ids=dufzj69
2018-02-19,r/politics,"Less guns does in fact mean less gun violence. The fact that most industrialized countries with very small amounts of firearms ownership also have small amounts of gun deaths is pretty much all you need to know about that.

However, what the author and those like him fail to bring up is this question: How many innocent Americans are you willing to see killed by the police in order to save the lives of other innocent Americans?

Because when you say ""less guns"", this is what will need to happen. Firearms will need to be outlawed in some respect, whether in totality or specific kids (semi-automatic rifles), which would turn millions of innocent Americans into federal criminals overnight. And considering the abject failure of states like NY and CT to get firearms owners to voluntarily self-report, it is likely there will be a significant portion of the population of gun owners who will need to be coerced.

This means the police coming to someones house and taking their arms. That scenario will result in violence, especially considering how seriously many American gun owners take their Second Amendment rights.

In the long term, yes, it is likely that a society with almost no guns in it will have significantly lower levels of gun violence. But that outcome will not be reached until after a sizable number of otherwise innocent American citizens are killed by the police. Those who argue for less guns need recognize that they are advocating for the killing of a certain number of innocent Americans (gun owners) in order to protect other innocent Americans (future victims of gun violence), and I'm not sure that the equation equals out.",https://undelete.pullpush.io/r/politics/comments/7yg54s/_/duh9pn3/,https://api.pullpush.io/reddit/comment/search/?ids=duh9pn3
2018-02-19,r/politics,Support your local Redneck Revolt.,https://undelete.pullpush.io/r/politics/comments/7ygr2o/_/duhkv2m/,https://api.pullpush.io/reddit/comment/search/?ids=duhkv2m
2018-02-20,r/Firearms,"I have sold and purchased numerous firearms in my state, none with background checks. People on our side of this issue downplay private sales, which I don't understand since they happen with regularity.",https://undelete.pullpush.io/r/Firearms/comments/7yug95/_/duja8d4/,https://api.pullpush.io/reddit/comment/search/?ids=duja8d4
2018-02-20,r/videos,"To be fair, I enjoyed the hell out of fighting in Afghanistan. It's pretty and the terrain is made for small unit maneuver warfare with it's varied terrain and comparatively sparse low buildings. It's the fighting in Iraqi cities that sucks, that was just a terrifying experience.",https://undelete.pullpush.io/r/videos/comments/7yq0cq/_/dujbky9/,https://api.pullpush.io/reddit/comment/search/?ids=dujbky9
2018-02-20,r/pics,"Man, if the government offered me 100 bucks for any of my competition rifles, they’d be met with nothing but a laugh.",https://undelete.pullpush.io/r/pics/comments/7yv9cz/_/dujfm9t/,https://api.pullpush.io/reddit/comment/search/?ids=dujfm9t
2018-02-20,r/pics,"Man, if the government offered me 100 bucks for any of my competition rifles, they’d be met with nothing but a laugh.",https://undelete.pullpush.io/r/pics/comments/7yv9cz/_/dujfm9t/,https://api.pullpush.io/reddit/comment/search/?ids=dujfm9t
2018-02-20,r/Firearms,"What is bullshit? The 13% claim? Sounds about right, although I'm sure it varies state to state.",https://undelete.pullpush.io/r/Firearms/comments/7yug95/_/dujh4kh/,https://api.pullpush.io/reddit/comment/search/?ids=dujh4kh
2018-02-20,r/liberalgunowners,"The inability of folks on the left to just come out and say they want full confiscation bothers me to no end, and I'm actually happy that some of my more liberal friends have recently been more open about it. Considering the number of firearms already in circulation and the use of legally procured ones in many mass shootings, ""common sense"" restrictions are really just platitudes that would have little impact on this kind of gun violence.

But they never take the confiscation concept to the next question: How many innocent Americans are you willing to see murdered by the police in order to save the lives of other innocent Americans?

This is not hyperbole. Ending gun ownership in America (even in a limited sense, as in only semi-automatic rifles) would require the killings of numerous American citizens by the state, citizens who would otherwise have been innocent and law abiding. You would have to place those deaths opposite the number of assumed future deaths of victims of gun violence. Recent experiences of states like NY, CT, and MA show that many gun owners will not voluntarily self-report their arms, and therefore will not voluntarily give them up. 

This would require law enforcement to set up investigations into who owns banned guns, and then actively confiscate them from intransigents. While any number of those killed in such an action would be conjecture, it is not difficult to arrive at a high one.

I believe that most on the anti-gun side have never actually thought seriously about this issue, and somehow voluntarily delude themselves into believing it would be some sort of bloodless voluntary activity.

So to piggyback on the authors piggybacking of DFW, it isn't just a question of are you willing to die for the 2nd Amendment, but how many Americans are you willing to kill to end it?",https://undelete.pullpush.io/r/liberalgunowners/comments/7yvomv/_/dujjfbr/,https://api.pullpush.io/reddit/comment/search/?ids=dujjfbr
2018-02-20,r/BlueMidterm2018,"This is where Dem's need to be careful. Poliquin is weak, and a good candidate can beat him, but District 2 is rural, white, and extremely gun friendly. I know, I live here. In several recent elections, ballot measures that effected guns and hunting (primarily UBC's and bear baiting) galvanized the conservative vote, and I personally know people who would gladly support a Democrat due to economic and social issue, but felt forced to protect what they see as part of their lifestyle. It's no coincidence that with UBC's on the ballot, Trump won in D2.

I want to make it clear I am not trying to defend Poliquin, the NRA, or specific gun policies, but if we want to win in places like District 2 we need to be careful about guns. You aren't going to get anything done if you keep losing.",https://undelete.pullpush.io/r/BlueMidterm2018/comments/7yvtbz/_/dujk46n/,https://api.pullpush.io/reddit/comment/search/?ids=dujk46n
2018-02-20,r/pics,"Yeah, ok bud. My guns are literally never going to commit a mass shooting, since they are mine, I own them, store them responsibly, and will not be committing a mass shooting. 

Congratulations on your inability to think.",https://undelete.pullpush.io/r/pics/comments/7yv9cz/_/dujk7rt/,https://api.pullpush.io/reddit/comment/search/?ids=dujk7rt
2018-02-20,r/pics,"They are all AR-15's of some flavor, and I often use extended magazines (60 rounds) for longer stages. So they would indeed be first on the list to go.",https://undelete.pullpush.io/r/pics/comments/7yv9cz/_/dujkf9i/,https://api.pullpush.io/reddit/comment/search/?ids=dujkf9i
2018-02-20,r/pics,"Selfish? Your argument is ridiculous. How would handing over my responsibly stored firearms, firearms that will never be used in an act of violence outside of some highly unlikely defensive situation, do anything to lessen the amount of mass shootings in the US?

I am well aware of where my arms are, and what they are doing, and can assure you it isn't shooting people. Besides my work guns, they might shoot someone in defense of the state.",https://undelete.pullpush.io/r/pics/comments/7yv9cz/_/dujkuon/,https://api.pullpush.io/reddit/comment/search/?ids=dujkuon
2018-02-20,r/pics,"I grew up in a rural area, have hunted and shot competitively my entire life, and am a soldier. Guns and their responsible use have always been part of my life, and I very much like knowing that I am capable in both obtaining food (I try to eat only meat I either take myself or know where it came from) and being able to defend myself and my community. 

My country sees fit to pay me to defend it with guns, I don't see why I shouldn't maintain that capability for as long as I can. Furthermore, I am extremely wary of local police and their abilities, and do not like the idea of relying solely on underpaid and undertrained (and often authoritarian bullies) for my protection. ",https://undelete.pullpush.io/r/pics/comments/7yv9cz/_/dujlxi9/,https://api.pullpush.io/reddit/comment/search/?ids=dujlxi9
2018-02-20,r/BlueMidterm2018,"Tell folks in ME D2 that an assault weapon ban doesn't effect their way of life, and I assure that you'll be surprised at the energetic response you get. Again, I'm not saying they're correct, merely saying you won't win them over.",https://undelete.pullpush.io/r/BlueMidterm2018/comments/7yvtbz/_/dujm1lk/,https://api.pullpush.io/reddit/comment/search/?ids=dujm1lk
2018-02-20,r/BlueMidterm2018,"I am always surprised at the rabid rhetoric that gets thrown around by Democrats when it comes to the gun issue. I vote Democrat almost always, fall pretty far to the left on the political spectrum, but since I grew up in a rural area and am a soldier by trade, I own firearms and have a responsible relationship with them. In the last few days I have been accused of being party to the murder of children, a tangential supporter of the NRA (an organization that disgusts me), and an all around terrible person.

These accusations don't bug me, since I'm a rational guy and understand that people are emotional over the issue, but it certainly isn't going to win anyone over. But I do believe the party (especially its more urbanized base) has a real problem with this discussion, and until they fix it will continue to lose rural areas they might otherwise easily win. 
",https://undelete.pullpush.io/r/BlueMidterm2018/comments/7yvtbz/_/dujmfut/,https://api.pullpush.io/reddit/comment/search/?ids=dujmfut
2018-02-20,r/BlueMidterm2018,"Always nice to run into a fellow Mainer here on the internets. And you are 100% right, a progressive agenda in Maine is a long game. I am consistently amazed at how many people in my area readily accept progressive concepts like getting money out of politics and adopting some form of socialized healthcare, but will always lean away from Democrats over guns and and the assumption (not entirely wrong) that liberals think they're idiots for their lifestyles. 

These people can be allies if we could only stick to more systemic issues like class and political corruption, but we lose them everytime the phrase ""assault weapon"" gets mentioned.

In the end, in rural areas the Democratic party really needs to evaluate what matters most, and discard the rest.",https://undelete.pullpush.io/r/BlueMidterm2018/comments/7yvtbz/_/dujo2a0/,https://api.pullpush.io/reddit/comment/search/?ids=dujo2a0
2018-02-20,r/BlueMidterm2018,"As a former infantry Marine with forearms tattoos myself, I am a proud supporter of Jared Golden. But to say that the Democratic party in Maine doesn't fall on the ""anti"" side of the gun debate is just wrong. Not only that, but the national level conversation cannot help but seep down to the state and local level.",https://undelete.pullpush.io/r/BlueMidterm2018/comments/7yvtbz/_/dujo9nk/,https://api.pullpush.io/reddit/comment/search/?ids=dujo9nk
2018-02-20,r/BlueMidterm2018,"I fully agree, the energy and vehemence of the response is due to people feeling frustrated. And I get that, I really do. But I also look around my neck of the northeast woods and recognize that that reaction is further driving a wedge between the Democratic party and rural voters, and frankly it is a wedge that I don't see as beneficial. 

As to what you asked, I don't think Maine has had anything akin to the type of mass shootings that prompted this discussion. Growing up, community oriented firearms safety and responsibility activities were pretty standard (youth hunters safety, 4H, boy scouts, etc etc). From what I can tell, those are still popular. I would say it is unfair to say that in most rural communities ethics and good sportsmanship with firearms isn't already entrenched.

But that too might be part of the rural/urban divide you described. Guns are generally seen as tools that people need to know how to use responsibly in rural areas, where in urban ones they seem to be more of an abstract instrument of fear and violence. It is going to be very difficult to bridge that divide.",https://undelete.pullpush.io/r/BlueMidterm2018/comments/7yvtbz/_/dujqwq1/,https://api.pullpush.io/reddit/comment/search/?ids=dujqwq1
2018-02-20,r/BlueMidterm2018,"I can tell you, without question, that will not work. If Crazy Earl shouldn't have a gun, it's likely his family took 'em already. Or Crazy Earl lives far enough out in the sticks (like many a Crazy Earl does) that the only things in danger are local wildlife and beer cans.

Honestly, stop trying to figure out how to message gun control to rural gun owners. It won't work. Do try to figure out how to message economic inequality, money in politics, and healthcare. You'll win with those.",https://undelete.pullpush.io/r/BlueMidterm2018/comments/7yvtbz/_/dujtxut/,https://api.pullpush.io/reddit/comment/search/?ids=dujtxut
2018-02-20,r/BlueMidterm2018,"Trust me, I know. I grew up taking NRA safety courses, it was an NRA curriculum in 4H that taught me the 4 weapon safety rules and how to shoot both a rifle and shotgun safely and accurately. It is an absolute travesty what the organization has become, siphoning off energy from education into reactionary propaganda. 

Amusingly enough, I've long thought that if Democrats would drop the gun control stuff, it would allow a much more middle of the road organization focused entirely on education and safety to arise. But with the specter of total confiscation or even just targeted bans lingering on the horizon, many gun owners are easily convinced to side with the NRA's current insanity.",https://undelete.pullpush.io/r/BlueMidterm2018/comments/7yvtbz/_/dujv197/,https://api.pullpush.io/reddit/comment/search/?ids=dujv197
2018-02-20,r/BlueMidterm2018,"With an attitude like that it certainly is. I live here, I'm under 50, and respectfully disagree. Maybe you should get out more and talk to folks in certain areas instead of just write them off.",https://undelete.pullpush.io/r/BlueMidterm2018/comments/7yvtbz/_/dujxxju/,https://api.pullpush.io/reddit/comment/search/?ids=dujxxju
2018-02-20,r/BlueMidterm2018,Absolutely no idea what you're getting at.,https://undelete.pullpush.io/r/BlueMidterm2018/comments/7yvtbz/_/dujxyp9/,https://api.pullpush.io/reddit/comment/search/?ids=dujxyp9
2018-02-20,r/BlueMidterm2018,"Yikes, pretentious much? That's fine though, I suppose Dems in D2 are certainly better off without your kind of help.",https://undelete.pullpush.io/r/BlueMidterm2018/comments/7yvtbz/_/dujysqi/,https://api.pullpush.io/reddit/comment/search/?ids=dujysqi
2018-02-20,r/BlueMidterm2018,"Man, you really hate us up here. That's fine, I suppose. But I'll continue to look for solutions, I very much enjoy living here and find my community engaged and supportive. You've got some serious southern Maine bitterness going on, this is the first time I've ever experienced that.",https://undelete.pullpush.io/r/BlueMidterm2018/comments/7yvtbz/_/duk0csb/,https://api.pullpush.io/reddit/comment/search/?ids=duk0csb
2018-02-20,r/BlueMidterm2018,"Man, you're hurting my feelings! Luckily I've got all my teeth and most of my AR's cost several thousand dollars, so I can assume you don't mean me this time.",https://undelete.pullpush.io/r/BlueMidterm2018/comments/7yvtbz/_/duk0x6p/,https://api.pullpush.io/reddit/comment/search/?ids=duk0x6p
2018-02-20,r/BlueMidterm2018,"Hell, in this thread alone a fellow Mainer called me a ""toothless Gump"" who's district should be written off. You couldn't ask for a better character out of central casting to fill the role of arrogant liberal. It's a shame, because when you talk to people in rural areas about campaign finance reform, ending the drug war, and healthcare, you can find lots of support for progressive issues.",https://undelete.pullpush.io/r/BlueMidterm2018/comments/7yvtbz/_/duk2gct/,https://api.pullpush.io/reddit/comment/search/?ids=duk2gct
2018-02-20,r/liberalgunowners,"I can't agree with that at all. I know lots of people who fall on the anti-gun side of the spectrum, and not a single one yearns for the killing of gun owners. Most are extremely well meaning folks who are technically ignorant on the issue and react emotionally to mass killings. 

You can disagree with people without assigning them evil intentions, many on the other side do it and it's not something we should stoop to.",https://undelete.pullpush.io/r/liberalgunowners/comments/7yvomv/_/duk2zwn/,https://api.pullpush.io/reddit/comment/search/?ids=duk2zwn
2018-02-20,r/liberalgunowners,"Yeah, I prefer to use real people in real conversation as my benchmark, not vitriolic internet commentary.",https://undelete.pullpush.io/r/liberalgunowners/comments/7yvomv/_/duk339x/,https://api.pullpush.io/reddit/comment/search/?ids=duk339x
2018-02-20,r/videos,"I was northeast with the Army in '10-'11. Lots of buddies from my time in the Corps did tours down in Helmand, it was a gun show down there.

Also did Fallujah and Ramadi back in '05-'06 as a Marine.",https://undelete.pullpush.io/r/videos/comments/7yq0cq/_/duk3902/,https://api.pullpush.io/reddit/comment/search/?ids=duk3902
2018-02-20,r/BlueMidterm2018,"Honestly, I could not have asked for a better foil in this thread. It's as though you are going out of your way to embody the exact arrogance and pretentiousness that is being discussed here. So I do thank you for all the more proving the point.",https://undelete.pullpush.io/r/BlueMidterm2018/comments/7yvtbz/_/duk3rpj/,https://api.pullpush.io/reddit/comment/search/?ids=duk3rpj
2018-02-20,r/BlueMidterm2018,"Now I'm just impressed. Please, continue.",https://undelete.pullpush.io/r/BlueMidterm2018/comments/7yvtbz/_/duk4d21/,https://api.pullpush.io/reddit/comment/search/?ids=duk4d21
2018-02-20,r/BlueMidterm2018,"Folks like you do far more towards stymieing progressive agendas by alienating possible allies than you are aware. It's your exact attitude that helps Republicans win elections, and it is incredibly frustrating as a Democrat to watch this kind of vitriol infect the party and hinder its ability to win elections.

I wish you luck, but I'm afraid it is unlikely you'll find it.",https://undelete.pullpush.io/r/BlueMidterm2018/comments/7yvtbz/_/duk5gf9/,https://api.pullpush.io/reddit/comment/search/?ids=duk5gf9
2018-02-20,r/BlueMidterm2018,"The gun discussion in this country is so riven with emotion on both sides that in order to reach some consensus ground is going to need to given on both ends.

Personally, I feel that a repeal of the 1934 NFA in exchange for universal background checks on all firearms sales would be a start. From a pragmatic standpoint the NFA is ridiculous (requiring $200 tax stamps and ridiculous wait times for technical minutiae like rifle barrel length and suppressors), while universal background checks for all firearms sales would close the ""gun show loophole"". Both sides would get something they want without looking like they've given ground, and from a pragmatic standpoint neither sides core positions would be compromised. 

It's also possible the NRA would oppose it, which could bring around a most amusing situation where Democrats could campaign on the NRA being anti-gun. That alone would almost make it worth it.

Outside of this very unlikely form of compromise, the best thing a candidate can say on gun control in the current environment is nothing. Democrats won't vote for a Republican just because their candidate doesn't take a firm stance on gun control, but many undecided rural voters will be able to be wooed if guns are just not on the list of things that are discussed. ",https://undelete.pullpush.io/r/BlueMidterm2018/comments/7yvtbz/_/duk6dvk/,https://api.pullpush.io/reddit/comment/search/?ids=duk6dvk
2018-02-20,r/BlueMidterm2018,"Cheers! Thanks a lot, I'm actually really impressed with the civility and maturity of this overall discussion, especially considering the topic. Have a good one!",https://undelete.pullpush.io/r/BlueMidterm2018/comments/7yvtbz/_/duk6r0y/,https://api.pullpush.io/reddit/comment/search/?ids=duk6r0y
2018-02-20,r/videos,"It was my pleasure, I very much enjoyed soldiering. I am, went to college but missed that kind of work, so I'm back in Afghanistan working for State. ",https://undelete.pullpush.io/r/videos/comments/7yq0cq/_/duk6v2d/,https://api.pullpush.io/reddit/comment/search/?ids=duk6v2d
2018-02-20,r/BlueMidterm2018,"This might be the most rational piece I have read on the gun issue. Thank you very much, I'm going to copy this and send it around if you don't mind (full credit given, of course).",https://undelete.pullpush.io/r/BlueMidterm2018/comments/7yvtbz/_/duk77kt/,https://api.pullpush.io/reddit/comment/search/?ids=duk77kt
2018-02-21,r/AdviceAnimals,"Well I downvoted you, and I'm a regular human. I assure you it's not a conspiracy.",https://undelete.pullpush.io/r/AdviceAnimals/comments/7z1ivx/_/dul2txk/,https://api.pullpush.io/reddit/comment/search/?ids=dul2txk
2018-02-22,r/Firearms,"Overpriced. And I say that as the owner of one. It’s a great rifle, reliable and accurate. Recoil impulse is indeed a little better than my AR10. Certainly not an extra $1000 better though, which is effectively what you’d be paying.

I assembled a .308 AR (with a Proof Research barrel) for under 2K before optics, and while my SCAR 17 is a little lighter, it’s not $1200 lighter. Just my .02 cents.",https://undelete.pullpush.io/r/Firearms/comments/7z9bx2/_/dun5i8l/,https://api.pullpush.io/reddit/comment/search/?ids=dun5i8l
2018-02-24,r/esist,"You could turn that exact statement around to:

""Trump is a fascist!""

""I want Trump to take away my arms!""

It is quite possible to think Trump is a wannabe fascist AND want to maintain arms in the hands of the citizenry for just that reason.",https://undelete.pullpush.io/r/esist/comments/7zu8ez/_/duqwsj2/,https://api.pullpush.io/reddit/comment/search/?ids=duqwsj2
2018-02-24,r/politics,Infantry combat veteran here. Yup. Dumbest fucking idea I've ever heard.,https://undelete.pullpush.io/r/politics/comments/7zr6ah/_/duqwvfi/,https://api.pullpush.io/reddit/comment/search/?ids=duqwvfi
2018-02-24,r/todayilearned,"What the hell was with porn in the woods? I always thought I was lucky when I found a waterlogged International Club in the trees by the side of the road, hid it beneath a tree behind the house for covert “visits”. 

But now it seems that was a pretty standard way to find porn. Was there some huge fad of throwing porno mags into the trees from 1980-1990?",https://undelete.pullpush.io/r/todayilearned/comments/7ztkai/_/duqyvc8/,https://api.pullpush.io/reddit/comment/search/?ids=duqyvc8
2018-02-24,r/esist,"So you think the presidency is currently being controlled by a crypto-fascist (I don't disagree), but want to see the state in total control of the ability to project violence? 

You'll have to pardon me, but that makes very little sense.",https://undelete.pullpush.io/r/esist/comments/7zu8ez/_/dur6nhn/,https://api.pullpush.io/reddit/comment/search/?ids=dur6nhn
2018-02-24,r/esist,"Look man, I spent 4 tours in the infantry duking it out with fellas who wore flip flops, carried 2 mags of AK ammo, and their most casualty producing weapon was an improvised static leave behind explosive.  It's the argument that asymmetric warfare doesn't work against military behemoths that is ridiculous.

But that point aside, it really isn't the military that people should worry about when it comes to this conversation, but authoritarian local law enforcement and auxiliaries that would happily support them (think your local right-wing immigrant hating gun nut militia types). In that context, yes, I think semi-automatic rifles could be quite useful.",https://undelete.pullpush.io/r/esist/comments/7zu8ez/_/durer1g/,https://api.pullpush.io/reddit/comment/search/?ids=durer1g
2018-02-24,r/esist,"The vast majority of which involves handguns. It's pretty absurd no one ever talks about that, although I'm assuming it's because handguns mostly kill young black men. Nobody really gives a shit about things until it's well spoken white kids getting hurt.",https://undelete.pullpush.io/r/esist/comments/7zwj35/_/durghl1/,https://api.pullpush.io/reddit/comment/search/?ids=durghl1
2018-02-25,r/guns,"Glad to hear this, just ordered one for my 3gun rifle as well.",https://undelete.pullpush.io/r/guns/comments/8020j7/_/dusscgj/,https://api.pullpush.io/reddit/comment/search/?ids=dusscgj
2018-03-06,r/CombatFootage,"To be fair, we do that as well. Just look up ""canoeing"".
",https://undelete.pullpush.io/r/CombatFootage/comments/827imm/_/dv94gm7/,https://api.pullpush.io/reddit/comment/search/?ids=dv94gm7
2018-03-06,r/CombatFootage,"Makes sense. ""Canoeing"" is dumping rounds into a enemy KIA's head, splitting it open to look like a canoe. ",https://undelete.pullpush.io/r/CombatFootage/comments/827imm/_/dv94zmq/,https://api.pullpush.io/reddit/comment/search/?ids=dv94zmq
2018-03-06,r/CombatFootage,"Oh, it is. Doesn't mean it doesn't happen. ",https://undelete.pullpush.io/r/CombatFootage/comments/827imm/_/dv95aq1/,https://api.pullpush.io/reddit/comment/search/?ids=dv95aq1
2018-03-06,r/CombatFootage,No worries at all!,https://undelete.pullpush.io/r/CombatFootage/comments/827imm/_/dv95g5s/,https://api.pullpush.io/reddit/comment/search/?ids=dv95g5s
2018-03-06,r/CombatFootage,"Give this a read, it should shed some light on what can happen.

https://theintercept.com/2017/01/10/the-crimes-of-seal-team-6/

It includes audio from interviews with former team members.",https://undelete.pullpush.io/r/CombatFootage/comments/827imm/_/dv970c0/,https://api.pullpush.io/reddit/comment/search/?ids=dv970c0
2018-03-06,r/CombatFootage,"I've got 8, and I have. And yes, it most certainly is a crime.",https://undelete.pullpush.io/r/CombatFootage/comments/827imm/_/dv9mtg8/,https://api.pullpush.io/reddit/comment/search/?ids=dv9mtg8
2018-03-06,r/CombatFootage,"I've never been in a unit where anything remotely close to that was done, and certainly wouldn't abide it myself. But I've heard it discussed in conversation with guys from SOF units, enough that when that Intercept article came out a few years ago that mentioned it, I remember reading it and being surprised to see that stuff in print with sources. 

That kind of behavior is bullshit in my book.",https://undelete.pullpush.io/r/CombatFootage/comments/827imm/_/dv9n97u/,https://api.pullpush.io/reddit/comment/search/?ids=dv9n97u
2018-03-11,r/homestead,"Downeast is the best place on earth, in my humble opinion. Well, east of Ellsworth anyways.",https://undelete.pullpush.io/r/homestead/comments/83gxwl/_/dvj1lvk/,https://api.pullpush.io/reddit/comment/search/?ids=dvj1lvk
2018-03-13,r/liberalgunowners,"Sig, Dead Air, Griffin Armament. ",https://undelete.pullpush.io/r/liberalgunowners/comments/83ysas/_/dvml28a/,https://api.pullpush.io/reddit/comment/search/?ids=dvml28a
2018-03-13,r/ak47,Guns Up! Nice rifle.,https://undelete.pullpush.io/r/ak47/comments/840fqi/_/dvn9kp9/,https://api.pullpush.io/reddit/comment/search/?ids=dvn9kp9
2018-03-14,r/BlueMidterm2018,"I honestly think we can with Golden. He's a progressive liberal who also happens to be pro-gun and has a military background that is hard to bad mouth. It'll be difficult for Republicans to pull the ""liberal pussy""card when a combat Marine with multiple tours is on the debate stage with Poliquin.",https://undelete.pullpush.io/r/BlueMidterm2018/comments/84cwd0/_/dvotj0g/,https://api.pullpush.io/reddit/comment/search/?ids=dvotj0g
2018-03-14,r/BlueMidterm2018,"They will, but it’ll only work with the folks who we won’t reach anyways, and alienate lots of rational but conservative leaning ones.",https://undelete.pullpush.io/r/BlueMidterm2018/comments/84cwd0/_/dvp1fjf/,https://api.pullpush.io/reddit/comment/search/?ids=dvp1fjf
2018-03-15,r/politics,"The NYT piece says the company provided assistance in a logistical role, and it was't successful in killing or capturing any targets.",https://undelete.pullpush.io/r/politics/comments/84j9ll/_/dvqdwzp/,https://api.pullpush.io/reddit/comment/search/?ids=dvqdwzp
2018-03-15,r/todayilearned,"You know, I always wondered why we'd come across intact faces after suicide bombings. I've had numerous conversations wit other soldiers about this, it's an extremely regular occurrence. Makes sense now.",https://undelete.pullpush.io/r/todayilearned/comments/84hn2h/_/dvqeobm/,https://api.pullpush.io/reddit/comment/search/?ids=dvqeobm
2018-03-16,r/liberalgunowners,"This shit is fucking idiotic. I'm from Maine, where we have Constitutional Carry (anyone can carry concealed). I've worked at a gun shop and as a firearm instructor, and the sheer idiocy and incompetence I saw daily gives me no faith that people should be wandering around armed with zero training or vetting. When you strap on a gun to be used in the highly unlikely event of protecting yourself or other citizens, society deserves to know that you are capable of doing so. 

Instead we get folks like the mouth breathing fat fuck who duel wields Desert Eagles in shoulder holsters because ""ISIS wears body armor."" That's a real person I once witnessed whiffing over half his shots at the range.

You want to be strapped because you're gonna be a hero some day? Prove that you've got the basic skills and maturity to do so.",https://undelete.pullpush.io/r/liberalgunowners/comments/84x288/_/dvt2iui/,https://api.pullpush.io/reddit/comment/search/?ids=dvt2iui
2018-03-17,r/USMC,"School circle gents, story time!

Pull into Bahrain in '07 on a MEU, a Royal Navy submarine happens to be in port at the same time. We run into a bunch of these pale limey squids out in town at some Irish bar (no idea what it was called, I was drunk the whole time). 

Somehow during the drunken banter the concept of gay chicken arises. The tea drinkers were floored that we took our gay chicken seriously, and after some old fashioned shit talking we agreed to an old fashioned gay off.

Now, I was an MG section leader at this point, so I did what any good NCO would do and delegated. Chose two of our least shy degenerate '31s, who readily jumped at the chance to defend the Marine Corps title of ""gayest straight men in the world"".

The subsurface Tommies chose two of their fellas, and the rules were thus: The teams would mirror the actions of the other, and whoever bitched out first would lose. Simple and standard. I had high hopes for our chances, the unit had been on two combat tours before this MEU and everyone was extremely close and used to the competitive gay chicken that arises in a combat zone.

But our imminent victory was not to be. At the signal the game had begun, before our Marines could even go with the time tested ""upper thigh"" touch that usually begins the competition, one of the Brits just whips out his cock and balls.

Before we even realize what's going on, the other weird bastard just leans down and licks damn thing from the bottom of the ballsack all the way up to the top of the dick. Stands up, looks dead at us and yells ""BEAT THAT!""

Game over man, game over. Our valiant competitors stood there looking white as a sheet, and the rest of us were speechless for a second until we erupted in disgust and accusations of cheating. I proudly withdrew our team on the grounds that one cannot play gay chicken if one is actually gay, and we went back to heavy drinking as far away from the Brits as possible.

This is the only time that I was ever immensely proud of my Marines for losing.",https://undelete.pullpush.io/r/USMC/comments/84x9dv/_/dvudbni/,https://api.pullpush.io/reddit/comment/search/?ids=dvudbni
2018-03-17,r/USMC,"School circle gents, story time!

Pull into Bahrain in '07 on a MEU, a Royal Navy submarine happens to be in port at the same time. We run into a bunch of these pale limey squids out in town at some Irish bar (no idea what it was called, I was drunk the whole time).

Somehow during the drunken banter the concept of gay chicken arises. The tea drinkers were floored that we took our gay chicken seriously, and after some old fashioned shit talking we agreed to an old fashioned gay off.

Now, I was a MG section leader at this point, so I did what any good NCO would do and delegated. Chose two of our least shy degenerate '31s, who readily jumped at the chance to defend the Marine Corps title of ""gayest straight men in the world"".

The subsurface Tommies chose two of their fellas, and the rules were thus: The teams would mirror the actions of the other, and whoever bitched out first would lose. Simple and standard. I had high hopes for our chances, the unit had been on two combat tours before this MEU and everyone was extremely close and used to the competitive gay chicken that arises in a combat zone.

But our imminent victory was not to be. At the signal the game had begun, before our Marines could even go with the time tested ""upper thigh"" touch that usually begins the competition, one of the Brits just whips out his cock and balls.

Before we even realize what's going on, the other weird bastard just leans down and licks damn thing from the bottom of the ballsack all the way up to the top of the dick. Stands up, looks dead at us and yells ""BEAT THAT!""

Game over man, game over. Our valiant competitors stood there looking white as a sheet, and the rest of us were speechless for a second until we erupted in disgust and accusations of cheating. I proudly withdrew our team on the grounds that one cannot play gay chicken if one is actually gay, and we went back to heavy drinking as far away from the Brits as possible.

This is the only time that I was ever immensely proud of my Marines for losing.",https://undelete.pullpush.io/r/USMC/comments/853i4z/_/dvuhcqr/,https://api.pullpush.io/reddit/comment/search/?ids=dvuhcqr
2018-03-23,r/Military,"John Bolton has proudly said he joined the Guard to avoid ""dying in some rice paddy in southeast asia"". 

But he sure as hell didn't have a problem with getting my friends killed in shithole cities in the middle east.

Fuck that coward.",https://undelete.pullpush.io/r/Military/comments/86fqj8/_/dw60rsv/,https://api.pullpush.io/reddit/comment/search/?ids=dw60rsv
2018-04-02,r/politics,"That’s not true. The VA covers a vast population with myriad health problems, and does so under a budget that is constantly being questioned by congress.  

Like all huge bureaucracies it has its share of issues, but saying “ the VA doesn’t work” is absolute bullshit. At no point in human history have veterans been treated so well by the society they fought for, and the VA has come a long way from the disaster it was post-Vietnam.

I say this as an infantry combat vet with a high disability rating and a regular relationship with my local VA. ",https://undelete.pullpush.io/r/politics/comments/88wdq4/_/dwo2sqt/,https://api.pullpush.io/reddit/comment/search/?ids=dwo2sqt
2018-04-03,r/politics,"As a left-leaning guy who runs frequently in hyper-right wing circles (I’m a combat veteran who shoots competitively and still works in the security field), I can’t tell you how right you are. There is a sizeable portion of the population who feel that “liberals” are the enemy, and they fantasize about the day they can destroy them.

I keep my mouth shut when I hear this shit because confronting them would be in vain. But this exists, and anecdotally I’ve seen it getting much worse since the election.",https://undelete.pullpush.io/r/politics/comments/89e1i6/_/dwqhpvf/,https://api.pullpush.io/reddit/comment/search/?ids=dwqhpvf
2018-04-03,r/politics,"Trust me, I've been around this stuff for years now, and I've tried that. It never ends with any minds being changed and is more of a pain in the ass than it's worth.",https://undelete.pullpush.io/r/politics/comments/89e1i6/_/dwqksoh/,https://api.pullpush.io/reddit/comment/search/?ids=dwqksoh
2018-04-03,r/politics,"Don’t worry, I already do this one. Although often I don’t mention the source, it allows me a good internal chuckle though.",https://undelete.pullpush.io/r/politics/comments/89e1i6/_/dwqtreo/,https://api.pullpush.io/reddit/comment/search/?ids=dwqtreo
2018-04-04,r/politics,"Oh, there’s no question most of it is fantasy idiocy. Hell, lots of the guys I hear say this shit wouldn’t last 2 minutes in a fire fight simply due to the fact they’re fat and can’t run.

But the fact this sentiment even exists in the numbers it does is disturbing.",https://undelete.pullpush.io/r/politics/comments/89e1i6/_/dwrx6vf/,https://api.pullpush.io/reddit/comment/search/?ids=dwrx6vf
2018-04-04,r/politics,"Haha, well, since I’m paid by the government to use guns to protect people, my honest answer is that’s a dumb fucking question.",https://undelete.pullpush.io/r/politics/comments/89e1i6/_/dwrxals/,https://api.pullpush.io/reddit/comment/search/?ids=dwrxals
2018-04-05,r/todayilearned,"Magazines are expendable (disposable) items, although you would at least make an attempt to police them up post-fight depending on the situation. Most of us carry a dump pouch of some kind to stash emptied or partially emptied mags, but if a guy needs to combat reload or clear a malfunction mid-gunfight and leaves a mag on the deck, no good leader is going to give a shit about that. Small unit maneuver combat can be confusing as fuck and high paced, when we're chasing people down to murder them the last thing I want my kids expending mental energy on is dealing with empty magazines. 

As for refilling empty mags post mission, you just get ammo (generally in stripper clips) upon return and jam your own mags. Good units with solid NCO's also tend to have pre-loaded stashes of magazines in their living spaces to quickly refit, and REALLY locked on units have resupply packages of mags and frags ready to go.",https://undelete.pullpush.io/r/todayilearned/comments/89v7ah/_/dwu87rx/,https://api.pullpush.io/reddit/comment/search/?ids=dwu87rx
2018-04-05,r/Military,"Don't forget a BSM w/V and inducted into the Ranger Hall of Fame. Also took a stand against warrantless wiretapping and torture while serving as FBI Director during the Bush administration.

Real anti-American type, that guy.",https://undelete.pullpush.io/r/Military/comments/8a1b09/_/dwv8zmh/,https://api.pullpush.io/reddit/comment/search/?ids=dwv8zmh
2018-04-14,r/liberalgunowners,"Wait, what was wrong with Orwell’s worldview? The man was rabidly anti-authoritarian and an avowed socialist who had firm beliefs about justice and honesty. While there are certainly some things to disagree with, Orwell’s worldview was the opposite of “Orwellian”.",https://undelete.pullpush.io/r/liberalgunowners/comments/8c76b5/_/dxcoorw/,https://api.pullpush.io/reddit/comment/search/?ids=dxcoorw
2018-04-14,r/liberalgunowners,"Orwell saw the British left’s inability to see Stalinism for the authoritarian poison that it was as one of its most significant flaws, and history proved that he was quite right.

His homophobia in indefensible in my opinion, but frankly that was not a major part of his politics and doesn’t taint the rest. ",https://undelete.pullpush.io/r/liberalgunowners/comments/8c76b5/_/dxcpa56/,https://api.pullpush.io/reddit/comment/search/?ids=dxcpa56
2018-04-14,r/liberalgunowners,"I didn’t ask that though. I’m well aware why authoritarian jackasses don’t like Orwell, but I don’t see that as a bad thing. I asked why the initial comment thought there was something wrong enough with Orwell’s worldview to not want to emulate it at all.",https://undelete.pullpush.io/r/liberalgunowners/comments/8c76b5/_/dxcvua0/,https://api.pullpush.io/reddit/comment/search/?ids=dxcvua0
2018-04-16,r/liberalgunowners,"""But always remember this: Marines die. It's what we're here for. But the Corps lives forever, and that means you live forever!""

Fair winds and Following Seas, Gunny.",https://undelete.pullpush.io/r/liberalgunowners/comments/8cjiot/_/dxg2vnk/,https://api.pullpush.io/reddit/comment/search/?ids=dxg2vnk
2018-04-17,r/USMC,"Just remember, we are people who watched Full Metal Jacket and thought: “That’s exactly what I want to do.”",https://undelete.pullpush.io/r/USMC/comments/8cx8jz/_/dxil5d5/,https://api.pullpush.io/reddit/comment/search/?ids=dxil5d5
2018-04-24,r/Military,"I’ve reached a point where I just defer to “Trumps Razor”. 

If the answer is: “Because the President is a ~~retarded~~ mentally incapable narcissist”, then that’s the answer.

Like in this case. Trump realizes he needs a new VA secretary. Trump knows he is the smartest man alive, and so is surrounded by smart people, so he looks around the room. He sees Ronny Jackson. 

Ronny Jackson is a doctor. Trump knows the VA has something to do with doctors. 

Ronny Jackson is in the Navy. Trump knows the VA has something to do with the Navy.

Ronny Jackson said Trump is incredibly healthy. He’s clearly loyal.

Ronny Jackson is now the choice for VA Secretary.",https://undelete.pullpush.io/r/Military/comments/8eeuoh/_/dxv1mof/,https://api.pullpush.io/reddit/comment/search/?ids=dxv1mof
2018-04-24,r/Military,"Oh no, this one is ~~retarded~~ mentally incapable too. Don't worry little buddy, there are programs for you.",https://undelete.pullpush.io/r/Military/comments/8eeuoh/_/dxv5sbp/,https://api.pullpush.io/reddit/comment/search/?ids=dxv5sbp
2018-04-24,r/Military,"Did you forget which subreddit this is? Lighten up, Francis.
",https://undelete.pullpush.io/r/Military/comments/8eeuoh/_/dxv79dl/,https://api.pullpush.io/reddit/comment/search/?ids=dxv79dl
2018-04-24,r/Military,"Hey, that guy accused me of watching CNN. I'd say that's even more insulting than calling me ~~retarded~~ mentally incapable.

ETA: He also used the improper spelling of ""too"" and you totally missed an excellent ""Stripes"" reference. ",https://undelete.pullpush.io/r/Military/comments/8eeuoh/_/dxv7psf/,https://api.pullpush.io/reddit/comment/search/?ids=dxv7psf
2018-04-24,r/ak47,"Krebs PD-18

Vortex 3 MOA Venom RDS

Magpul Gen 3 AK PMAG.

Took it out to the range today for its first run and zeroing, the smoothness of the action kind of needs to be felt to be believed. The ALG trigger with custom work by Krebs is without question the best AK trigger I’ve ever felt. There really is NO play in the dust cover, and the extra sight radius combined with the AR style peep sight had me shooting some of the tightest iron sight groups I've shot with an AK.

The PMAG fits perfectly, a little more solid than the steel magazine that came with the gun. Krebs also includes a kydex mag pouch with belt loops, a decent hard case, and an OTIS cleaning kit with some extra lube and cleaning solution. Even has a ""certificate of authenticity"", which was a nice touch considering how much the damn thing cost.



It was pricey, but frankly it was worth it. Great little handy gun that packs a good punch.",https://undelete.pullpush.io/r/ak47/comments/8eopet/_/dxwuy16/,https://api.pullpush.io/reddit/comment/search/?ids=dxwuy16
2018-04-25,r/ar15,"TOP

This gun has (obviously) gone through some changes over the years, and is on my oldest AR lower which is now SBR'ed. Parts list is:

BCM Upper Receiver

TRIARC 10.3"" Hanson profile barrel in 300 BLK

Geissele 9.5"" MK4

Steiner DBAL I-2

Surefire Mini-Scout on Arisaka Defense mount

BCM BCG

Aimpoint T1 on Larue Mount

Troy iron sights

SilencerCo Omega 45K

Stag Lower

Unknown LPK

ALG ACT trigger (This is my favorite trigger in a fighting gun, just a super smooth stock trigger)

Blue Force Gear Redi-Mod

Magpul BAD Lever (I know, I know. I like it anyways)

Magpul MIAD grip

VLTOR EMOD stock

VTAC bungee sling


BOTTOM

Sig Sauer MCX Pistol w/9"" 300 Blackout Barrel

Surefire Mini-Scout on Arisaka Defense mount

Steiner DBAL-A3

SilencerCo Omega w/ASR mount

Aimpoint T2 on Scalarwarks mount

NVG's are Tactical Night Vision Company white phosphorous PVS-14's on a Crye NightCap. I wish this mounting system had existed when I was in the Army, it is a million times better than the old skullcrusher harness. And sometimes I just don't wanna wear a helmet in the woods.


",https://undelete.pullpush.io/r/ar15/comments/8exi7x/_/dxyvqnj/,https://api.pullpush.io/reddit/comment/search/?ids=dxyvqnj
2018-04-25,r/ar15,"Yup. It's there to be grippy, not look any good.",https://undelete.pullpush.io/r/ar15/comments/8exi7x/_/dxywszf/,https://api.pullpush.io/reddit/comment/search/?ids=dxywszf
2018-04-25,r/ar15,"I think right around 4K. And I love them, I've always had a soft spot for 14's after years of using them in the service, but the white phosphorous is really amazing. Clear and easy to make things out. Definitely recommend them.",https://undelete.pullpush.io/r/ar15/comments/8exi7x/_/dxywyn8/,https://api.pullpush.io/reddit/comment/search/?ids=dxywyn8
2018-04-25,r/ar15,"No. Now, I am well aware of all the arguments for bino's, and have used binocular NVG's for work. I like them, especially if the environment is specifically in buildings or urban terrain and use time is relatively brief.

But in the woods doing any form of patrolling or hunting, monoculars shine. If anything happens with the device, I still have one eye that is adjusted to the darkness, and on moonlit nights that other eye gives me much better situational awareness instead of getting sucked into the tubes.

Years of doing reconnaissance operations in 14's has given me a good understanding of how to use them properly, and if you adjust the lens properly depth perception isn't difficult to figure out. I've shot iron sighted pistol through these effectively, if that's any evidence.
",https://undelete.pullpush.io/r/ar15/comments/8exi7x/_/dxyxple/,https://api.pullpush.io/reddit/comment/search/?ids=dxyxple
2018-04-25,r/ar15,"To be fair, I don't anymore.",https://undelete.pullpush.io/r/ar15/comments/8exi7x/_/dxyxt4w/,https://api.pullpush.io/reddit/comment/search/?ids=dxyxt4w
2018-04-25,r/ar15,"The MAWL is cool and all, but honestly not worth the price for me. I picked up that DBAL I2 on sale for $630, and while that isn't cheap it's not terrible. And it does what I need, green vis laser and IR pointer.",https://undelete.pullpush.io/r/ar15/comments/8exi7x/_/dxyzgre/,https://api.pullpush.io/reddit/comment/search/?ids=dxyzgre
2018-04-25,r/ar15,"It's my favorite rifle. That thing has been almost every form an AR could take at one time or another, but it's going to stay in it's current state probably forever.",https://undelete.pullpush.io/r/ar15/comments/8exi7x/_/dxyzjm2/,https://api.pullpush.io/reddit/comment/search/?ids=dxyzjm2
2018-04-25,r/ar15,"On that front, yeah, there really aren't many decent options that are ""budget""
",https://undelete.pullpush.io/r/ar15/comments/8exi7x/_/dxz0xks/,https://api.pullpush.io/reddit/comment/search/?ids=dxz0xks
2018-04-26,r/ar15,"The other added benefit is you can also weapon mount them behind an optic, which has upsides in some scenarios.",https://undelete.pullpush.io/r/ar15/comments/8exi7x/_/dxz2t24/,https://api.pullpush.io/reddit/comment/search/?ids=dxz2t24
2018-04-26,r/ar15,8 years in the grunts. No fucking way that thing doesn't get closed every time.,https://undelete.pullpush.io/r/ar15/comments/8exi7x/_/dxz3xmv/,https://api.pullpush.io/reddit/comment/search/?ids=dxz3xmv
2018-04-26,r/ar15,"You aren't alone, brother. Pretty sure all my civilian buddies hate shooting with me because I'm constantly throwing out a ""close your fucking dust cover"" after we shoot a drill.",https://undelete.pullpush.io/r/ar15/comments/8exi7x/_/dxz4dkt/,https://api.pullpush.io/reddit/comment/search/?ids=dxz4dkt
2018-04-26,r/ar15,Rough.,https://undelete.pullpush.io/r/ar15/comments/8exi7x/_/dxz4qel/,https://api.pullpush.io/reddit/comment/search/?ids=dxz4qel
2018-04-26,r/ar15,"Like everything, there are pros and cons with both. Weapon mounted gives you the option of simply using your standard optic and shooting position, which can certainly help with accuracy. Also negates the need for an IR illuminator, so cheaper and lighter. Also no IR signature, which means a hell of a lot if you're fighting a NVG equipped opponent. But the downside is the NVG is really only effective in aiming the weapon, not in general movement or scanning.

Helmet mounted systems allow you to use the device passively as a situational awareness tool, but also require some form of IR illuminator in order to aim the weapon. So heavier, more expensive, and you're giving off a much more intense IR signature. 

What I like about 14's is I have the option to use either system. Binoculars limit you to helmet mounted only.

And I like the MCX. It isn't life-changing or does anything better than any other decent AR style rifle, but I like the modularity and so far mine has been boringly reliable.",https://undelete.pullpush.io/r/ar15/comments/8exi7x/_/dxz5qtk/,https://api.pullpush.io/reddit/comment/search/?ids=dxz5qtk
2018-04-26,r/ar15,"Because if you have a decent RDS (Eotech, Aimpoint, Trijicon), they have low enough settings to still get a clear dot through NVGs. Instead of an IR aiming device you can just use your standard optic.

",https://undelete.pullpush.io/r/ar15/comments/8exi7x/_/dxz63gi/,https://api.pullpush.io/reddit/comment/search/?ids=dxz63gi
2018-04-26,r/ar15,"And I took a bear with the MCX last fall, it's working for me as a handy hunting gun.",https://undelete.pullpush.io/r/ar15/comments/8exi7x/_/dxz6b82/,https://api.pullpush.io/reddit/comment/search/?ids=dxz6b82
2018-04-26,r/ar15,240 lbs Maine black bear.,https://undelete.pullpush.io/r/ar15/comments/8exi7x/_/dxz6fl4/,https://api.pullpush.io/reddit/comment/search/?ids=dxz6fl4
2018-04-26,r/ar15,I shoot coyotes. If I lived in the south I'd shoot hogs. And I go into the woods.,https://undelete.pullpush.io/r/ar15/comments/8exi7x/_/dxz781u/,https://api.pullpush.io/reddit/comment/search/?ids=dxz781u
2018-04-26,r/ar15,"Regular ones. That dioptic thing might work for some folks, but it's odd to me.",https://undelete.pullpush.io/r/ar15/comments/8exi7x/_/dxzbkjy/,https://api.pullpush.io/reddit/comment/search/?ids=dxzbkjy
2018-04-26,r/worldnews,"Oh look, a pathetic loser who isn't a cop commenting on use of force. How surprising....",https://undelete.pullpush.io/r/worldnews/comments/8exjte/_/dxzdpbu/,https://api.pullpush.io/reddit/comment/search/?ids=dxzdpbu
2018-04-26,r/ar15,"I'd like to point out here I got a deal on both, and the total cost of each didn't break 1K. I'm also single with no kids, hence why I can afford this stuff.",https://undelete.pullpush.io/r/ar15/comments/8exi7x/_/dxzgtko/,https://api.pullpush.io/reddit/comment/search/?ids=dxzgtko
2018-04-26,r/ar15,"I've handled rifles on several occasions with hands covered in sweat, blood, and oil. A little extra purchase on a forward grip isn't a bad thing. The old TangoDown VFG's were totally slick and too long for my tastes, hence being cut down and aggressively stippled.",https://undelete.pullpush.io/r/ar15/comments/8exi7x/_/dxzh4ut/,https://api.pullpush.io/reddit/comment/search/?ids=dxzh4ut
2018-04-26,r/ar15,"Yes. I use vfgs more as a modified  handstop, and the old full size Tango Down grip was quite long with the majority of it not making contact with my hand. So I cut that part off and stippled the hell out of it for extra purchase when I’m pulling the rifle into my shoulder. I picked that grip up sometime between 2005-2007, it was before all the awesome options that exist today.",https://undelete.pullpush.io/r/ar15/comments/8exi7x/_/dy09005/,https://api.pullpush.io/reddit/comment/search/?ids=dy09005
2018-04-26,r/ar15,"When fighting around vehicles, you’d be surprised how often fluids find there way onto you. Especially after IED strikes. And people often bleed in gunfights, as surprising as that may seem. After multiple tours in the infantry to Iraq and Afghan this is just something I now take into consideration.",https://undelete.pullpush.io/r/ar15/comments/8exi7x/_/dy0989l/,https://api.pullpush.io/reddit/comment/search/?ids=dy0989l
2018-04-26,r/ar15,I’m not sure what’s so difficult to understand here. IED strikes to a vehicle often result in ruptured fluid lines and friendly casualties. Blood and oil (and all the other things that can pour out of a vehicle) tend to get everywhere. I did 4 deployments in the infantry to Iraq and Afghan and have been blown up enough to have handled rifles with slick hands more than once.,https://undelete.pullpush.io/r/ar15/comments/8exi7x/_/dy09rnp/,https://api.pullpush.io/reddit/comment/search/?ids=dy09rnp
2018-04-26,r/ar15,I’m not sure what’s so difficult to understand here. IED strikes to a vehicle often result in ruptured fluid lines and friendly casualties. Blood and oil (and all the other things that can pour out of a vehicle) tend to get everywhere. I did 4 deployments in the infantry to Iraq and Afghan and have been blown up enough to have handled rifles with slick hands more than once.,https://undelete.pullpush.io/r/ar15/comments/8exi7x/_/dy09rnp/,https://api.pullpush.io/reddit/comment/search/?ids=dy09rnp
2018-04-26,r/ar15,If only we could have M60's......sigh.,https://undelete.pullpush.io/r/ar15/comments/8exi7x/_/dy0hilh/,https://api.pullpush.io/reddit/comment/search/?ids=dy0hilh
2018-04-26,r/ar15,"For someone on a budget, mounting 14's behind an optic means they'll still have an aiming solution without needing an illuminator/pointer. I agree that it's still a good thing to have, but if you helmet mount your NVG's it is incredibly difficult (though not entirely impossible) to get a sight picture through a RDS.",https://undelete.pullpush.io/r/ar15/comments/8exi7x/_/dy0i937/,https://api.pullpush.io/reddit/comment/search/?ids=dy0i937
2018-04-27,r/liberalgunowners,Hey man...don’t be mean to my 14’s. They’re friendly NVG’s.,https://undelete.pullpush.io/r/liberalgunowners/comments/8f7y28/_/dy29198/,https://api.pullpush.io/reddit/comment/search/?ids=dy29198
2018-04-30,r/Military,"TC is currently desperate for people....so if you’ve got the qualifications and can get a secret clearance, it’s a decent stopgap. But the pay ain’t what it used to be.",https://undelete.pullpush.io/r/Military/comments/8g1dpq/_/dy8h81b/,https://api.pullpush.io/reddit/comment/search/?ids=dy8h81b
2018-04-30,r/Military,"Really depends on whichever contract you get on. I’m not sure which one is that terrible, the WPS contracts are still decent enough (which an infantryman with 4 years and a clear record is qualified for). I’ve heard horror stories about the DOD static gigs though, but those aren’t TC or SOC.",https://undelete.pullpush.io/r/Military/comments/8g1dpq/_/dy8kkcf/,https://api.pullpush.io/reddit/comment/search/?ids=dy8kkcf
2018-04-30,r/Military,Amen to that.,https://undelete.pullpush.io/r/Military/comments/8g1dpq/_/dy8kseu/,https://api.pullpush.io/reddit/comment/search/?ids=dy8kseu
2018-04-30,r/Military,"Far from a recruiter bud, I’ve got no qualms talking shit about TC. But that “13 bucks an hour 15 hour days” thing is straight up not true in relation to the contracts I’ve got current knowledge of.",https://undelete.pullpush.io/r/Military/comments/8g1dpq/_/dy8lebl/,https://api.pullpush.io/reddit/comment/search/?ids=dy8lebl
2018-05-01,r/Military,"Jesus dude, where the fuck are you working? That’s fucking horrible. WPS is still paying $436 a day, you either aren’t qualified or signed a shit contract.",https://undelete.pullpush.io/r/Military/comments/8g1dpq/_/dy8yns1/,https://api.pullpush.io/reddit/comment/search/?ids=dy8yns1
2018-05-01,r/Military,"Check the WPS II requirements, they did away with the year of combat time. ",https://undelete.pullpush.io/r/Military/comments/8g1dpq/_/dy8yyj3/,https://api.pullpush.io/reddit/comment/search/?ids=dy8yyj3
2018-05-01,r/Military,"You mean me? Well, that’s not remotely true. The company is garbage, but if you aren’t a retarded child you can make it work for you. If you’ve got a family, don’t even think about it. But a smart man can take the money for a few years and run.",https://undelete.pullpush.io/r/Military/comments/8g1dpq/_/dy8z9t2/,https://api.pullpush.io/reddit/comment/search/?ids=dy8z9t2
2018-05-01,r/Military,"Check the WPS II standards, they did away with the year of combat time.",https://undelete.pullpush.io/r/Military/comments/8g1dpq/_/dy8zd7d/,https://api.pullpush.io/reddit/comment/search/?ids=dy8zd7d
2018-05-01,r/Military,Do you guys get hit with the 20% too?,https://undelete.pullpush.io/r/Military/comments/8g1dpq/_/dy8zvck/,https://api.pullpush.io/reddit/comment/search/?ids=dy8zvck
2018-05-01,r/Military,“Matterhorn” is an excellent book. Highly recommend it.,https://undelete.pullpush.io/r/Military/comments/8fzvyh/_/dy9p7aa/,https://api.pullpush.io/reddit/comment/search/?ids=dy9p7aa
2018-05-04,r/CredibleDefense,"Quite frankly, because the Iraqi security forces were the ones sustaining the necessary casualties.

They lack the proficiency, leadership, discipline, and commitment required to take heavily fortified urban defenses in a “timely” manner.

But they do have basic fighting ability combined with the far more important capability to maintain political support and willpower necessary to carry out long term operations in Iraq.

The TLDR is it took so long because they suck at fighting, but suck less at mobilizing people and power than ISIS. ",https://undelete.pullpush.io/r/CredibleDefense/comments/8gpuby/_/dyfc45o/,https://api.pullpush.io/reddit/comment/search/?ids=dyfc45o
2018-05-04,r/USMC,"I like it in general, we were long due for a reorg (the 13 man, 3 fireteam rifle squad has its origins in soaking up the high casualty numbers from the Pacific).

The addition of a systems operator is excellent, advanced comms and drone capability has been leveraged by possible opponents for years in places like Syria and eastern Ukraine, it's high time we at least begin the integration process. Having an 03 dedicated to learning those systems and using them as a primary weapon has the potential to expand lethality in ways I think some of us previous generation grunts don't even understand yet.

Three 3 man fireteams? I'm not sold on that, but I'm all for experimenting. I have led squads in both the Marine Corps and the Army, and personally feel that two elements is significantly easier and more intuitive to control in a fight. I've seen squad leaders in USMC formations get mentally outrun by their three elements, although often that is the result of an inexperienced squad leader. 

That said, with the loss of the automatic rifle/SAW three 3 man elements allows a doubling up of the support by fire position with a resulting minimum of 4 rifles (at least one of which is capable of precision fire) and 2 GL's. Pretty hefty firepower. Downside it it leaves the assault element with only 3 men, which can turn into a shitshow real quick. I have always been a fan of 4 man elements, it makes fire and movement a little easier and you can soak up just a little more damage before you become combat ineffective. But there is no free lunch in infantry combat, and the new ""command element"" within the squad will hopefully increase control and therefore lethality. Let the kids run with this model for a bit and see how it pans out.

As for the gear changes, I'm all for them. The last thing we want is sending our kids out to brawl with units who have integrated modern comms systems and drones while our boys have been kept in the dark because we were afraid they might lose/break something. 

The M320 is significantly superior to the M203, especially in a stand alone role. My only worry is that the Corps will continue to give GL's to TL's, when in my opinion a TL should be directing his team and identifying targets for a grenadier. When the shooting starts, I want someone throwing little golden balls of hate downrange ASAP, and a TL shouldn't be tasked with that on top of communicating with his SL and maneuvering the team.

Suppressors, properly used NVG systems and IR illuminator/pointers all increase communication, control, and 24 hour capability. There is a reason SOF elements have been using that stuff for years. We've integrated the NVG/IR stuff, but better helmets and mounting systems can make a huge difference.

Honestly, if they combined this reorg with making SOI an effective screening process or allowing fleet units to drop non-performers like the Ranger Regiment can, grunt companies could be even more capable killing organizations than they already are.





",https://undelete.pullpush.io/r/USMC/comments/8h1fui/_/dygep5d/,https://api.pullpush.io/reddit/comment/search/?ids=dygep5d
2018-05-04,r/USMC,"Agreed. Fire and movement is also pretty intuitive within the team with 4 men as well. And with 3 man teams, if you take one casualty the team is pretty much fucked.",https://undelete.pullpush.io/r/USMC/comments/8h1fui/_/dygezuj/,https://api.pullpush.io/reddit/comment/search/?ids=dygezuj
2018-05-04,r/USMC,"It's a shame that oftentimes shitty leadership prioritizes protecting equipment over exposing it to the risks that intense training/inexperienced usage entails.

That'll really depend on the company commander, but sadly we both know some units will never get good with this stuff because some asshat XO thinks protecting shiny toys matters more than learning how to use them.",https://undelete.pullpush.io/r/USMC/comments/8h1fui/_/dygjaxg/,https://api.pullpush.io/reddit/comment/search/?ids=dygjaxg
2018-05-04,r/USMC,You just made my day. Thanks man.,https://undelete.pullpush.io/r/USMC/comments/8h1fui/_/dyglq9r/,https://api.pullpush.io/reddit/comment/search/?ids=dyglq9r
2018-05-05,r/USMC,"The 320 rocks. Thing is light and handy, and shines as a stand-alone system.",https://undelete.pullpush.io/r/USMC/comments/8h1fui/_/dygvzqu/,https://api.pullpush.io/reddit/comment/search/?ids=dygvzqu
2018-05-05,r/USMC,"It’s excellent as a stand alone. When I was in the Army we used them, it’s light and handy so I always had my grenadiers put them on a single point sling. Guy could easy carry his M4 for normal patrol shit, but if we made contact it was easy to employ. And as a stand-alone, it becomes the grenadiers primary weapon. I always found that young Marines and Joes with weapon mounted GL’s would always go to the rifle first, when in reality they need to be focused on throwing HE downrange. 
",https://undelete.pullpush.io/r/USMC/comments/8h1fui/_/dyi15ot/,https://api.pullpush.io/reddit/comment/search/?ids=dyi15ot
2018-05-05,r/USMC,"I love the M-79, we had them in Ramadi. But the 320 is lighter and handier. And I dig the M32, but it fits a little more of a niche role than needed in every single fireteam.",https://undelete.pullpush.io/r/USMC/comments/8h1fui/_/dyi378t/,https://api.pullpush.io/reddit/comment/search/?ids=dyi378t
2018-05-06,r/Ayahuasca,"It looks sketchy as hell, but I had an excellent experience there. Steve and Teri were beyond supportive and helped myself and several combat veteran buddies navigate our journey safely and with excellent results. I absolutely recommend it.",https://undelete.pullpush.io/r/Ayahuasca/comments/8hdu5a/_/dyj912k/,https://api.pullpush.io/reddit/comment/search/?ids=dyj912k
2018-05-06,r/Ayahuasca,Will do! I’ll get something typed up.,https://undelete.pullpush.io/r/Ayahuasca/comments/8hdu5a/_/dyj9v4n/,https://api.pullpush.io/reddit/comment/search/?ids=dyj9v4n
2018-05-07,r/Maine,"So many miles of nothing but forests and waterways, with only the occasional road and human. Goddamn do I love this state. Hope you had a good hike!",https://undelete.pullpush.io/r/Maine/comments/8hji99/_/dykasmf/,https://api.pullpush.io/reddit/comment/search/?ids=dykasmf
2018-05-07,r/CombatFootage,"This reminds me of something I saw in Ramadi back in '06.

Pretty sure I've posted this story on r/combatfootage before, but whatever.

I was standing post at the Government Center in downtown Ramadi one day, looking eastwards down Route Michigan towards OP Horea and CP 296. A couple Army Abrams making the run to Corregidor from Camp Ramadi or Blue Diamond had stopped about midway between the Gov Center and 296 (roughly 200 yards from my post).

No idea why they stopped. Maybe they saw something funky, maybe they were killing time to avoid an asshole 1Sgt, maybe they just liked getting in gunfights. I'll never know. But I do know they had zero infantry support, so they were just parked on Michigan in downtown Ramadi all buttoned up scanning with optics.

Myself and my postmates are just watching this, as infantrymen we constantly fantasize about crushing unsupported armor in an urban environment and so we sort of expect the local boys to try something similar.

Lo and behold, the fattest (and maybe bravest) Iraqi I have ever seen comes waddling out of a side street behind one of the tanks. This dude is just a tub of chubbiness, and in his arms he's carrying a big old package of somethingorotherthatstoohardtomakeoutat200yards. Tubs McGee there waddles his happy ass right behind one of the Abrams and drops a big old IED right next to it. 

At that point we'd kind of figured what he was doing and cut him to pieces with a PKM (before all the armchair generals get in an uproar, we stole all the Iraqi Police PKM's after they'd quit because a few of their dudes got beheaded and used them to augment the posts with extra beltfeds).

Moral of the story is don't use armor without supporting infantry, kids.

ETA: Neary Kills Marines. Fuck that guy.",https://undelete.pullpush.io/r/CombatFootage/comments/8hiqp9/_/dykf4bc/,https://api.pullpush.io/reddit/comment/search/?ids=dykf4bc
2018-05-07,r/CombatFootage,"My sister in law has explicitly informed me I am not allowed to be around the future nieces and nephews lest I make war sound like it's a really fun time. Which it isn't (it's goddamn horrifying), but it does result in some great stories. 

Thanks, I appreciate the compliment.",https://undelete.pullpush.io/r/CombatFootage/comments/8hiqp9/_/dykg23b/,https://api.pullpush.io/reddit/comment/search/?ids=dykg23b
2018-05-07,r/CombatFootage,"3/8 Kilo brother! Craziest 7 months of my life. Hope things are going well!

Fucking love you you too man, it's hard explaining that place to people who weren't there.",https://undelete.pullpush.io/r/CombatFootage/comments/8hiqp9/_/dykikun/,https://api.pullpush.io/reddit/comment/search/?ids=dykikun
2018-05-07,r/CombatFootage,"I stuck around the military for a bit after (ended up in the Army), and it's so true. Even other combat vets really didn't seem to understand just how insanely violent that place was. 

Every now and again I'd run into one of those paratroopers who were manning OP's just south of us, but they were the only dudes who really got it outside of the other Marine grunt battalions who had served downtown between '04-'06.

The shit I learned in that city about killing and leadership was integral to my success as a rifle squad leader in Afghanistan with the Army. I saw what happens when guys are just let loose in an orgy of destruction, and while it has some upsides I mostly learned how to keep the kids in line to avoid doing things they'd later regret.

The single best and worst experience of my life.",https://undelete.pullpush.io/r/CombatFootage/comments/8hiqp9/_/dykjny9/,https://api.pullpush.io/reddit/comment/search/?ids=dykjny9
2018-05-07,r/CombatFootage,"I knew some dudes from 1/6 Inf on Blue Diamond, but even after a stint in the Army I can't figure out Army unit designations. 

But you Army light infantry dudes always have my respect. Scouts Out brother (not the cav kind though, spurs are lame).",https://undelete.pullpush.io/r/CombatFootage/comments/8hiqp9/_/dykju6r/,https://api.pullpush.io/reddit/comment/search/?ids=dykju6r
2018-05-07,r/CombatFootage,"That seems like some full on Islamophobic propaganda right here. Fuck off with that shit. Don't go drawing parallels between some piece of scum ISIS executioner and a guy who risked it all to hand deliver a homemade bomb to a 21st century tank owned by the worlds most dominant superpower.

The dude we smoked might have been fat, but it takes balls to pull off that kind of shit. Nobody ever won a medal for being a pussy, and that guy has always had my highest respect.",https://undelete.pullpush.io/r/CombatFootage/comments/8hiqp9/_/dyknmyz/,https://api.pullpush.io/reddit/comment/search/?ids=dyknmyz
2018-05-07,r/CombatFootage,"It's a hard one. In the moment, young men tend to taunt or mock their opponents. It's all a mix of fear, posturing, and bravado. These are also the things that help young men kill and survive in combat. It's quite possible you could find a video of me mocking a guy my unit had just killed while years later I have a serious respect for that man.

War is very complicated.",https://undelete.pullpush.io/r/CombatFootage/comments/8hiqp9/_/dykoba9/,https://api.pullpush.io/reddit/comment/search/?ids=dykoba9
2018-05-07,r/CombatFootage,One of the best parts of the second half of that movie. And very much like that.,https://undelete.pullpush.io/r/CombatFootage/comments/8hiqp9/_/dykokvv/,https://api.pullpush.io/reddit/comment/search/?ids=dykokvv
2018-05-10,r/USMC,Same thing happened to me. Joined the Army instead. Don’t regret a thing.,https://undelete.pullpush.io/r/USMC/comments/8iadoe/_/dyqpdpf/,https://api.pullpush.io/reddit/comment/search/?ids=dyqpdpf
2018-05-10,r/USMC,"There’s a bunch of great units in the Army, make good choices and it can be quite rewarding.",https://undelete.pullpush.io/r/USMC/comments/8iadoe/_/dyr9cg4/,https://api.pullpush.io/reddit/comment/search/?ids=dyr9cg4
2018-05-10,r/USMC,I know. I lost my self-respect years ago anyways.,https://undelete.pullpush.io/r/USMC/comments/8iadoe/_/dyr9thy/,https://api.pullpush.io/reddit/comment/search/?ids=dyr9thy
2018-05-15,r/Firearms,Resist Marxism? The fuck? ,https://undelete.pullpush.io/r/Firearms/comments/8joaj8/_/dz195xq/,https://api.pullpush.io/reddit/comment/search/?ids=dz195xq
2018-05-15,r/Firearms,What does that have to do with Marxism? Marxists tend to be pretty supportive of firearms ownership. Kind of hard to have a revolution without them.,https://undelete.pullpush.io/r/Firearms/comments/8joaj8/_/dz19vbc/,https://api.pullpush.io/reddit/comment/search/?ids=dz19vbc
2018-05-22,r/Firearms,"I took a bear last year with supersonic 300 BLK, which has similar ballistics with 7.62x39. As with all hunting, shot placement is paramount. If you are limited to that round, it can work but don’t be the asshole who makes a shot without being completely sure it’s going to be a killing hit.

And make sure you use good hunting ammunition.",https://undelete.pullpush.io/r/Firearms/comments/8l6j5i/_/dzd8tlc/,https://api.pullpush.io/reddit/comment/search/?ids=dzd8tlc
2018-05-22,r/Firearms,"Should be, I used a 115gr Lehigh Defense projectile. But it was also a headshot through the mouth at an upward angle, a torso shot at the heart or lungs might have had a different outcome. I mostly see full power .30 call cartridges like .308 and 30-06 with other bear hunters, or 12 gauge slugs.

",https://undelete.pullpush.io/r/Firearms/comments/8l6j5i/_/dzd9ns3/,https://api.pullpush.io/reddit/comment/search/?ids=dzd9ns3
2018-05-22,r/Maine,"With a Purple Heart plate, that’s just funny.",https://undelete.pullpush.io/r/Maine/comments/8l9drk/_/dze0b6r/,https://api.pullpush.io/reddit/comment/search/?ids=dze0b6r
2018-05-28,r/USMC,"""I didn't relish the US Marine Corps absent combat.""

Hard dick motherfucker right there.",https://undelete.pullpush.io/r/USMC/comments/8mn77p/_/dzp59qd/,https://api.pullpush.io/reddit/comment/search/?ids=dzp59qd
2018-05-28,r/guns,"I'm gonna go out on a limb here and guess it's for shooting at night. Could be wrong though, these things happen.",https://undelete.pullpush.io/r/guns/comments/8mll3j/_/dzp5e9o/,https://api.pullpush.io/reddit/comment/search/?ids=dzp5e9o
2018-05-30,r/Maine,"It’s amazing that with all the easily accessible information out there about RCV, you have still managed to make a deeply stupid comment that reeks of sheer ignorance. It’s almost impressive.

In what way will RCV be “exploited by both partys” as to result in not getting the “best” candidate?",https://undelete.pullpush.io/r/Maine/comments/8n37et/_/dzsvt9g/,https://api.pullpush.io/reddit/comment/search/?ids=dzsvt9g
2018-05-30,r/CombatFootage,"0331, Rah.",https://undelete.pullpush.io/r/CombatFootage/comments/8n56ma/_/dztb3a6/,https://api.pullpush.io/reddit/comment/search/?ids=dztb3a6
2018-05-31,r/gundeals,"$1500 isn’t getting you a “high end” AR10. I built a tack driving .308 AR  with a Proof Research barrel, F1 Durabolt, Superlative arms adjustable gas block, and Geissele trigger, finished build was well over 2K.

But is a SCAR 17 worth the extra grand or so? Ehhh.....not really. I love my SCAR 17, it’s definitely lighter and more maneuverable than my AR10 but it is less accurate and more finicky with ammo (for accuracy, not reliability). If I had to choose one, I’d pick my AR10.  

It’s still a great battle rifle, but the weight savings aren’t really worth the extra thousand dollars or so.",https://undelete.pullpush.io/r/gundeals/comments/8new2f/_/dzvmk4i/,https://api.pullpush.io/reddit/comment/search/?ids=dzvmk4i
2018-06-02,r/Maine,"If you’ve got access to a boat, Fort Gorges in Portland Harbor is incredibly cool, and generally pretty devoid of people.",https://undelete.pullpush.io/r/Maine/comments/8nw6c5/_/dzzgklr/,https://api.pullpush.io/reddit/comment/search/?ids=dzzgklr
2018-06-02,r/liberalgunowners,"My 300 BLK guns. Top is a mishmash of parts I’ve thrown together on my SBR lower over the years, bottom is a Sig MCX pistol. Both have Steiner DBAL’s. NVG’s are TNVC white phosphorous PVS-14’s with Crye Nightcap.",https://undelete.pullpush.io/r/liberalgunowners/comments/8nz4yz/_/dzzgw0j/,https://api.pullpush.io/reddit/comment/search/?ids=dzzgw0j
2018-06-02,r/Maine,"Well that’s a bummer, but good to know they’re doing some upkeep.",https://undelete.pullpush.io/r/Maine/comments/8nw6c5/_/dzzjjix/,https://api.pullpush.io/reddit/comment/search/?ids=dzzjjix
2018-06-02,r/Maine,I don’t like that as much haha,https://undelete.pullpush.io/r/Maine/comments/8nw6c5/_/dzzk2j5/,https://api.pullpush.io/reddit/comment/search/?ids=dzzk2j5
2018-06-02,r/liberalgunowners,"It’s just the stock 9” barrel, but the suppressor width handguard extends out around the Silencerco Omega I’ve got on it.",https://undelete.pullpush.io/r/liberalgunowners/comments/8nz4yz/_/dzzmoa6/,https://api.pullpush.io/reddit/comment/search/?ids=dzzmoa6
2018-06-04,r/liberalgunowners,"Blue Force Gear Redi-Mod. It’s leftover from my Afghan deployment with the Army, we spent a lot of time with ANP, and tried not to wear gear all the time, but I always had my rifle and liked knowing I had 60 rounds if anything went sideways.

Now it’s more of a novelty.",https://undelete.pullpush.io/r/liberalgunowners/comments/8nz4yz/_/e02fdsp/,https://api.pullpush.io/reddit/comment/search/?ids=e02fdsp
2018-06-05,r/Maine,"Voted early a few weeks ago, and the ranked choice ballot is easy to understand. The only confusing part was the wording on the RCV question (vote yes to get rid of the thing that says no to the thing you voted yes for the first time), but the actual ballot set up was simple and easy.",https://undelete.pullpush.io/r/Maine/comments/8ok17z/_/e04syx3/,https://api.pullpush.io/reddit/comment/search/?ids=e04syx3
2018-06-06,r/SocialistRA,"The AR is a better rifle, period. 

Many of the “reliability” myths about both weapons don’t hold up to even the most basic of hands on testing. When the safety is off, the AK has a giant open space running the length of the receiver, allowing in all kinds of debris. Most AR’s have a dust cover, which keeps the internals shielded from malfunction causing debris.

The AR (especially with a free float handguard) is far more accurate than the AK, and despite all the gun store and internet gossip, 5.56 is a zippy little round that can cause plenty of damage. 7.62x39 isn’t a bad round at all, but that .30 cal bullet really starts to nosedive past 200 and becomes harder to use effectively at range.

Ergonomically, there is no comparison. Especially with all the ambidextrous controls available these days. AR reloads are faster and less reliant on perfect form, the AR locks back after the last round, and unless you’re dropping well over 1K for an upscale AK the triggers are garbage.

If your rifle is meant to be a toy for some Red Army cosplay, by all means get an AK. If your rifle is meant to be an effective weapon with easily available ammunition and replacement parts, there isn’t even a comparison. 

I own an AK. I love my AK. It’s a fun rifle. If I had to grab a gun to use for real, it’d be my AR with a good RDS. ",https://undelete.pullpush.io/r/SocialistRA/comments/8oyq7d/_/e0764bi/,https://api.pullpush.io/reddit/comment/search/?ids=e0764bi
2018-06-08,r/USMC,"3/8 Kilo in Ramadi here, still got some Lima buddies I can reach out to. What’s up?",https://undelete.pullpush.io/r/USMC/comments/8pmkhs/_/e0cf4k8/,https://api.pullpush.io/reddit/comment/search/?ids=e0cf4k8
2018-06-08,r/USMC,"Turns out he was one of my buddies platoon commander, says he was excellent.",https://undelete.pullpush.io/r/USMC/comments/8pmkhs/_/e0cfpb7/,https://api.pullpush.io/reddit/comment/search/?ids=e0cfpb7
2018-06-08,r/USMC,"No worries brother, happy to help.",https://undelete.pullpush.io/r/USMC/comments/8pmkhs/_/e0cfttl/,https://api.pullpush.io/reddit/comment/search/?ids=e0cfttl
2018-06-13,r/Maine,"And the ranked choice ballot was incredibly easy to figure out, despite all the crying about how ""it will be too confusing for voters"".

I'm proud of my state today.",https://undelete.pullpush.io/r/Maine/comments/8qpppl/_/e0l4g8y/,https://api.pullpush.io/reddit/comment/search/?ids=e0l4g8y
2018-06-13,r/Maine,This comment makes me happy.,https://undelete.pullpush.io/r/Maine/comments/8qpppl/_/e0lbe6g/,https://api.pullpush.io/reddit/comment/search/?ids=e0lbe6g
2018-06-14,r/Maine,"Go across the bay to Schoodic, one of the most beautiful places in coastal Maine.",https://undelete.pullpush.io/r/Maine/comments/8qyzbg/_/e0nco5w/,https://api.pullpush.io/reddit/comment/search/?ids=e0nco5w
2018-06-15,r/USMC,“From the snow of far off northern lands....”,https://undelete.pullpush.io/r/USMC/comments/8r8ayq/_/e0pwfrm/,https://api.pullpush.io/reddit/comment/search/?ids=e0pwfrm
2018-06-16,r/todayilearned,"They did this to a buddy of mine who had his skull shattered by shrapnel in an IED strike. Went to visit him at Bethesda Naval hospital after the deployment, half his head was just sunken in as his shattered skull was inside a wire mesh frame they'd put into his abdomen so it could repair itself before they put it back in his head.

Freaky shit to see at 20, but pretty fucking cool.",https://undelete.pullpush.io/r/todayilearned/comments/8rhlx6/_/e0rns34/,https://api.pullpush.io/reddit/comment/search/?ids=e0rns34
2018-06-17,r/Maine,"Beals is fantastic, happy to see it here.",https://undelete.pullpush.io/r/Maine/comments/8ropcr/_/e0t4e4x/,https://api.pullpush.io/reddit/comment/search/?ids=e0t4e4x
2018-06-19,r/guns,"How do you like that A-Kaotic? I've got a Krebs PD-18 and have been seriously considering getting that suppressor for it so I don't have to go through the headache of making it compatible with my Silencerco or Sig suppressors. 

Also, Krebs AK's are like heaven. It's my favorite gun.",https://undelete.pullpush.io/r/guns/comments/8s333g/_/e0x0sr6/,https://api.pullpush.io/reddit/comment/search/?ids=e0x0sr6
2018-06-21,r/Maine,"Spent every waking moment of my teenage years trying to get the hell out. Joined the Marines, spent 15 years living all over the world and the country, and rarely came home. Two years ago I visited in the summer for the first time since I was 19.

Now I own a home 200 yards from the house I grew up in. Maine is the best place on earth, we're lucky we can call it home.",https://undelete.pullpush.io/r/Maine/comments/8shvdo/_/e11doc5/,https://api.pullpush.io/reddit/comment/search/?ids=e11doc5
2018-06-26,r/Military,"Yeah, it really seems regionally dependent. When I lived in DC, the VA was a total pain in the ass to deal with. Long wait times, incompetent staff, seemingly endless bureaucratic hoops. Then I moved home to Maine, and the VA up here is utterly incredible. They cleared up an appeal I'd been waiting on for years in the space of two months, there is never a serious wait for care, and the level of care is just fantastic. It's like a whole other organization.

My assumption is that even though Maine has a high per-capita veterans population, because the overall population is so small that they just aren't over run and understaffed. The DC VA always seemed completely overwhelmed.",https://undelete.pullpush.io/r/Military/comments/8u0www/_/e1bul4t/,https://api.pullpush.io/reddit/comment/search/?ids=e1bul4t
2018-06-27,r/politics,"Well, honestly it’s because you “just askin” asked stupid questions.

Hell, the candidate that sparked this comment advocates cutting some military spending to pay for healthcare. So you either are too lazy to even do basic google searches or willfully ignore it. 

Shows you aren’t actually asking questions, just being a jackass. But hey, keep it up broski.",https://undelete.pullpush.io/r/politics/comments/8u67w8/_/e1e4ves/,https://api.pullpush.io/reddit/comment/search/?ids=e1e4ves
2018-06-27,r/politics,"You refuse to support the left because you’re too lazy or stupid to use google? 

Shit, if that’s the case I’d say the left is better off without you.",https://undelete.pullpush.io/r/politics/comments/8u67w8/_/e1e676i/,https://api.pullpush.io/reddit/comment/search/?ids=e1e676i
2018-06-27,r/politics,"Hey, I get your sentiment here. I really do.

But if you’re an American, don’t leave. Don’t quit. Don’t let them win.

Stay and fight. Fight in elections. Fight with your friends. Fight with your relatives. Fight until you get tired of fighting with words and then fight with signs, and fists, and guns if need be. Fight until you see yourself lose, and then hope your fight inspired your replacement.

Our nation has its failures. But this nation started rebellions. It started democracy as we know it. Our constitution is the basis of almost all other democratic constitutions.

Don’t cede that to the fascists by leaving. Stay and fight them until the end. 

It’s guaranteed they expect “pussy liberals” to opt out and quit. Break their fascist hearts and stick around to set their world on fire.",https://undelete.pullpush.io/r/politics/comments/8ud8d0/_/e1eqxpp/,https://api.pullpush.io/reddit/comment/search/?ids=e1eqxpp
2018-06-27,r/politics,The hell it is. We’ve got a hell of a lot of fight left.,https://undelete.pullpush.io/r/politics/comments/8ud8d0/_/e1eryjk/,https://api.pullpush.io/reddit/comment/search/?ids=e1eryjk
2018-06-28,r/politics,"Frankly, that’s exactly why any American worth a shit will stay and fight.",https://undelete.pullpush.io/r/politics/comments/8ud8d0/_/e1eu9py/,https://api.pullpush.io/reddit/comment/search/?ids=e1eu9py
2018-06-30,r/USMC,"All the operations 2/3 was running in that timeframe were hockey team names.

If you don’t follow hockey, Detroit’s NHL is is the Red Wings.",https://undelete.pullpush.io/r/USMC/comments/8uutfu/_/e1k4mlf/,https://api.pullpush.io/reddit/comment/search/?ids=e1k4mlf
2018-07-03,r/USMC,"Sssshhh. Machinegunners are technically infantry, also technically the most infantry of the infantry. Don’t argue with science.",https://undelete.pullpush.io/r/USMC/comments/8vsjbs/_/e1q5pee/,https://api.pullpush.io/reddit/comment/search/?ids=e1q5pee
2018-07-03,r/politics,Racists have quite openly said Trumps election emboldens then. And they’ve said it often and very publicly. So.....that’s pretty much all one needs to know.,https://undelete.pullpush.io/r/politics/comments/8vtqvv/_/e1qc83z/,https://api.pullpush.io/reddit/comment/search/?ids=e1qc83z
2018-07-03,r/ar15,"It’s a goddamn gun. It’s supposed to have nicks and scratches

Thing is a fucking tool, not a Rembrandt.",https://undelete.pullpush.io/r/ar15/comments/8vsvl7/_/e1qg8ns/,https://api.pullpush.io/reddit/comment/search/?ids=e1qg8ns
2018-07-20,r/USMC,"Not trying to be a dick, but Murray was with 3/8 when he was killed. 

Rest Easy, Marine.",https://undelete.pullpush.io/r/USMC/comments/90i0jd/_/e2qkpbs/,https://api.pullpush.io/reddit/comment/search/?ids=e2qkpbs
2018-07-29,r/SocialistRA,It is an oft-repeated assertion that the 2nd Amendment was never really discussed until the 1970’s. This early 20th Century piece shows that labor was ahead of the curve.,https://undelete.pullpush.io/r/SocialistRA/comments/92rke1/_/e37w5i9/,https://api.pullpush.io/reddit/comment/search/?ids=e37w5i9
2018-07-29,r/SocialistRA,"Agreed. But that doesn’t stop it from being a generally accepted point of fact in more mainstream “left” circles.

That’s why this poster and the Debs quote that follows above should be shared far and wide. An armed working class is a requirement for economic justice.
",https://undelete.pullpush.io/r/SocialistRA/comments/92rke1/_/e384aar/,https://api.pullpush.io/reddit/comment/search/?ids=e384aar
2018-07-30,r/USMC,But you guys did get “Restrepo”....,https://undelete.pullpush.io/r/USMC/comments/92yjvi/_/e39k1jv/,https://api.pullpush.io/reddit/comment/search/?ids=e39k1jv
2018-07-30,r/USMC,"One of the best. But yeah, the Corps really does have one hell of a lockdown on media and public opinion.",https://undelete.pullpush.io/r/USMC/comments/92yjvi/_/e39knrw/,https://api.pullpush.io/reddit/comment/search/?ids=e39knrw
2018-07-30,r/USMC,"I served 4 years in the Army after the Corps, and I couldn’t agree more.

The Marine Corps exists on a steady diet of historical heroism and unapologetic honesty about what it is we do for a living (killing people and destroying things).

Everything in the Corps is centered around putting that 19 year old infantryman into an enemy trench line in order to murder people. That is extruded and directly tied to every single job in the Corps. Tankers support the infantry. Marine air supports the infantry. Bulk refuelers support the infantry. Admin clerks, intel bubbas, and MP’s. Every one does a job that is in support of putting the grunts into direct combat with the enemy, and making sure they have the tools to win.

When combined with an almost cult-like awareness of our predecessors, the result is an entire branch that knows what it does and why it does it. It’s why the Marines are so good at media, because they just talk about being Marines and people love it.

The Army has almost the opposite mentality. But only as a branch, when you get into specific units you can find very similar parallels in the Army. The 82nd is pretty much it’s own little self contained Marine Corps (but don’t tell those paratroopers I said that).

Edit to add: TF Faith was one hardcore fucking piece of soldiering. It’s a goddamn shame it’s been forgotten by the service that should be lionizing those men.",https://undelete.pullpush.io/r/USMC/comments/92yjvi/_/e39nsre/,https://api.pullpush.io/reddit/comment/search/?ids=e39nsre
2018-07-31,r/funny,"Proud of my culture, it’s that dedication to being the best.",https://undelete.pullpush.io/r/funny/comments/937rn8/_/e3bpvfi/,https://api.pullpush.io/reddit/comment/search/?ids=e3bpvfi
2018-07-31,r/travel,"MDI can get pretty slammed with tourists (although the park is still totally worth visiting).

But go across the bay to Schoodic Point and check out Winter Harbor and Corea. On the way back to MDI (if that’s where you’re staying), stop by Ironbound on Route 1 in Hancock for dinner and a cocktail on the back patio.

Also check out AirBNB’s in Ellsworth, while it’s not on MDI proper there is likely more availability and it might be a little cheaper.

ETA: Also swing by Tracey’s in Sullivan on the way out to Schoodic Point, $12 fresh lobster rolls can’t be beat. ",https://undelete.pullpush.io/r/travel/comments/939ry8/_/e3btqno/,https://api.pullpush.io/reddit/comment/search/?ids=e3btqno
2018-07-31,r/USMC,I suppose some gay fellas still prefer holes as well. Party on top bros.,https://undelete.pullpush.io/r/USMC/comments/930wnb/_/e3bvcz7/,https://api.pullpush.io/reddit/comment/search/?ids=e3bvcz7
2018-07-31,r/USMC,"After I left the Corps, I became friends with a former O who was out (after his commission was up).

He said very similar things about the enlisted side, and I think you guys are spot on. In an odd way, because enlisted men have less power institutionally they actually have more power personally. Sure, some homophobic assclown redneck might give you shit, but if you’re a Lance and are good at your job, nobody will really give a shit.

But the officer corps? Whole other ballgame (get it?). Even peers tend to be extremely judge mental. Superiors  more so. But none more judgmental than subordinates. Enlisted men love to hate on officers already for being college educated pussies who don’t have the balls to actually do the job. I can see how some of the same Marines who would be accepting of gay peers would happily use their officer being a “faggot” as another reason to shit on leadership. Which of course would drive gay officers to feel even less capable of being open about who they are.

Just know this: I can’t imagine how much it must suck not being able to share who you are with the people who are supposed to be your comrades. I’m sorry that we have to work through this bullshit, and I’m sorry you have to bear the brunt of it. Some of us really are ashamed that our institution is still working on this thing.

Semper Fidelis Sir, keep on keeping on.",https://undelete.pullpush.io/r/USMC/comments/930wnb/_/e3bwams/,https://api.pullpush.io/reddit/comment/search/?ids=e3bwams
2018-07-31,r/travel,"There is a ferry from Bar Harbor to Winter Harbor, but it’s not a car ferry. However, there are Island Explorers (the shuttle buses in the park) that can get you to and from as well.",https://undelete.pullpush.io/r/travel/comments/939ry8/_/e3bweme/,https://api.pullpush.io/reddit/comment/search/?ids=e3bweme
2018-08-06,r/NFA,"Ah yes, the old “I’ll vote for the sexual predator/corrupt candidate scheme because he’s a Republican” game. 
",https://undelete.pullpush.io/r/NFA/comments/94x63k/_/e3omreo/,https://api.pullpush.io/reddit/comment/search/?ids=e3omreo
2018-08-06,r/NFA,"Betcha not a single downvoter is a real combat vet. Feel free to back it up with facts, fags.",https://undelete.pullpush.io/r/NFA/comments/94x63k/_/e3oo9f2/,https://api.pullpush.io/reddit/comment/search/?ids=e3oo9f2
2018-08-06,r/NFA,"Because if you’ve actually served in a combat unit you’d be a bit more likely not to go lionizing a piece of shit scumbag  politician just because he happens to be a former SEAL who takes pictures with machineguns. 

Having real war experience behind you can help see through that kind of political pandering real quick.

Greitens in an all around self-serving bag of shit, but the downvotes in this thread prove that since he’s got that (R) next to his name, gun guys will happily stick to his side.",https://undelete.pullpush.io/r/NFA/comments/94x63k/_/e3p1bxu/,https://api.pullpush.io/reddit/comment/search/?ids=e3p1bxu
2018-08-09,r/HistoryPorn,Clearly some folks have missed the reference. Have a Marine Corps upvote.,https://undelete.pullpush.io/r/HistoryPorn/comments/95wac7/_/e3w9z6s/,https://api.pullpush.io/reddit/comment/search/?ids=e3w9z6s
2018-08-13,r/USMC,Similar stuff happened to us in Ramadi in 06. Random white guys with shaggy beards and filthy local clothes just showing up at the ECP and saying “what’s up dudes” before an O would show up to escort them on.,https://undelete.pullpush.io/r/USMC/comments/96zw8a/_/e44wfbt/,https://api.pullpush.io/reddit/comment/search/?ids=e44wfbt
2018-08-15,r/Military,"I know we all get hard over this shit, but what a goddamned waste of everything. Lives, time, money, and everything else. 

I left Afghan in ‘11, and shit was pointless then. Talked to guys who were there in ‘08, and that was pointless. I recently deployed as a contractor, and it’s still just as equally (if not more so) pointless. All that goddamn death, misery, and money shoved into a truly vain endeavor.

I want to cheer, but my old cynical infantry side is just sad, really.",https://undelete.pullpush.io/r/Military/comments/97dhav/_/e47kh0p/,https://api.pullpush.io/reddit/comment/search/?ids=e47kh0p
2018-08-15,r/Military,"Money, mostly.",https://undelete.pullpush.io/r/Military/comments/97dhav/_/e47oauq/,https://api.pullpush.io/reddit/comment/search/?ids=e47oauq
2018-08-15,r/Military,"I don’t do it anymore. Went back, saw how ridiculous it all is and now have a quiet little life that gives me purpose and happiness. And I’ll gladly admit that I went back and padded the bank account, I was lucky enough to be qualified and used that to my advantage. Doesn’t mean I believe in any of it, and personally find the entire money making endeavor that surrounds our military campaigns deeply disgusting.",https://undelete.pullpush.io/r/Military/comments/97dhav/_/e48nqy3/,https://api.pullpush.io/reddit/comment/search/?ids=e48nqy3
2018-08-15,r/Military,"Where did I say “poor me”? I was simply saying the entire thing is a total waste and has been for a while, at no point did I whine about my own situation. ",https://undelete.pullpush.io/r/Military/comments/97dhav/_/e48o30g/,https://api.pullpush.io/reddit/comment/search/?ids=e48o30g
2018-08-15,r/Military,"This thing is 18 years old. There’s been good news every one of those years. Hasn’t meant a goddamn thing, we’re still there and things are still a mess. There’s a point where we need to be honest with ourselves and make the difficult choice to walk away. 

When kids born after the war started are now old enough to fight in it, something is seriously wrong.

And I actually love the Afghan people, they have been the best part of my deployments there. It’s a shitty thing. But Afghanistan has a lot of shit to figure out, and frankly it’s not worth our money or the lives of our kids.",https://undelete.pullpush.io/r/Military/comments/97dhav/_/e48pg9x/,https://api.pullpush.io/reddit/comment/search/?ids=e48pg9x
2018-08-15,r/Military,"Sure, some things are better, especially in Kabul. But get out in the provinces and all that women’s education disappears right quick.

More importantly, how does that benefit the United States in a way that makes up for the blood and treasure expended? If making a minor dent in women’s literacy is the goal of US military intervention, there’s lots of other places that require our attention. But that’s not a realistic use of our organizations whose primary purpose is still killing people and winning battles.",https://undelete.pullpush.io/r/Military/comments/97dhav/_/e48q96x/,https://api.pullpush.io/reddit/comment/search/?ids=e48q96x
2018-08-15,r/Military,"Hey man, I fought in both Iraq and Afghanistan, at this point I’m pretty used to being involved in things I don’t believe in. It’s difficult when you find purpose and enjoyment in a certain kind of work (you can’t really do the infantry anywhere else) while also realizing that the grander scale is flawed and exploitive. 

As for contracting, yeah, I held my nose and took the pay for long enough to put myself in a financially comfortable place. The opportunity was there, and I’m lucky enough to have the background for it. It’s allowed me to settle down and create a more pleasant existence. 

My opinions on the absurdity and waste of the Afghan war stem from first hand experience, and I’m not going to trick myself into not recognizing the ridiculousness just to give my psyche some solace. ",https://undelete.pullpush.io/r/Military/comments/97dhav/_/e48wcj7/,https://api.pullpush.io/reddit/comment/search/?ids=e48wcj7
2018-08-20,r/worldbuilding,"This alternate timeline/world is amazing, and you’re a fantastic writer. I really hope to see much more of your work, it’s enthralling.",https://undelete.pullpush.io/r/worldbuilding/comments/98lwqz/_/e4ihnwh/,https://api.pullpush.io/reddit/comment/search/?ids=e4ihnwh
2018-08-20,r/worldbuilding,"Have you thought about some way to integrate the mental anguish of combat into your demonic characters? With WWI being the first conflict where PTSD and TBI were popularly recognized (as shell shock), that could be a terrifying addition. There’s lots of footage of men suffering from these conditions post-war, and their tics and spasms are nightmares in themselves.

Not trying to push anything, your work is excellent as it is. Just an idea.",https://undelete.pullpush.io/r/worldbuilding/comments/98lwqz/_/e4iiods/,https://api.pullpush.io/reddit/comment/search/?ids=e4iiods
2018-08-20,r/worldbuilding,"Have you thought about some way to integrate the mental anguish of combat into your demonic characters? With WWI being the first conflict where PTSD and TBI were popularly recognized (as shell shock), that could be a terrifying addition. There’s lots of footage of men suffering from these conditions post-war, and their tics and spasms are nightmares in themselves.

Not trying to push anything, your work is excellent as it is. Just an idea.",https://undelete.pullpush.io/r/worldbuilding/comments/98lwqz/_/e4iiods/,https://api.pullpush.io/reddit/comment/search/?ids=e4iiods
2018-08-20,r/worldbuilding,"The closer to the bone, the more impactful. 

I served in the infantry in the recent unpleasantness, and can’t think of any of my buddies who would be offended by something like that. And the “shell shock” from WWI really is in a category of its own. No one had seen violence and destruction on that scale, and so there were no reference points or precedents for understanding how that kind of trauma can ruin men. 

I’d recommend “The Great War and Modern Memory” by Paul Fussell. It does an excellent job of showing just how much the war has remained with us to this day, and may give you some more inspirations. ",https://undelete.pullpush.io/r/worldbuilding/comments/98lwqz/_/e4ilzxa/,https://api.pullpush.io/reddit/comment/search/?ids=e4ilzxa
2018-08-20,r/liberalgunowners,That second part....fuck yeah man. Thanks for getting my day started with that awesome little paragraph.,https://undelete.pullpush.io/r/liberalgunowners/comments/98tlg9/_/e4imd0r/,https://api.pullpush.io/reddit/comment/search/?ids=e4imd0r
2018-08-22,r/USMC,"Ah yes, ol’ Duncan here used to frequent my favorite local bar in DC, and when he found out I was a Marine grunt he got all talkative (he was also always shitfaced).

Best thing he ever said was “The RNC hatess it when I drink here, I always end up fucking women who aren’t my wife”.

Real class act. Glad to see him burn, good fucking riddance.",https://undelete.pullpush.io/r/USMC/comments/99h6cw/_/e4nviqh/,https://api.pullpush.io/reddit/comment/search/?ids=e4nviqh
2018-08-28,r/USMC,"No shit, I know this story as well. Heard the same thing about how it actually went down too, from a few different sources. Guy legit got away with murder.",https://undelete.pullpush.io/r/USMC/comments/9aqf9r/_/e4yai55/,https://api.pullpush.io/reddit/comment/search/?ids=e4yai55
2018-08-28,r/Maine,"Right, a Marine combat infantryman with tattoos. Such a weird combination.

Poliquin is pathetic, this is almost as dumb as when he called Golden “radical” because he did an ad running in his “Pain is Weakness Leaving the Body” t-shirt.

I still have that same shirt, I got it from my recruiter in Bangor when I enlisted in ‘04.",https://undelete.pullpush.io/r/Maine/comments/9ay5fu/_/e4yy1fq/,https://api.pullpush.io/reddit/comment/search/?ids=e4yy1fq
2018-08-28,r/Maine,Well I’m 33 and have had a Moxie now and again throughout my life. My gf is 29 and is also a Moxie fan. I’d say some folks do enjoy it quite a lot.,https://undelete.pullpush.io/r/Maine/comments/9b0529/_/e4znsm3/,https://api.pullpush.io/reddit/comment/search/?ids=e4znsm3
2018-08-29,r/Maine,"Congrats, you gave me my first good Reddit chuckle of the day. ",https://undelete.pullpush.io/r/Maine/comments/9ay5fu/_/e513g4z/,https://api.pullpush.io/reddit/comment/search/?ids=e513g4z
2018-08-29,r/USMC,"Ran into the guy who bunked right next to me about 2 years after PI. I was in 3/8, he was with 2nd Engineers. Nice dude, we grabbed a beer.",https://undelete.pullpush.io/r/USMC/comments/9b5wqs/_/e514bo3/,https://api.pullpush.io/reddit/comment/search/?ids=e514bo3
2018-08-29,r/politics,"Hell, up here in Maine the GOP is attacking Jared Golden (a former infantry Marine with combat tours in Iraq and Afghanistan) for having tattoos and wearing a “Pain is Weakness Leaving the Body” T-shirt while he runs.

I have that same T-shirt, my recruiter gave it to me when I enlisted as a Marine grunt in 2004. Also have a bunch of forearm tattoos because that’s just what combat infantry Marines do.

The GOP are a bunch of desperate blowhards who are now raging against “cool” things because they’re a bunch of older conservative cowards who know that if they talk issues and policy, they lose.",https://undelete.pullpush.io/r/politics/comments/9bbat0/_/e51xmze/,https://api.pullpush.io/reddit/comment/search/?ids=e51xmze
2018-08-29,r/politics,"Shit man, I’ve got a good ol’ boot scar from one week after leaving the Island. Oh how I miss being 19 and having disposable income and lots of pride.",https://undelete.pullpush.io/r/politics/comments/9bbat0/_/e51zwxz/,https://api.pullpush.io/reddit/comment/search/?ids=e51zwxz
2018-09-03,r/USMC,"When the MEU SgtMaj told the NCO’s of the BLT that America only wants a Marine Corps because of how we look, so it was time to start looking the part.

Sorry there Smaj, I thought America wanted a Marine Corps because we fight and win battles. Guess I was wrong.

As a young corporal, that’s when I decided the Corps and I had differing versions of what matters in war.",https://undelete.pullpush.io/r/USMC/comments/9cl9hp/_/e5bzt7x/,https://api.pullpush.io/reddit/comment/search/?ids=e5bzt7x
2018-09-03,r/USMC,"That’s funny, this was the 22 MEU in ‘07",https://undelete.pullpush.io/r/USMC/comments/9cl9hp/_/e5c0dow/,https://api.pullpush.io/reddit/comment/search/?ids=e5c0dow
2018-09-08,r/Maine,"Yeah, calling out trash politicians for being willing participants in Russian information warfare operations isn’t McCarthyism. It’s patriotism of the highest order, and an intrinsic part of protecting liberal western democracy from authoritarianism. 

When you’re spending a lot of time defending a neofascist authoritarian regime that has actively invaded its neighbors and engaged in blatant malicious acts to interfere with the free political process of our western democracy, then you sure as hell deserve to be called on it. 

Treason at worst, naive incompetence at best.",https://undelete.pullpush.io/r/Maine/comments/9e3t2q/_/e5m4qac/,https://api.pullpush.io/reddit/comment/search/?ids=e5m4qac
2018-09-11,r/ak47,Holy fuck I want that gun. Beautiful.,https://undelete.pullpush.io/r/ak47/comments/9esz8w/_/e5rdiv6/,https://api.pullpush.io/reddit/comment/search/?ids=e5rdiv6
2018-09-11,r/Maine,"Jesus bud, you trying to be a dick or is that just your natural state?",https://undelete.pullpush.io/r/Maine/comments/9f1hoa/_/e5t3rgc/,https://api.pullpush.io/reddit/comment/search/?ids=e5t3rgc
2018-09-11,r/liberalgunowners,"“Statist oppression from the Democrats” in an age where the Republican Executive is using law enforcement to jail children indefinitely with no response from the Republican Legislative branch.

Give me a fucking break.",https://undelete.pullpush.io/r/liberalgunowners/comments/9eyzgz/_/e5t9o21/,https://api.pullpush.io/reddit/comment/search/?ids=e5t9o21
2018-09-11,r/Maine,"Turns out, not that slim at all!

I’m just next door in Sullivan, kayak regularly on Taunton Bay. Franklin is a good little town (especially the Taunton Bay portion), but much like us in Sullivan you’ll be dependent on Ellsworth for a lot of your general needs.

But there is a Viking Lumber at the intersection of 1 and 182, as well as Tideway which has a booze selection if you aren’t feeling the urge to drive the extra 10-15 to Ellsworth. I usually do a weekly trip to Hannaford/Home Depot/etc, and if any minor things pop up those spots will usually have what I need. 

But it’s not like Ellsworth is far, and it’s got everything but a bookstore these days.

The Donnell Pond Preserve with Schoodic and Black Mountains are close, as well as Tunk Mountain off 182 headed to Cherryfield. Schoodic Peninsula isn’t too far either, and it’s the most beautiful place in Maine by my estimation. 

Downside is Franklin has a lot of druggies, for all the upsides it’s still east of Ellsworth and pretty poor. But that’s going to be a factor from the the Union River to Calais, so you just need to take the bad with the good. In my opinion, this is one of the best parts of Maine. PM me if you’ve got any specific questions!",https://undelete.pullpush.io/r/Maine/comments/9eyqb8/_/e5taiji/,https://api.pullpush.io/reddit/comment/search/?ids=e5taiji
2018-09-13,r/WTF,Are you an idiot? How do you think folks turn deer into food? Everyone field dresses (guts) and then tosses it into the bed of the truck or straps it to the hood if they don’t have a truck. I know a guy who lines his car trunk with plastic and puts his deer there. ,https://undelete.pullpush.io/r/WTF/comments/9fcx3t/_/e5wcnf1/,https://api.pullpush.io/reddit/comment/search/?ids=e5wcnf1
2018-09-13,r/WTF,"That’s not what your comment said. You said he didn’t hunt it for food because he’d gutted it and strapped it to the hood, which is just a statement that is incredibly ignorant of how game meat gets harvested.",https://undelete.pullpush.io/r/WTF/comments/9fcx3t/_/e5wots6/,https://api.pullpush.io/reddit/comment/search/?ids=e5wots6
2018-09-15,r/Maine,Welcome! Life is better here.,https://undelete.pullpush.io/r/Maine/comments/9fv3fk/_/e60p1bx/,https://api.pullpush.io/reddit/comment/search/?ids=e60p1bx
2018-09-20,r/politics,"Get armed, get organized. The other side sure as hell is.",https://undelete.pullpush.io/r/politics/comments/9hfzxi/_/e6bz99t/,https://api.pullpush.io/reddit/comment/search/?ids=e6bz99t
2018-09-20,r/SocialistRA,"Tell them that if they expect to fight fascism without a good semi-automatic rifle, they ought to do some reading of history.",https://undelete.pullpush.io/r/SocialistRA/comments/9hiqna/_/e6cb79j/,https://api.pullpush.io/reddit/comment/search/?ids=e6cb79j
2018-09-24,r/CombatFootage,Firing tables and a gunners quadrant can get you a long way with ad hoc supporting fires setups.,https://undelete.pullpush.io/r/CombatFootage/comments/9iglta/_/e6jibh5/,https://api.pullpush.io/reddit/comment/search/?ids=e6jibh5
2018-09-26,r/Military,"I remember talking to an AWG guy at a shooting course, he said they had recommended to unit commanders in northeast Afghan that they should ditch the armor and stick to load bearing gear and helmets because the grunts couldn’t maneuver worth a fuck in those hills.

According to him, the response was a bunch of battalion commanders looking at them like they had dicks growing out of their foreheads. Years of dumbass institutional habits made this very rational decision almost impossible to even comprehend.",https://undelete.pullpush.io/r/Military/comments/9j56v4/_/e6ovcil/,https://api.pullpush.io/reddit/comment/search/?ids=e6ovcil
2018-09-26,r/USMC,"In my experience, SPIES is the only high speed thing that is actually as fun as it sounds. Everything else just sucks in different ways.",https://undelete.pullpush.io/r/USMC/comments/9j654f/_/e6p0w42/,https://api.pullpush.io/reddit/comment/search/?ids=e6p0w42
2018-09-30,r/PropagandaPosters,"Obligatory Basilone:

https://youtu.be/8yD_c1pnQ6k",https://undelete.pullpush.io/r/PropagandaPosters/comments/9k6x1p/_/e6xd04r/,https://api.pullpush.io/reddit/comment/search/?ids=e6xd04r
2018-10-04,r/USMC,"My first two tours, I was deaf a bunch after fights and still have lots of ringing.

After that, I invested in Peltors I could run comms through. A much more pleasant existence.",https://undelete.pullpush.io/r/USMC/comments/9l57ws/_/e74qs6m/,https://api.pullpush.io/reddit/comment/search/?ids=e74qs6m
2018-10-04,r/USMC,"Fought closely besides a Foreign Legion OMLT in Afghanistan. Some of the most physically fit and aggressive soldiers I’ve seen. Got in several fights that made me happy they were on my flank and not another American unit, those boys relished the combat. Very mobile and very action oriented, and not afraid to close the distance to make kills.",https://undelete.pullpush.io/r/USMC/comments/9l5bes/_/e74rsfb/,https://api.pullpush.io/reddit/comment/search/?ids=e74rsfb
2018-10-05,r/USMC,"They were all from 4 RE, since they were NCO’s who were in a training role. But they had varied background units, a couple were paras from 2 REP, one had been in the high speed dive unit, another from the cavalry regiment, and a smattering of the infantry and engineer regiments. 

They all stressed that the Legion itself was usually pretty fucked up and that they were not the average Legionnaires (all were on at least their second, but most third enlistment). Every one was over 30 and with military experience in their home nations. It would be like serving next to a unit full of hard dick Gunnys who lived and breathed infantry tactics.",https://undelete.pullpush.io/r/USMC/comments/9l5bes/_/e77jrox/,https://api.pullpush.io/reddit/comment/search/?ids=e77jrox
2018-10-05,r/politics,"Collins doesn’t give a damn about the will of her constituency, nor does she care about her political future in Maine. She’s setting herself up for the cushy “consulting” gig that comes after, and knows that by killing the 40 year conservative dream of owning the court would complicate that.

She’ll vote to confirm.",https://undelete.pullpush.io/r/politics/comments/9lmw6t/_/e785iby/,https://api.pullpush.io/reddit/comment/search/?ids=e785iby
2018-10-09,r/Maine,"Hell yes man, great moose!",https://undelete.pullpush.io/r/Maine/comments/9mkueg/_/e7g5nqd/,https://api.pullpush.io/reddit/comment/search/?ids=e7g5nqd
2018-10-14,r/Maine,"Jesus fucking Christ, why have all republicans become know-nothing morons on this issue?

Good on the Herald for including corrections to Moody’s lies when he stuck to the standard dumbass talking points.",https://undelete.pullpush.io/r/Maine/comments/9o271x/_/e7qsxus/,https://api.pullpush.io/reddit/comment/search/?ids=e7qsxus
2018-10-16,r/SocialistRA,Fascists gonna dash.,https://undelete.pullpush.io/r/SocialistRA/comments/9omlvj/_/e7v9yzu/,https://api.pullpush.io/reddit/comment/search/?ids=e7v9yzu
2018-10-18,r/SocialistRA,"Hell of a good write up. While I possess a few NFA items myself, I agree wholeheartedly that their practical value is limited to very specific functions. A good rifle and pistol combined with some decent training goes a long way, and will likely mean a lot more than the cool factor of suppressors and SBRs.

Machineguns have very little practical value outside of unit sized fire and maneuver combat, and are effectively pointless for individuals when combined with the cost. And I say that as a former USMC Machinegunner.",https://undelete.pullpush.io/r/SocialistRA/comments/9p9p4j/_/e807sz9/,https://api.pullpush.io/reddit/comment/search/?ids=e807sz9
2018-10-18,r/SocialistRA,"I’ve seen massed rifle fire work as an effective suppression tool in both training and combat. It is more difficult from a control perspective (much easier to direct and manage gun teams than a large group of individuals), but it certainly works.

Add in weight and massive need for logistical support and MG’s really start to lose their purpose when it comes to individual arms. 

Utilizing them as part of an organized combat element with a logistical network is a different story.",https://undelete.pullpush.io/r/SocialistRA/comments/9p9p4j/_/e80cbzg/,https://api.pullpush.io/reddit/comment/search/?ids=e80cbzg
2018-10-18,r/SocialistRA,"Seizing a fixed position that can be easily surrounded by a larger force (especially as a lightly organized group going up against something like the state) is just bad tactics, and belt feds won’t save you.
",https://undelete.pullpush.io/r/SocialistRA/comments/9p9p4j/_/e80foqz/,https://api.pullpush.io/reddit/comment/search/?ids=e80foqz
2018-10-18,r/SocialistRA,"Agreed. Suppressors are really the only NFA items that have a practical purpose for an individual, but only if the cost will make no impact. 800 bucks worth of training and ammo is better than an 800 dollar suppressor. ",https://undelete.pullpush.io/r/SocialistRA/comments/9p9p4j/_/e80ftsc/,https://api.pullpush.io/reddit/comment/search/?ids=e80ftsc
2018-10-18,r/USMC,Fuck yeah. Guns Up and all that.,https://undelete.pullpush.io/r/USMC/comments/9pckaw/_/e80qnox/,https://api.pullpush.io/reddit/comment/search/?ids=e80qnox
2018-10-18,r/SocialistRA,"No doubt about it. But with the extra 200 bucks to the feds, and in the age of braces, I’m not sure what practical benefit it really brings to the table when it comes to arming the working class.

Sure, there are all sorts of technical aspects that if you’ve got the time and money are fun to play around with, but that’s mostly gun nerd stuff. Which there is nothing wrong with, it’s just limited in the practicality of arming and organizing.

But nothing wrong with an SBR, I’ve a couple shorty .300 BLK guns myself.",https://undelete.pullpush.io/r/SocialistRA/comments/9p9p4j/_/e80xvlo/,https://api.pullpush.io/reddit/comment/search/?ids=e80xvlo
2018-10-19,r/SocialistRA,"Good start. Figure out a preferred way to carry magazines on a belt or chest rig, and get to practicing. Maybe find a basic carbine class in your area (ignore their politics, skills are skills no matter who is teaching them), and get comfortable with your weapons. If that isn’t an option, pick up “Green Eyes Black Rifles” and learn some good basics of the platform. Watch some Pat Macnamara and Frank Procter videos on YouTube. For better or worse, American military professionals have been killing people with rifle and pistol for almost two decades now and are a fount of hands on knowledge. ",https://undelete.pullpush.io/r/SocialistRA/comments/9pdamr/_/e81fqyc/,https://api.pullpush.io/reddit/comment/search/?ids=e81fqyc
2018-10-19,r/NFA,"3rd and 4th for me. December 2017, longest wait so far.",https://undelete.pullpush.io/r/NFA/comments/9pf3qx/_/e81gu9t/,https://api.pullpush.io/reddit/comment/search/?ids=e81gu9t
2018-10-22,r/USMC,"In ‘04 they gave me a Greyhound ticket from Bangor, Maine to Jacksonville. That was one long fucking bus ride.",https://undelete.pullpush.io/r/USMC/comments/9q790r/_/e88bm7r/,https://api.pullpush.io/reddit/comment/search/?ids=e88bm7r
2018-10-22,r/USMC,"I honestly don’t remember. But I do remember riding in civvies to avoid getting my Alphas wrinkled for check in, and went in with a couple other guys on my bus to get a hotel room so we could iron our stuff.

While checking in we were informed that we could also order girls to the room by some sketchy fella in the parking lot. It was a fitting welcome to Jacksonville.",https://undelete.pullpush.io/r/USMC/comments/9q790r/_/e88ebit/,https://api.pullpush.io/reddit/comment/search/?ids=e88ebit
2018-10-31,r/aww,Well someone remembers the Marine infantry’s bad old reputation. The good news is that asshat got identified and kicked the fuck out.,https://undelete.pullpush.io/r/aww/comments/9t0jau/_/e8thgin/,https://api.pullpush.io/reddit/comment/search/?ids=e8thgin
2018-10-31,r/aww,"Well as a guy who was in the Marine grunts at exactly the same time that video came out, I can tell you it was not the result of anything you just mentioned. My unit was embarrassed by it, and the Marine Corps spent the time to identify the guy, punish him, and strip him of the uniform.

Not exactly the actions of an institution that wants “people with underdeveloped sense of morals with free reign to rape and kill”.

You clearly don’t know much about the current state of the US Marine Corps. ",https://undelete.pullpush.io/r/aww/comments/9t0jau/_/e8tj06f/,https://api.pullpush.io/reddit/comment/search/?ids=e8tj06f
2018-11-01,r/aww,"The fuck are you on about? Look, my experience in Iraq and Afghanistan has certainly soured me on all sorts of things when it comes to war and the military, but the idea that the US military (and specifically the infantry) is some rapacious institution that purposefully lets in sociopaths and rapists is absurd. 

Shitty behavior was never tolerated, and when it occurred was always identified and punished. That’s why cases of rape and outright murder are almost always made public during the MILITARY trials of the perpetrators. We police our own much more than our societies give a shit.

You likely won’t believe me, but I can assure you that combat infantry units have a high standard of behavior that is vigorously enforced. People fall through the cracks for sure, but at a much lower rate than people believe.",https://undelete.pullpush.io/r/aww/comments/9t0jau/_/e8tkv0h/,https://api.pullpush.io/reddit/comment/search/?ids=e8tkv0h
2018-11-01,r/aww,"Dude, I have no sense of loyalty to the service. But I served in a combat unit through 4 tours of heavy action and know exactly what I saw. 

I’m well aware of the history of armies, and I’m trying to convey that the current state of professional western military’s does not fit that description.

Motari was an asshole who got caught doing a terrible thing and punished accordingly. What is more likely? A) He was the victim of some witch-hunt or B) He’s a shitbag who got punished and wants to make it sound like he got a bad deal because everyone was as bad as him.

As for “give an 18 year old a gun and tell them to go get them”, this once again proves my point you really have no idea how combat units work. That’s simplistic and naive to the point of absurdity in my experience, infantry units are hyper-professional and almost obsessed with accountability (at least in the Marine Corps, the Army can be a different story depending on unit).

ETA: Read the book “Black Hearts”, it’s an excellent description of what happens when shitty leadership mixes with operational stress, and then needs the institution to step in to fix things. I always made it required reading for my junior NCO’s so they knew what wrong looks like.",https://undelete.pullpush.io/r/aww/comments/9t0jau/_/e8tm04x/,https://api.pullpush.io/reddit/comment/search/?ids=e8tm04x
2018-11-01,r/aww,"Well, at this point I can only call you a naive moron. The Marine Corps punishes numerous stories like Motaris, and far from the public eye. You clearly want to ignore any first hand knowledge and continue your ignorant preconceived notions. 

Considering I spent 8 years in combat infantry units, and you’ve spent very obviously none, I’ll be content knowing that you’re a naive idiot who refuses to accept any form of firsthand information that runs counter to your feelings.
",https://undelete.pullpush.io/r/aww/comments/9t0jau/_/e8tso2j/,https://api.pullpush.io/reddit/comment/search/?ids=e8tso2j
2018-11-01,r/aww,"But that’s the difference here....Nazis were very willing to admit their actions, just with the caveat they were justified. Most war criminals are quite willing to discuss the mechanics of it all, because they see the actions as legal and justified.

 I’m trying to tell you that the US Marine Corps never waged that kind of war at all. I’m not trying to justify our actions, I’m telling you our actions were never what you insist that they were. We were far from indifferent, we were trying to navigate a very complicated violent space while doing our best to be good men. I’m well aware of the Eastern Front, and to make that comparison is ridiculous.",https://undelete.pullpush.io/r/aww/comments/9t0jau/_/e8tw3gv/,https://api.pullpush.io/reddit/comment/search/?ids=e8tw3gv
2018-11-03,r/politics,"It always blows my mind how many people assume I’m a conservative because of my combat service. When they find out I’m a DSA member who canvasses aggressively for progressive democrats, it’s like watching the gear wheels in their heads shear off. 

Republicans don’t give a shit about service or heroism, they just care if you’re on their team of cultish fascism.",https://undelete.pullpush.io/r/politics/comments/9tnol0/_/e8z4k1c/,https://api.pullpush.io/reddit/comment/search/?ids=e8z4k1c
2018-11-03,r/USMC,"Best birthday celebration out there. Sadly I can’t make it down this year, nothing beats the beer trucks and camaraderie of 10th and Oregon!",https://undelete.pullpush.io/r/USMC/comments/9tnpw0/_/e8z528b/,https://api.pullpush.io/reddit/comment/search/?ids=e8z528b
2018-11-05,r/gunpolitics,"Don’t worry, they both will.",https://undelete.pullpush.io/r/gunpolitics/comments/9u696b/_/e92d8im/,https://api.pullpush.io/reddit/comment/search/?ids=e92d8im
2018-11-10,r/SocialistRA,"The Appleseed classes are great when it comes to basic marksmanship. Some might even get into weapons handling skills. If these are skills a shooter lacks, they should be tackled and perfected first. But once comfortable, take a good gunfighting class from a former CAG guy like Pat Macnamara or Mike Pannone.",https://undelete.pullpush.io/r/SocialistRA/comments/9pdamr/_/e9ehh4p/,https://api.pullpush.io/reddit/comment/search/?ids=e9ehh4p
2018-11-10,r/SocialistRA,"The Appleseed classes are great when it comes to basic marksmanship. Some might even get into weapons handling skills. If these are skills a shooter lacks, they should be tackled and perfected first. But once comfortable, take a good gunfighting class from a former CAG guy like Pat Macnamara or Mike Pannone.",https://undelete.pullpush.io/r/SocialistRA/comments/9pdamr/_/e9ehkai/,https://api.pullpush.io/reddit/comment/search/?ids=e9ehkai
2018-11-14,r/Maine,I’ll never unsee this. Well played.,https://undelete.pullpush.io/r/Maine/comments/9x3mna/_/e9pa4vp/,https://api.pullpush.io/reddit/comment/search/?ids=e9pa4vp
2018-11-15,r/USMC,"Having worked with SEALs, this was absolutely true back in the mid-2000’s. Good at DA tactics (and I assume swimming), absolute garbage at any kind of basic infantry work. When I went to RSLC in 2010 there were a bunch of SEAL O’s there and they fully admitted they had no idea what they were doing in the woods. Hell, we had to explain what a “support by fire” position was.

They just never really do infantry work at all. Unlike Army SOF elements, where almost anyone has a grunt background or training therein. CAG fellas can flow through a room like violent water too, but on the 5k movement to target just revert to their old Ranger batt ways.",https://undelete.pullpush.io/r/USMC/comments/9xdcw5/_/e9s1zdd/,https://api.pullpush.io/reddit/comment/search/?ids=e9s1zdd
2018-11-15,r/USMC,Nope. But I think it happens enough that anyone who works with it sees it for what it is.,https://undelete.pullpush.io/r/USMC/comments/9xdcw5/_/e9s2r1l/,https://api.pullpush.io/reddit/comment/search/?ids=e9s2r1l
2018-11-17,r/Ayahuasca,"Did a ceremony with Steve last year with a group of guys I was in Iraq with. It may seem sketchy, but we all have nothing but good things to say. Changed all of our lives significantly for the better.

ETA: Goddamn folks, get over the gate keeping. If the medicine works for people and the person who guides them creates a safe and positive atmosphere, who cares what they call themselves. I treasure my experience, but some fellow ayahuasca “enthusiasts” spend far too much time comparing who had a “real” experience and who didn’t. Pretty pathetic for enlightened people.",https://undelete.pullpush.io/r/Ayahuasca/comments/9xrv10/_/e9uuf7a/,https://api.pullpush.io/reddit/comment/search/?ids=e9uuf7a
2018-11-19,r/Military,"As a former machinegun section leader....Jesus Christ, somebody get that kid an NCO. Childish waste of ammunition.",https://undelete.pullpush.io/r/Military/comments/9yhyr6/_/ea2ecbi/,https://api.pullpush.io/reddit/comment/search/?ids=ea2ecbi
2018-11-19,r/Military,"That’s not suppressing fire. Afghans know what accurate incoming fire sounds like, most of them have heard it since they were kids. Veteran troops can tell the difference between unaimed rounds flying far overhead, and shit that might actually kill you.

Hip fire at any range beyond close ambush distance is just noise, and has no purpose but to make undisciplined children feel better about themselves. ",https://undelete.pullpush.io/r/Military/comments/9yhyr6/_/ea2g1ri/,https://api.pullpush.io/reddit/comment/search/?ids=ea2g1ri
2018-11-20,r/Firearms,"Tell that to the NRA. Take their instructor course, it’s like fucking Armageddon if you use the word “weapon”. Bunch of fucking pussies.",https://undelete.pullpush.io/r/Firearms/comments/9ykfkt/_/ea2grc8/,https://api.pullpush.io/reddit/comment/search/?ids=ea2grc8
2018-11-20,r/Military,"It’s true, the warped ones distribute fire in an unpredictable manner. If you don’t know where your bullets are going, how can the enemy?",https://undelete.pullpush.io/r/Military/comments/9yhyr6/_/ea2m3pl/,https://api.pullpush.io/reddit/comment/search/?ids=ea2m3pl
2018-11-24,r/Maine,JJ Newberry...Jesus that brings back the nostalgia. I used to ride my bike to the one in Ellsworth and do my fantasy Christmas toy shopping there.,https://undelete.pullpush.io/r/Maine/comments/9zrvhj/_/eac8qd6/,https://api.pullpush.io/reddit/comment/search/?ids=eac8qd6
2018-11-27,r/liberalgunowners,Guns better fucking kill people. Otherwise what’s so important about having them in the hands of the general population?,https://undelete.pullpush.io/r/liberalgunowners/comments/a0vlf3/_/eall7sr/,https://api.pullpush.io/reddit/comment/search/?ids=eall7sr
2018-11-29,r/u_Hardtokillfitness,"Man, somebody on your marketing team really fucked up. You clearly targeted a bunch of dudes who have already been Marines (silly), but then did so with a photo of fat Army guys. 

Brilliance.",https://undelete.pullpush.io/r/u_Hardtokillfitness/comments/a1ejcz/_/eaqja90/,https://api.pullpush.io/reddit/comment/search/?ids=eaqja90
2018-12-02,r/Military,"It’s a good article, but for the record I rolled my sleeves up in both the Marine Corps and Army when on combat patrols. 

Just because a thing is against regulations doesn’t mean we don’t still do it all the time.",https://undelete.pullpush.io/r/Military/comments/a2d67g/_/eay9w2d/,https://api.pullpush.io/reddit/comment/search/?ids=eay9w2d
2018-12-02,r/USMC,"Honestly, if you’re mature enough to recognize that you may not be ready, you’re more mature than a lot of SNCO’s. Keep up the good work and take care of your Marines as you get promoted.",https://undelete.pullpush.io/r/USMC/comments/a2h1an/_/eaybjom/,https://api.pullpush.io/reddit/comment/search/?ids=eaybjom
2018-12-02,r/Military,Absolutely. And good call on just getting that out of the way.,https://undelete.pullpush.io/r/Military/comments/a2d67g/_/eaygsh7/,https://api.pullpush.io/reddit/comment/search/?ids=eaygsh7
2018-12-04,r/USMC,Soo...an early discharged Motor T guy?,https://undelete.pullpush.io/r/USMC/comments/a2sqi6/_/eb1ax7k/,https://api.pullpush.io/reddit/comment/search/?ids=eb1ax7k
2018-12-04,r/Firearms,"Turns out, Republicans with full control of all 3 branches don’t actually give a shit about expanding gun rights.",https://undelete.pullpush.io/r/Firearms/comments/a2thia/_/eb1e03e/,https://api.pullpush.io/reddit/comment/search/?ids=eb1e03e
2018-12-04,r/gundeals,I have one. And I have an AR10 I built for 1k cheaper. The AR10 is better.,https://undelete.pullpush.io/r/gundeals/comments/a2vct4/_/eb1j9tw/,https://api.pullpush.io/reddit/comment/search/?ids=eb1j9tw
2018-12-04,r/gundeals,"[Here you go](https://imgur.com/a/kpiNL3y?), it’s an Aero lower/upper/rail with 16” Proof Research carbon fiber barrel, F1 BCG, Lantac gas tube, Superlative Arms adjustable bleed off gas block, and an HK stock I got off a buddy.

When I say better, I mean more accurate. The Proof barrel really is amazing, The SCAR handles nicely, but not in some incredibly more noticeable way than the AR. Reliability speaking, I haven’t really run enough rounds through both to know for sure.

Considering I sank almost $1000 dollars less into the AR, I recommend that route to anyone looking at a modern .308 battle rifle.

ETA shitty photos.",https://undelete.pullpush.io/r/gundeals/comments/a2vct4/_/eb1ksfj/,https://api.pullpush.io/reddit/comment/search/?ids=eb1ksfj
2018-12-04,r/gundeals,"It’s pretty fantastic. I’ve done patterning exercises at 100y with both guns and varying types of ammunition. The SCAR hovered between 1-2 MOA and showed serious variation in group location between ammunition types.

The Proof barrel consistently hammered sub-MOA groups, and with only minor variation of group centers between ammunition. That made me a believer. 

In the next week or so I’ll go out and take some photos doing it over again, I’ve put a fair amount of rounds through both guns since and would be curious if that’s changed anything.",https://undelete.pullpush.io/r/gundeals/comments/a2vct4/_/eb1m8i8/,https://api.pullpush.io/reddit/comment/search/?ids=eb1m8i8
2018-12-04,r/gundeals,"Well good news for me there bud, I don’t own guns as investments for future sales. 

Frankly, if guns are what you invest in as profit engines, you’re likely not to be trusted. None of these things really hold value outside of the real collectibles, and that takes a lot of time and money to get into.",https://undelete.pullpush.io/r/gundeals/comments/a2vct4/_/eb1tkw7/,https://api.pullpush.io/reddit/comment/search/?ids=eb1tkw7
2018-12-04,r/gundeals,You and I obviously own firearms for very different reasons. ,https://undelete.pullpush.io/r/gundeals/comments/a2vct4/_/eb1ujt4/,https://api.pullpush.io/reddit/comment/search/?ids=eb1ujt4
2018-12-04,r/gundeals,"Mine are tools, and as with all tools I buy it’s a “cost vs performance” equation. Whether it be a circular saw, belt sander, outboard engine,  rifle, or chainsaw, I care far more about performance than whether I can get more insurance money for it.",https://undelete.pullpush.io/r/gundeals/comments/a2vct4/_/eb1uvt1/,https://api.pullpush.io/reddit/comment/search/?ids=eb1uvt1
2018-12-04,r/USMC,"Yeah, but he looks fat in front of the nation. Pretty sure appearances are everything for them 8th and I pogues.",https://undelete.pullpush.io/r/USMC/comments/a2x2e2/_/eb1vbkh/,https://api.pullpush.io/reddit/comment/search/?ids=eb1vbkh
2018-12-04,r/USMC,"No, it’s not. I used to tend bar at the Ugly Mug, I knew plenty of body bearers, drill team kids, and the rest of the 8th and I billets. 

Good dudes, most of them. But despite their infantry MOS, they certainly weren’t grunts in the true sense. Coming from 3 tours with 3/8 in the fleet, I’ll still call them pogues without hesitation.

I’m well aware of the body bearer PT standards, but if you look like a chubby fucker when standing beside the other services, that’s not ok. Appearance is literally all 8th and I counts for, it sure fuck isn’t combat proficiency.",https://undelete.pullpush.io/r/USMC/comments/a2x2e2/_/eb3bjvv/,https://api.pullpush.io/reddit/comment/search/?ids=eb3bjvv
2018-12-06,r/Military,"No. This is why you practice weapons handling, it does eventually become second nature. I have no doubt many men have fumbled all sorts of fine motor skills due to stress in combat, but that is generally a training/experience issue. 

Helicopter pilots are a good example of people who can make fine adjustments under ridiculous amounts of stress through training. Weapons handling is the same.

High speed reloading drills aren’t what weapons handling in combat looks like in my experience, most reloads are done behind cover or far enough from the enemy that a Chris Costa looking movement isn’t the matter of life and death.

But that doesn’t mean those skills shouldn’t be practiced continuously. Men who are comfortable and proficient with their weapons tend to excel in close fights, if for no other reason they can spend more mental energy on reading the terrain and solving problems that arise instead of focusing on whether their gun is working. 

This extends to pretty much all skills in combat, whether it be crew serve teams being proficient  in the employment of their weapons or medical skills. 

The more you’ve made the technical skill second nature, they more energy you can focus on using it to fix problems.",https://undelete.pullpush.io/r/Military/comments/a3rxpa/_/eb8mzyw/,https://api.pullpush.io/reddit/comment/search/?ids=eb8mzyw
2018-12-06,r/SocialistRA,"I hate recommending any bolt gun, but you’re spot on. My first rifle was a No 1 Mk3, and that action is still one of the smoothest ever, especially out of a stock military grade rifle.",https://undelete.pullpush.io/r/SocialistRA/comments/a3jehj/_/eb8yywi/,https://api.pullpush.io/reddit/comment/search/?ids=eb8yywi
2018-12-06,r/Military,"Or, I dunno, grab that pistol there. Goddamn do I hate internet tactical videos sometimes.",https://undelete.pullpush.io/r/Military/comments/a3t6ld/_/eb8z73k/,https://api.pullpush.io/reddit/comment/search/?ids=eb8z73k
2018-12-09,r/worldnews,"That’s actually not even remotely true. Lobster in Maine and the Maritimes is one of the most sustainable fisheries on earth, discounting climate change.

Maine, New Brunswick, and Nova Scotia all have very pragmatic restrictions on on the fishery that both allow lucrative harvesting as well as long term sustainability. 

Lobsters aren’t getting fished out. The reality is baited traps and the fishing out of the cod and halibut in the mid 20th century has resulted in a booming population that is artificially fed and only hunted by human consumption.

Warmer waters are driving off lobster populations, not harvesting. 

30 years ago there were lobster in Long Island sound. They don’t exist there anymore.

20 years ago there were lobsters in Massachusetts. Not any more.

Maine will see it come soon enough, as will New Brunswick.

This isn’t overfishing. This is a warming planet with warming oceans. ",https://undelete.pullpush.io/r/worldnews/comments/a4fm0x/_/ebek1ty/,https://api.pullpush.io/reddit/comment/search/?ids=ebek1ty
2018-12-09,r/worldnews,"If you think the landings numbers in Mass today are anything close to 20 years ago....well, clearly you don’t make a living off the sea.",https://undelete.pullpush.io/r/worldnews/comments/a4fm0x/_/ebeleop/,https://api.pullpush.io/reddit/comment/search/?ids=ebeleop
2018-12-09,r/worldnews,"As a fishery, Massachusetts statistically doesn’t have enough lobsters to be worth much. My point  is 20-30 years ago there was a fishery in Mass, and today there isn’t. That’s a big deal.",https://undelete.pullpush.io/r/worldnews/comments/a4fm0x/_/eben0l2/,https://api.pullpush.io/reddit/comment/search/?ids=eben0l2
2018-12-10,r/USMC,I’m from Maine. This thing has always seemed shady to me. Unsurprised to find out it is.,https://undelete.pullpush.io/r/USMC/comments/a4yo8g/_/ebikr0p/,https://api.pullpush.io/reddit/comment/search/?ids=ebikr0p
2018-12-11,r/Maine,"This is the best advice. When you find a fun outdoor hobby, you look forward to winter.",https://undelete.pullpush.io/r/Maine/comments/a4z3ik/_/ebj4nv2/,https://api.pullpush.io/reddit/comment/search/?ids=ebj4nv2
2018-12-14,r/todayilearned,It’s really disgusting how this nation treated the men and women who went to fight fascism in Spain. Punished because they confronted the threat before most other people even recognized it as one.,https://undelete.pullpush.io/r/todayilearned/comments/a64lmk/_/ebrn5fo/,https://api.pullpush.io/reddit/comment/search/?ids=ebrn5fo
2018-12-14,r/todayilearned,"Well, Texaco provided all the oil to fuel Franco’s war machine. On credit. And while the Roosevelt administration warned them over and over not to, nothing substantial happened.

Unsurprisingly, American oil interests maintained a close relationship with Franco after the war.",https://undelete.pullpush.io/r/todayilearned/comments/a64lmk/_/ebrviap/,https://api.pullpush.io/reddit/comment/search/?ids=ebrviap
2018-12-14,r/todayilearned,"This may surprise you to learn, but there was a pesky little fight between 1941-1945 where the entire United States sided with communists in order to fight fascism.",https://undelete.pullpush.io/r/todayilearned/comments/a64lmk/_/ebry04k/,https://api.pullpush.io/reddit/comment/search/?ids=ebry04k
2018-12-14,r/todayilearned,That’s fascinating. Did he ever discuss his experiences with the International Brigade?,https://undelete.pullpush.io/r/todayilearned/comments/a64lmk/_/ebs2twm/,https://api.pullpush.io/reddit/comment/search/?ids=ebs2twm
2018-12-14,r/todayilearned,"Strictly ideologically speaking, you’re correct. Franco personally was not a fascist in the definitional sense.

Pragmatically, his movement was wholeheartedly supported by Fascist Europe. While Hitler was slightly hesitant, (not enough to airlift The Nationalist rebels from Morocco into Spain though), Mussolini energetically supported Franco’s movement with not only arms and equipment, but tens of thousands of men. He also stated that Franco was evidence of Fascism’s rise often and publicly. 

I agree with you, but realistically the fight in Spain certainly had serious anti-Fascist elements to it. Orwell himself made it very clear he had joined to POUM in order to fight fascism, and even after seeing the infighting in Barcelona still returned to the front because he felt that goal preceded all other ideological disagreements.



",https://undelete.pullpush.io/r/todayilearned/comments/a64lmk/_/ebsbq8h/,https://api.pullpush.io/reddit/comment/search/?ids=ebsbq8h
2018-12-14,r/todayilearned,"Well let’s look at this case. Guy fights fascists in Spain, joins the US Army, fights fascists again and uses his combat experience to such an extent that he untertakes a feat that later gets him awarded the CMOH. 

And then is denied reenlistment because when he fought fascism the first time, it wasn’t ok yet. 

Hell, even if the guy WAS a communist (he wasn’t), by that point it would seem his allegiances were pretty well established. But because of the freak out over possible communist influences in the late 1940’s-early 1950’s people who has fought in Spain were all lumped in as “reds” and targeted. Hell of a way to reward a career of combat valor against the forces of fascism.",https://undelete.pullpush.io/r/todayilearned/comments/a64lmk/_/ebseyzg/,https://api.pullpush.io/reddit/comment/search/?ids=ebseyzg
2018-12-14,r/todayilearned,"I’ll give it a listen, I love me some angry historical metal.",https://undelete.pullpush.io/r/todayilearned/comments/a64lmk/_/ebsgvbe/,https://api.pullpush.io/reddit/comment/search/?ids=ebsgvbe
2018-12-14,r/todayilearned,"That sounds like an accurate story, at least the logistical side. The Republicans, and especially the International battalions were bedeviled with a smorgasbord of weaponry with no commonality between ammunition. Throw in some inexperienced leadership and no real logistics section and it’s quite likely this happened.",https://undelete.pullpush.io/r/todayilearned/comments/a64lmk/_/ebsh88w/,https://api.pullpush.io/reddit/comment/search/?ids=ebsh88w
2018-12-16,r/history,"Not sure why you’re being downvoted. The late 1864-1865 Federal armies led by Grant, Sherman, and Sheridan were some of the most combat hardened, technologically advanced, and numerically superior armies of the 19th century.

While comparisons are difficult since armies generally conform to the needs of their specific wars, it’s not a stretch to call the US Army of 1865 one of the best ever fielded. Once the early war kinks got worked out, the combination of tactics that served a strategy built around the north’s strengths made it one hell of an effective killing machine.",https://undelete.pullpush.io/r/history/comments/a6jawj/_/ebx7amv/,https://api.pullpush.io/reddit/comment/search/?ids=ebx7amv
2018-12-19,r/liberalgunowners,"That comment thread is amazing. Some folks are clearly realizing they got duped, but the amount of “but Hillary!” going on is still pretty delicious.

But the most upvoted comments give me hope.",https://undelete.pullpush.io/r/liberalgunowners/comments/a7o1t1/_/ec4g3x9/,https://api.pullpush.io/reddit/comment/search/?ids=ec4g3x9
2018-12-19,r/liberalgunowners,In the linked r/firearms post...,https://undelete.pullpush.io/r/liberalgunowners/comments/a7o1t1/_/ec4gr9n/,https://api.pullpush.io/reddit/comment/search/?ids=ec4gr9n
2018-12-19,r/liberalgunowners,"Oh yeah? She would likely have pushed legislation (not that it would matter with a House and Senate owned by Republicans), but Trump has a distinctly authoritarian streak that enables a move like this bump stock reclassification without any legislative input.

More importantly, at least you know where she stood on guns. This fella was just lying through his teeth.",https://undelete.pullpush.io/r/liberalgunowners/comments/a7o1t1/_/ec4hpw2/,https://api.pullpush.io/reddit/comment/search/?ids=ec4hpw2
2018-12-19,r/liberalgunowners,The picture posted is a link to the original r/firearms post....,https://undelete.pullpush.io/r/liberalgunowners/comments/a7o1t1/_/ec4kwd7/,https://api.pullpush.io/reddit/comment/search/?ids=ec4kwd7
2018-12-19,r/liberalgunowners,The picture posted is a link to the original r/firearms post....,https://undelete.pullpush.io/r/liberalgunowners/comments/a7o1t1/_/ec4kwd7/,https://api.pullpush.io/reddit/comment/search/?ids=ec4kwd7
2018-12-19,r/liberalgunowners,I did. And just did again. Takes me straight to the thread.,https://undelete.pullpush.io/r/liberalgunowners/comments/a7o1t1/_/ec4lc8v/,https://api.pullpush.io/reddit/comment/search/?ids=ec4lc8v
2018-12-19,r/liberalgunowners,"That would make sense, I actually have no clue what app I’m using. 

Edit: Just the official reddit app for iOS.",https://undelete.pullpush.io/r/liberalgunowners/comments/a7o1t1/_/ec4lrao/,https://api.pullpush.io/reddit/comment/search/?ids=ec4lrao
2018-12-20,r/USMC,"That is one cutting letter. 

“I believe in diplomacy, alliances, and standing up to authoritarian governments. You need a SecDef who is more aligned with your goals.”",https://undelete.pullpush.io/r/USMC/comments/a83kod/_/ec7qx6c/,https://api.pullpush.io/reddit/comment/search/?ids=ec7qx6c
2018-12-21,r/USMC,“Afghan”. Afghani is a currency. Your ignorance is showing again.,https://undelete.pullpush.io/r/USMC/comments/a8bsga/_/ec9qur4/,https://api.pullpush.io/reddit/comment/search/?ids=ec9qur4
2018-12-21,r/USMC,I know. Thanks for noticing!,https://undelete.pullpush.io/r/USMC/comments/a8bsga/_/ec9r25i/,https://api.pullpush.io/reddit/comment/search/?ids=ec9r25i
2018-12-24,r/USMC,Mine told me I’d be going to an infantry unit and would be in Iraq within a year. Both came true. ,https://undelete.pullpush.io/r/USMC/comments/a8z0q7/_/ech8gtw/,https://api.pullpush.io/reddit/comment/search/?ids=ech8gtw
2019-01-05,r/CombatFootage,"In Ramadi back in ‘06 we used to watched RPG’s skip down the street past our trucks. Kinda funny looking, but disconcerting.",https://undelete.pullpush.io/r/CombatFootage/comments/acr389/_/eda3ttd/,https://api.pullpush.io/reddit/comment/search/?ids=eda3ttd
2019-01-06,r/Maine,"The counter at the Co-op has great burgers. Chases Daily is great as well.

You’re coming up to Sullivan? Didn’t know there were other redditors in this awesome little town. ",https://undelete.pullpush.io/r/Maine/comments/ad6c3x/_/ede25le/,https://api.pullpush.io/reddit/comment/search/?ids=ede25le
2019-01-06,r/Maine,"That’s awesome. I wish I’d seen your initial post about looking for non-Portlanders to interview, I’d have thrown my hat in the ring.",https://undelete.pullpush.io/r/Maine/comments/ad6c3x/_/ede6l9y/,https://api.pullpush.io/reddit/comment/search/?ids=ede6l9y
2019-01-06,r/Maine,"I am! I’ve got an aquaculture farm here, grew up in Sullivan and moved back about 2 years ago after some time in the military and living away.",https://undelete.pullpush.io/r/Maine/comments/ad6c3x/_/ede7nli/,https://api.pullpush.io/reddit/comment/search/?ids=ede7nli
2019-01-07,r/Military,"It never ceases to amaze me that the guys I served with who are the most gung ho “look at me I’m a hero” proud were all piece of shit Marines who sucked at their jobs. 

Someone ought to do a study on that.",https://undelete.pullpush.io/r/Military/comments/adhak7/_/edgybed/,https://api.pullpush.io/reddit/comment/search/?ids=edgybed
2019-01-07,r/politics,This guy guns.,https://undelete.pullpush.io/r/politics/comments/adhsem/_/edhf5jr/,https://api.pullpush.io/reddit/comment/search/?ids=edhf5jr
2019-01-08,r/USMC,"Oh fuck off. Bad shit definitely happened in Iraq, but this is retarded.",https://undelete.pullpush.io/r/USMC/comments/adol6y/_/edizrlc/,https://api.pullpush.io/reddit/comment/search/?ids=edizrlc
2019-01-10,r/CombatFootage,"That’s a professional looking group of paras. Get some, Portugal.",https://undelete.pullpush.io/r/CombatFootage/comments/aemvre/_/edquvon/,https://api.pullpush.io/reddit/comment/search/?ids=edquvon
2019-01-14,r/Military,That’s a beautiful story.,https://undelete.pullpush.io/r/Military/comments/afm0tv/_/ee1li4e/,https://api.pullpush.io/reddit/comment/search/?ids=ee1li4e
2019-01-14,r/Military,"It’s an easy course. Hardest part is just dealing with the silliness of the curriculum that’s mandated by the client.

Glock and belt feds drop the most guys. Just because a guy spent some time in the infantry doesn’t mean he’s worth a shit with a pistol (not that the qual is hard or anything, but I’d recommend getting a Glock 19 and shooting a bunch before you go).

Belt feds are a pain in the dick, especially the SAW. Not for any real reason besides the fact you’re shooting from the bipod the tombstone MG targets that are supposed to test T&amp;E manipulation on a tripod. Doesn’t help the guns are usually old and constantly malfunction. But they do give you plenty of practice to get your position/holds dialed in.

Absolutely nothing in the course is difficult if you’re moderately fit and somewhat intelligent. Hell, the driving portion is downright fun as fuck. 

Best thing to remember is that you’re no longer a gunslinging soldier, but a security guy working for an agency with “Diplomatic” in the name. Too many dudes think they’re modern day Vikings out to slay bodies, a mindset that will either leave you disappointed or fired.
",https://undelete.pullpush.io/r/Military/comments/ag1z9g/_/ee31016/,https://api.pullpush.io/reddit/comment/search/?ids=ee31016
2019-01-23,r/CombatFootage,"Yeah dawg.....those firefights aren’t realistic at all.   Hell, nothing in that movie is realistic (especially the storyline).",https://undelete.pullpush.io/r/CombatFootage/comments/aj02bt/_/eermuwk/,https://api.pullpush.io/reddit/comment/search/?ids=eermuwk
2019-01-23,r/USMC,"It’s a great book. Bellavia is one hard Motherfucker, the fight in the house is one of the most intense things I’ve read.",https://undelete.pullpush.io/r/USMC/comments/aizqy1/_/eeryxrg/,https://api.pullpush.io/reddit/comment/search/?ids=eeryxrg
2019-01-24,r/Maine,"Are you ok after that stroke? Let us know, it’s rough seeing a Mainer in need.",https://undelete.pullpush.io/r/Maine/comments/aj70h2/_/eetillo/,https://api.pullpush.io/reddit/comment/search/?ids=eetillo
2019-01-24,r/Maine,"Buddy? Are you ok? I sent you some private messages to check in, but you haven’t responded. Since I want to hope for the best (that you aren’t a beta loser who can’t back up their internet muscles), the only other option is that you have in fact had a stroke. If that’s the case, we really need to get you medical help.",https://undelete.pullpush.io/r/Maine/comments/aj70h2/_/eetm5d9/,https://api.pullpush.io/reddit/comment/search/?ids=eetm5d9
2019-01-24,r/SocialistRA,"What kind of skills are you looking for here? Considering comments I’ve seen in the past on this subreddit, there is no shortage of combat experience lurking around.

Small unit tactics? Logistics? Intelligence? Food service? Family planning? Strategic naval employment? Military skills (especially in relation to western militaries) can be a ridiculously vague question.

I get that you’re asking for SUT and weapons handling here. Just know that for any of that to work, it requires a logistics background that performs. Otherwise you’re just another militia LARPing in the woods.",https://undelete.pullpush.io/r/SocialistRA/comments/aj7cge/_/eetpdi7/,https://api.pullpush.io/reddit/comment/search/?ids=eetpdi7
2019-01-24,r/SocialistRA,"You can easily reach and surpass the level of a Vietcong soldier these days (especially if you live in the US). Our understanding of combat medicine is second to none after the last two decades of irregular infantry combat. Weapons handling is something you can easily become proficient in at your local rifle range as long on you can ignore the reactionary politics of the instructor.

Skills don’t care about politics. A femoral bleed requires a tourniquet no matter where one stands on late stage capitalism. Fire and movement are the same skill whether they are utilized by fascists or communists. 

Learn the skills as they are, perfect them, and be a more capable fighter. I guarantee you can find these skills in 100 miles of your location. Just don’t mention your politics when you’re attending the class.",https://undelete.pullpush.io/r/SocialistRA/comments/aj7cge/_/eetrqav/,https://api.pullpush.io/reddit/comment/search/?ids=eetrqav
2019-01-30,r/SocialistRA,"I’m in downeast Maine, what’s the best way to find out when range days/meetups are happening?",https://undelete.pullpush.io/r/SocialistRA/comments/al5mvu/_/efdcd9z/,https://api.pullpush.io/reddit/comment/search/?ids=efdcd9z
2019-01-31,r/USMC,"Compared to the 240, it’s got many small parts that are stamped and wear out far more quickly. But having used both, the 60 really does have some fantastic ergonomics as a dismounted medium mg.",https://undelete.pullpush.io/r/USMC/comments/altx1s/_/efh9dpk/,https://api.pullpush.io/reddit/comment/search/?ids=efh9dpk
2019-02-01,r/USMC,"Well said. When Fallujah and Ramadi fell to ISIS, I had a very similar reaction. 

Stay strong and all that.",https://undelete.pullpush.io/r/USMC/comments/alye4a/_/efisf0b/,https://api.pullpush.io/reddit/comment/search/?ids=efisf0b
2019-02-01,r/Maine,"Of all that money, only 19K came from people with Maine addresses. That’s.....telling.",https://undelete.pullpush.io/r/Maine/comments/am2k17/_/efiueps/,https://api.pullpush.io/reddit/comment/search/?ids=efiueps
2019-02-06,r/USMC,"You aren’t alone. One of the hardest struggles for me has been squaring with the idea that something which has been such an important part of my identity is also something that was a pointless waste of life. And that those wasted lives were the ones of my friends. 

I’m still proud of my combat service, I could even go so far to say that I enjoyed it immensely. But it’s hard to look at it now at 34 and see any real purpose in it all. ",https://undelete.pullpush.io/r/USMC/comments/anugtb/_/efwie3v/,https://api.pullpush.io/reddit/comment/search/?ids=efwie3v
2019-02-08,r/CombatFootage,"Amusingly here, almost all my good SF buddies very much enjoy talking shit about the current president. Definitely not outside the realm of possibility.",https://undelete.pullpush.io/r/CombatFootage/comments/aojsnl/_/eg1hkh0/,https://api.pullpush.io/reddit/comment/search/?ids=eg1hkh0
2019-02-08,r/Maine,"I’ve voted for Collins in every election I’ve had the option because she did a good job playing the “moderate” card, which I felt was a good representation of the state.

I will not only never vote for her again, but will do what I can to support her opponent. Her inability to back up her words of “concern” about the current political atmosphere show her to be both a moral coward and disingenuous at best. 

This sentiment is held by almost all left/left of center/moderate voters I know, most of whom also voted for her in the past.

So while this is anecdotal, she’d be wrong to rest on the assurance of her previous electoral wins.",https://undelete.pullpush.io/r/Maine/comments/aoh4wf/_/eg1ir5l/,https://api.pullpush.io/reddit/comment/search/?ids=eg1ir5l
2019-02-13,r/Military,Upvote for being a terrible person. I’m laughing my ass off while being simultaneously depressed. You’ve made generations of Marine Corps dark humor proud.,https://undelete.pullpush.io/r/Military/comments/aq23gg/_/egd1rki/,https://api.pullpush.io/reddit/comment/search/?ids=egd1rki
2019-02-13,r/USMC,It must be difficult thinking life is a movie.,https://undelete.pullpush.io/r/USMC/comments/aq2ws4/_/egd4hyd/,https://api.pullpush.io/reddit/comment/search/?ids=egd4hyd
2019-02-26,r/CombatFootage,"When I was in Ramadi in ‘06 as a Marine grunt, the SEAL platoon we worked closely with for the deployment all had the Punisher skull spray painted on their armor carriers.

There’s no question it’s far more prevalent on all the dumbass Grunt Style and Nine Line shirts these days, but the teams definitely adopted it for a while.",https://undelete.pullpush.io/r/CombatFootage/comments/auy0bi/_/ehbh3n6/,https://api.pullpush.io/reddit/comment/search/?ids=ehbh3n6
2019-02-26,r/Maine,It’s the hut discount that makes it worth it to me. Stayed at Little Lyford last week for 124 instead of 150. That’s pretty much the membership fee right there. ,https://undelete.pullpush.io/r/Maine/comments/auzwxu/_/ehbufnv/,https://api.pullpush.io/reddit/comment/search/?ids=ehbufnv
2019-03-04,r/WTF,"No, it doesn’t. I’ve got 4 infantry tours under my belt, and this kind of thing is just pure bullshit. Wannabes who know nothing of what effective training is, and have never been in real fights. The risk of injury here far surpasses any kind of “value”.",https://undelete.pullpush.io/r/WTF/comments/ax0vvz/_/ehrhltm/,https://api.pullpush.io/reddit/comment/search/?ids=ehrhltm
2019-03-04,r/WTF,Than I’d say it’s a very good thing you just theorize about “battle” on the internet.,https://undelete.pullpush.io/r/WTF/comments/ax0vvz/_/ehrkgjt/,https://api.pullpush.io/reddit/comment/search/?ids=ehrkgjt
2019-03-04,r/WTF,"Training is inherently dangerous if being run effectively, and injuries are certainly expected. But effective training makes sure that what injuries are sustained are worth the lessons the individuals and units will learn.

Is firing live rounds next to the heads of trainees an effective tool? Risk of ricochet, instructor error, and uncontrolled trainee reaction is high. Furthermore, the experience of a round being discharged in the immediate vicinity of the trainee does nothing to help them identify the characteristics of incoming fire from a more distant position, which is a far more needed piece of knowledge for men expected to engage in small unit infantry combat. You could have the same exact result by having these trainees stand on a firing line next to an instructor discharging his weapon in a safe direction, although I don’t see what value that brings over just being present on a firing line anyways.

Now being able to identify incoming fire from a distant position is a much more important skill to be developed, and can be done in a safe manner such as the USMC method of putting Marines in the pits on the rifle range, or placing trainees in defilade and having various weapons systems with elevation limiting stakes fired over their position from different directions. These are still dangerous activities, but the actual training value is high and risks can be much more controlled than a fat fella in a beret letting off AK rounds willy nilly around the heads of dudes doing push ups.

You see this kind of activity from training cadres who know very little about what actually needs to be trained to be successful in direct infantry combat, and sadly to the amateur it’s “badass” nature makes people think it’s effective. But a professional soldier knows that this kind of activity is far more for the benefit of the inexperienced instructors ego than it is to the benefit of the trainees.",https://undelete.pullpush.io/r/WTF/comments/ax0vvz/_/ehs1va3/,https://api.pullpush.io/reddit/comment/search/?ids=ehs1va3
2019-03-05,r/CombatFootage,"I’ll be damned, I was there for this fight. April 2, 2005 at Abu Ghraib, a Marine arty unit (2/10?) was manning the towers and Kilo 3/8 was using the prison as a patrol base. 

They hammered us with indirect and MG fire for about 20 minutes or so, my platoon got the west gate of the prison open to lay down a base of fire for our 3rd Platoon to exit across about a 200 yd danger area to the west in order to support one of its squads out on patrol that had gotten caught behind the attackers line. 

Myself and a buddy were the first ones out the gate to open the chain link fence that sat about 10 yards distant, and as we approached it I became very confused as to why it was shaking and sparking. I quickly realized it was from incoming rounds, and also realized the dirt around us was getting kicked up by MG fire. I instinctively flinched (this was my first experience with someone trying to kill me directly), and I tripped. Chris thought I’d been hit, so I told him I was ok and he kept running and got the gate open. As this occurred, the rest of our squad had posted up behind hesco barriers right outside the main gate and had begun to lay down a fearsome base of fire, and we fell back on their position. Once we had begun to suppress the enemy positions 3rd Platoon made a balls to the wall run across the danger area and moved into the town (Nasser Wa Salaam, Khandari Market area) to pick up their cut off squad. 

In that movement, my buddy and fellow machine gunner Scott Procopio of Saugus, Mass rounded a corner with an M240G and found himself in direct line of sight with an Al Qaeda fighter. He put the 240 to his shoulder (Scott was a big Marine) and dropped the dude like it was rifle. He would be killed a year to the day later on April 2, 2006 in Ramadi.

We were engaged in a direct gunfight for a couple hours, during which some of the other gates were hit with VBIED’s. Eventually our Weapons Company arrived with gun trucks and Army Apaches showed up to do some killing. I’m not sure the accuracy of it, but the word we got after was the assault force was substantial and between the towers, us, and the Apaches roughly 100 dudes got popped. One of the suicide bombers left his face intact, and a working dog brought it up to the Marines doing a BDA on the gate he had hit. 

It was my first real fight, I’d been in the Marine Corps for 13 months and was freshly 20. Funny to see it here.",https://undelete.pullpush.io/r/CombatFootage/comments/axlv4y/_/ehv1f4y/,https://api.pullpush.io/reddit/comment/search/?ids=ehv1f4y
2019-03-09,r/Maine,"Skied there yesterday! Such a great loop, there’s nothing quite like looking across the bay at Schoodic Mountain while skiing.",https://undelete.pullpush.io/r/Maine/comments/aywiwe/_/ei3wxhz/,https://api.pullpush.io/reddit/comment/search/?ids=ei3wxhz
2019-03-14,r/USMC,Sketch has channeled perfectly what it means to be a Platoon Sergeant. Brings back the nightmares.,https://undelete.pullpush.io/r/USMC/comments/b0mhwz/_/eii6dq4/,https://api.pullpush.io/reddit/comment/search/?ids=eii6dq4
2019-03-15,r/CombatFootage,"He was with my company (Kilo 3/8) in Ramadi. Great doc, but hard to watch. Brings back the memories. ",https://undelete.pullpush.io/r/CombatFootage/comments/b12fe7/_/eik04vn/,https://api.pullpush.io/reddit/comment/search/?ids=eik04vn
2019-03-15,r/Military,"“Carly says she’s passionate about giving aid to veterans and the homeless and rescuing human trafficking victims.”

Hoo boy, is she in for a let down! This article was about a cringe inducing as they get.",https://undelete.pullpush.io/r/Military/comments/b1hnhc/_/eim7c4q/,https://api.pullpush.io/reddit/comment/search/?ids=eim7c4q
2019-03-21,r/Maine,"This NIMBY shit is out of hand. You’ve got projects like this, or much smaller shellfish aquaculture operations, getting hammered simply because of either ignorance or willful misinformation. There is so much evidence out there that shows, in a changing climate, this kind of thing will be the future. And yet the pushback continues, in spite of any evidence provided. 

It’s like a low key anti-vaxx movement for the coastline.",https://undelete.pullpush.io/r/Maine/comments/b3qap4/_/ej2h0lc/,https://api.pullpush.io/reddit/comment/search/?ids=ej2h0lc
2019-03-22,r/USMC,"I did an enlistment in the Army, and depending on what kind of unit you go to it can be a great experience. The Army has some solid light infantry, reconnaissance, and SOF units that are shit hot, as well as access to some great schools.

But....

You have to take the Marine Corps colored glasses off. The Army does things differently, and as a whole, they do things much worse. As an organization it’s awful. Full of fat, lazy trash who would rather not be in uniform. If you go through your time there doing nothing but comparing the whole service to the Corps, you’ll be goddamn miserable.

If you’re lucky, find yourself a good unit and focus on using your Marine traits to better your people. As a Marine you’ll have a better handle on leadership, and how to imbue it in younger soldiers. The Army is atrocious at this, and suffers in a lack of strong NCO leadership across the service. In the good units aforementioned, you’ll actually find that there is a lot you can learn from the NCO’s who are worth a fuck.

If you’re a pogue, or assigned to some worthless as fuck big Army unit....good luck. I hope you can find something positive in the experience.",https://undelete.pullpush.io/r/USMC/comments/b46wug/_/ej4o77c/,https://api.pullpush.io/reddit/comment/search/?ids=ej4o77c
2019-03-22,r/Maine,What a fucking asshole. I’ll never understand how a person can be just so generally shitty when it comes to other humans.,https://undelete.pullpush.io/r/Maine/comments/b479ka/_/ej4s61n/,https://api.pullpush.io/reddit/comment/search/?ids=ej4s61n
2019-03-23,r/politics,"But outside of range fuckery, the giggle switch should always be ignored. Any soldier worth a damn knows well aimed semi-automatic fire far surpasses burst or automatic fire from personal weapons. Automatic fire does have effective use from bipod/tripod/vehicle mounted MG’s, but that is an entirely separate conversation.

I was an MG section leader and rifle squad leader with 4 infantry tours to Iraq and Afghan, as well as several years as a firearms instructor and security team member, so this is one topic I can feel comfortable espousing some minor expertise in.",https://undelete.pullpush.io/r/politics/comments/b4lhfz/_/ej887y8/,https://api.pullpush.io/reddit/comment/search/?ids=ej887y8
2019-03-24,r/redneckrevolt,"In the Corps we had issued thermarests which were pretty good (better than the big bulky iso mats), but when I was running a surveillance team in the Army I learned a little trick from an old LRS bubba that if you cut down an iso mat or ridge rest to a size that will at least keep your torso off the ground, you can fold it up and shove it in between your back and an ALICE frame. Did double duty in adding some padding as well as not taking up any space.

That said, these days I’ve got a Gucci little thermarest that weighs nothing and packs tight, and would never go back.",https://undelete.pullpush.io/r/redneckrevolt/comments/b4cm6i/_/ej8f8a2/,https://api.pullpush.io/reddit/comment/search/?ids=ej8f8a2
2019-03-24,r/politics,"Yeah, the good news here is you don’t know what you’re talking about. I’d gladly go to war with any one of my personal AR’s, even more so than my issued rifle. In 4 deployments and numerous gunfights I’ve  never put my rifle on burst or auto. 

Your idea of “suppressive fire” is simply wrong, although it’s a common misconception even amongst inexperienced soldiers. Well aimed fire is much more “suppressive” than inaccurate automatic fire from rifles, and anyone who has ever had their position properly suppressed can tell you the difference. 

Rapid semi-automatic fire is more accurate and more sustainable, and is the hallmark of an experienced infantry unit. Increases the chances of a hit and conserves ammunition. Automatic fire from light and medium MG’s is a whole other conversation, those guns are purpose built to sustain that kind of fire and are employed in a totally different manner than personal weapons.",https://undelete.pullpush.io/r/politics/comments/b4lhfz/_/ej961t3/,https://api.pullpush.io/reddit/comment/search/?ids=ej961t3
2019-03-25,r/funny,Pretty sure I saw this fella at Schoodic Point in Maine last summer. ,https://undelete.pullpush.io/r/funny/comments/b5az6w/_/ejcvx9k/,https://api.pullpush.io/reddit/comment/search/?ids=ejcvx9k
2019-03-26,r/sailing,"Dude, I didn’t know I’d see you outside r/Maine. Agreed.",https://undelete.pullpush.io/r/sailing/comments/b5e2dq/_/ejdpv1e/,https://api.pullpush.io/reddit/comment/search/?ids=ejdpv1e
2019-03-26,r/Maine,"I’m all for the expanded parking and Island Explorer services, but this reserved time slot? Fuck man, I live in Sullivan and some days are beautiful for a hike, how the hell am I supposed to know what day that is months in advance?",https://undelete.pullpush.io/r/Maine/comments/b5eehr/_/ejdrvjd/,https://api.pullpush.io/reddit/comment/search/?ids=ejdrvjd
2019-04-02,r/USMC,"It’s an amazing place. You can take the train from Gar Du Nord (if I remember correctly) to Chateau Thierry, and the battlefield is a few miles from there. When I went, I was just out of the Corps and walked the 5 miles or so to the battlefield. It was a gorgeous walk through the French countryside, and if you aren’t fat and lazy it would be my recommended way of doing it.

I’d recommend the American monument at the top of the ridgeline in Chateau Thierry as well, it’s very moving.

At the battlefield itself, I just spoke to the people in the office and they gave me a little tour by car. It’d probably depend how busy it is though. Also ask about the Devil Dog fountain in the town, you need to drink from it. And check out the German war memorial just down the road, shows that it can suck to be the loser.

",https://undelete.pullpush.io/r/USMC/comments/b8552r/_/ejxxnng/,https://api.pullpush.io/reddit/comment/search/?ids=ejxxnng
2019-04-02,r/USMC,"I wouldn’t be surprised if there’s a place for that, it was a smallish city but definitely had some things going on.",https://undelete.pullpush.io/r/USMC/comments/b8552r/_/ejyp5ev/,https://api.pullpush.io/reddit/comment/search/?ids=ejyp5ev
2019-04-07,r/HistoryPorn,German helmets and a BAR. What a cool pic.,https://undelete.pullpush.io/r/HistoryPorn/comments/baj1r2/_/ekcd6pf/,https://api.pullpush.io/reddit/comment/search/?ids=ekcd6pf
2019-04-07,r/USMC,"Fair winds and following seas, Sergeant.",https://undelete.pullpush.io/r/USMC/comments/bala5n/_/ekcezk8/,https://api.pullpush.io/reddit/comment/search/?ids=ekcezk8
2019-04-17,r/SocialistRA,Good lookin’ rifle!,https://undelete.pullpush.io/r/SocialistRA/comments/bdyver/_/el2e8cc/,https://api.pullpush.io/reddit/comment/search/?ids=el2e8cc
2019-04-19,r/Maine,"I’m in Sullivan and have an extra room I’ve been thinking of renting out, shoot me a message.",https://undelete.pullpush.io/r/Maine/comments/bf0tl7/_/ela2wb2/,https://api.pullpush.io/reddit/comment/search/?ids=ela2wb2
2019-04-25,r/USMC,"Spot on. I spent another 4 in the Army after the Corps, and while I was very lucky to serve in some shit hot units with good dudes, as a whole the organization is absolute trash. And the good soldiers know it. I knew a platoon leader who had grown up as an enlisted man in the Ranger Regiment, and he often said that he wished the Army could mimic Marine Corps culture as a whole. 

Having served in combat in both worlds, I am not one to totally bad mouth the Army. It does have some squared away fighting units and good guys, as well as some better doctrine here and there. But it is absolutely lacking in the warrior ethos and leadership obsession that the Corps has, and generally attracts a lower standard of person. And on the whole, it shows.",https://undelete.pullpush.io/r/USMC/comments/bh1agv/_/elpbj49/,https://api.pullpush.io/reddit/comment/search/?ids=elpbj49
2019-04-26,r/USMC,Congrats! Now for the hard part.,https://undelete.pullpush.io/r/USMC/comments/bhllp6/_/elue90o/,https://api.pullpush.io/reddit/comment/search/?ids=elue90o
2019-04-28,r/Military,"No idea why you’re being downvoted, I live in a rural area and this exactly describes our law enforcement.",https://undelete.pullpush.io/r/Military/comments/bi6ch3/_/elzw3n7/,https://api.pullpush.io/reddit/comment/search/?ids=elzw3n7
2019-04-28,r/Maine,"I downvoted before watching the video. Then I watched the video and wish there was some way to downvote more. Jesus Christ, the stupidity is difficult to fathom.",https://undelete.pullpush.io/r/Maine/comments/biejtp/_/em0dz2t/,https://api.pullpush.io/reddit/comment/search/?ids=em0dz2t
2019-04-29,r/politics,"I have had experience at two VA’s, and the difference was mindblowing.  When I was in college in DC, the VA down there was a nightmare. Absurd wait times, seemingly never ending bureaucracy, they were so obviously understaffed and overwhelmed. I waited on over 3 years for a claim appeal with no updates or contact.

Then I moved to Maine, where the VA actually cold called me to make sure I got enrolled in the healthcare system up here. Even more shocking was when I moved, my appeal case also got sent up here. The office in Togus actually rang me up and asked if it was true I’d been waiting over 3 years for my decision from Roanoke. I said yes, and they brought me in for a face to face meeting with the Decision Review Officer within 3 weeks, who pretty much rendered a decision on the spot.  

Appointments are easy to get, everyone has been incredibly helpful, and when things get bureaucratic eventually someone just gets fed up and fixes whatever the problem is. It’s night and day, and my assumption is it’s because they have enough staff and budget to cover the (relatively) small veteran population up here.

All this talk of privatization and cost-cutting is bullshit, in my opinion. Properly fund and staff VA’s to meet the needs of their communities and I feel like you’d have a lot more like Maine and a lot less like DC.",https://undelete.pullpush.io/r/politics/comments/bihqg8/_/em1sx0d/,https://api.pullpush.io/reddit/comment/search/?ids=em1sx0d
2019-04-29,r/Military,"Unless your command is *literally* fucking you, not sure how they’d know.",https://undelete.pullpush.io/r/Military/comments/bidol7/_/em1t3t8/,https://api.pullpush.io/reddit/comment/search/?ids=em1t3t8
2019-04-30,r/politics,"Well you clearly haven’t. After 8 years in the infantry and 4 combat tours, I was always blown away by the diverse crowd of dudes who end up in the grunts. College degrees weren’t rarities, and almost everyone had a HS diploma. Sure, there were some dumbasses who didn’t have many other options, but folks like that generally don’t end up volunteering for the infantry, they go to MOS’ that offer real skills like mechanics or admin. 

Granted, wartime service attracts a different set than the peacetime crowd, most of us were chasing an adventure or actually bought into the idea of serving the country. I met some dumb motherfuckers in the infantry, but they were the exception not the rule. Lots of dudes without formal education, but very smart.

As an example, in my machine gun squad in 2005 we had one guy with a degree from Rutgers, two who had opted to enlist instead of attend the universities they had been accepted to (George Mason and a southern state school), and the rest had HS diplomas. Of that group, the rest have degrees they got after the service on the GI Bill.

So, respectfully, you don’t know what the fuck you’re talking about.",https://undelete.pullpush.io/r/politics/comments/bj3552/_/em5t4rr/,https://api.pullpush.io/reddit/comment/search/?ids=em5t4rr
2019-04-30,r/politics,"You said no one ends up in the grunts if they have other options. I’ve served in 4 different infantry units (both Marine Corps and Army) and know plenty of guys who had other options. It’s not a “neat anecdote”, it’s evidence you don’t know what you’re talking about.",https://undelete.pullpush.io/r/politics/comments/bj3552/_/em6d8ej/,https://api.pullpush.io/reddit/comment/search/?ids=em6d8ej
2019-05-07,r/Maine,How do we get ‘em downeast? I know some lobsterboats that need stern men who don’t pass out on opiates and restaurants that need kitchen staff who just show up regularly.,https://undelete.pullpush.io/r/Maine/comments/bldia5/_/emp1g16/,https://api.pullpush.io/reddit/comment/search/?ids=emp1g16
2019-05-07,r/SocialistRA,"This put in to far better words something I've noticed over the years. The distinct aesthetic that has been embraced by some fellow veterans (and even more so their wannabe cheerleaders, both civilian and law enforcement) reeks of fascism, and yet has been utilized within pop culture in a way that completely normalizes and encourages it.

&amp;#x200B;

When I first encountered this stuff I was a young Marine, and part of me certainly thought it looked cool. The SEAL team in Ramadi we worked with back in 2006 all had the punisher skull spray painted on their armor (this is where Chris Kyle picked it up, he was with that team). After seeing how those guys operated, however, it wasn't anything even my young infantry corporal self felt was worth emulating. But over the course of my next few deployments, I was surprised how much of that aesthetic was embraced by other SOF units as well as trickling down to the conventional forces. This was not always the case, and I know plenty of good SOF and infantry guys who find the whole thing reeks of unprofessionalism and immaturity. But it certainly has made its mark, and when I ended up working on a security contract in Afghanistan years later it was all Punisher skulls, Viking call signs, and beards. The amusing part is most of the real professionals loathed that stuff still, but it was fully embraced by the less competent (and therefore more insecure) guys and gals on the contract. 

&amp;#x200B;

It therefore doesn't surprise me to see it working its way so deeply into the cop world. My experience in the service (and with other veterans after) is that the more insecure the guy, the more likely he fully embraces this aesthetic. Gotta show everyone how badass you are because deep down you know you're a coward. 

&amp;#x200B;

It is terrifying to see this shit all over the place now, but the upside is at least it makes them easy to spot. On a personal level it's made identifying other veterans as the kind I don't want to associate with extremely easy. 

&amp;#x200B;

Great read, thanks for posting this.",https://undelete.pullpush.io/r/SocialistRA/comments/bltkh7/_/emrisqm/,https://api.pullpush.io/reddit/comment/search/?ids=emrisqm
2019-05-08,r/SocialistRA,"Oh yeah, there’s a pretty substantial amount of women who embrace this stuff. Insecurity isn’t limited to men. Usually women in jobs that aren’t quite as “combat” as they’d want you to think, hence the aesthetic to make up for that.",https://undelete.pullpush.io/r/SocialistRA/comments/bltkh7/_/emtgo9s/,https://api.pullpush.io/reddit/comment/search/?ids=emtgo9s
2019-05-08,r/SocialistRA,"I’ve used both pretty extensively, and the only downsides to a variable power optic are cost and weight. Cheap ones are much more likely to fail you, so keep that in mind. I’d prefer an RDS that works than a variable power that loses zero often.

But taking money out of the equation, it’s a superior optic.",https://undelete.pullpush.io/r/SocialistRA/comments/bm0mxj/_/emthmg7/,https://api.pullpush.io/reddit/comment/search/?ids=emthmg7
2019-05-20,r/Military,"Well, I’ve got 4 grunt tours and agree with everything he said. Sounds like you were just a shitty soldier/Marine without an understanding of professionalism. I’m sorry your NCO’s failed you.",https://undelete.pullpush.io/r/Military/comments/bqvu3c/_/eo8lpuu/,https://api.pullpush.io/reddit/comment/search/?ids=eo8lpuu
2019-05-20,r/Military,"Well, nothing like confirming a hunch. Glad the men I served with were superior to your amateur behavior.",https://undelete.pullpush.io/r/Military/comments/bqvu3c/_/eo8m3t2/,https://api.pullpush.io/reddit/comment/search/?ids=eo8m3t2
2019-05-28,r/Military,"Ah yes, good old Duncan. He used to drink in a bar I worked at in DC, loved to brag about all the women he was fucking who weren’t his wife when he was blasted (which was pretty regularly). When he found out I was a fellow Marine combat infantryman, he really just let the scumbaggery out of the bag. Real piece of shit, that guy.

As to this particular round of awfulness, while posing with bodies is rather tasteless, it’s also not the same a slitting a wounded enemy combatants throat for fun or smoking kids for kicks. Pretty silly comparison to draw. 

Good to see he’s still as much of a garbage person as I remember him.",https://undelete.pullpush.io/r/Military/comments/btnqrz/_/ep2igj3/,https://api.pullpush.io/reddit/comment/search/?ids=ep2igj3
2019-05-28,r/USMC,"While I appreciate the effort, they left off a bunch of 3/8 KIA and listed Baker as a Weapons Company Marine (he was a HOG in STA).

They completely missed all of Kilo and India company dead, as well as some from Weapons.

Clearly, somebody sent an incomplete memo.",https://undelete.pullpush.io/r/USMC/comments/btxjhb/_/ep540f8/,https://api.pullpush.io/reddit/comment/search/?ids=ep540f8
2019-05-29,r/guns,I love this gun. Glad to see others enjoying it too!,https://undelete.pullpush.io/r/guns/comments/bu5mvz/_/ep7ywx7/,https://api.pullpush.io/reddit/comment/search/?ids=ep7ywx7
2019-05-29,r/USMC,"It’s pretty amazing to see the jump in ‘44 to 13 man squads in order to soak up the casualties taken in island hopping. And even more amazing to see how long it took for that one specific tactical consideration to be readdressed.

If anything, these graphics are a lesson in institutional inertia.",https://undelete.pullpush.io/r/USMC/comments/budyjw/_/epbvmnw/,https://api.pullpush.io/reddit/comment/search/?ids=epbvmnw
2019-05-29,r/USMC,I’ve always been fascinated with the CAP. Do you know where the structure came from? Was that an in-country development or did it derive from Quantico? Seems like an effective TO for what you guys were doing.,https://undelete.pullpush.io/r/USMC/comments/budyjw/_/epbwrvo/,https://api.pullpush.io/reddit/comment/search/?ids=epbwrvo
2019-05-29,r/USMC,"Thanks for the info! And you guys are the kinds of Marines I wanted to be. Flexible, aggressive, and culturally aware. You’ve got this grunts total respect.",https://undelete.pullpush.io/r/USMC/comments/budyjw/_/epchl8a/,https://api.pullpush.io/reddit/comment/search/?ids=epchl8a
2019-05-29,r/USMC,"Without the standard you guys set for us, we wouldn’t have anything to emulate. The Marine Corps runs on stories, and you provided us with stories to live up to. Thank you, and Semper Fi.",https://undelete.pullpush.io/r/USMC/comments/budyjw/_/epcpm23/,https://api.pullpush.io/reddit/comment/search/?ids=epcpm23
2019-05-29,r/USMC,"It happens, but in my experience the force that results in that would also bend an aluminum mag. All magazines are wear items, they aren’t made to last forever. At least with PMAGs the feed lips don’t bend, and when they crack it’s noticeable.",https://undelete.pullpush.io/r/USMC/comments/buirv1/_/epctft0/,https://api.pullpush.io/reddit/comment/search/?ids=epctft0
2019-05-30,r/CredibleDefense,"Maybe, just maybe, if you’re using British imperial domination in India as your template for “victory”, you shouldn’t be doing it in the first place.",https://undelete.pullpush.io/r/CredibleDefense/comments/buqg6i/_/epg8o9e/,https://api.pullpush.io/reddit/comment/search/?ids=epg8o9e
2019-05-31,r/CombatFootage,"That’s 10th Mountain, not Ranger Batt. If memory serves they were part of the larger UN mission, not the SOF task force hunting Aidid and his leadership element.",https://undelete.pullpush.io/r/CombatFootage/comments/bvbz8u/_/epntall/,https://api.pullpush.io/reddit/comment/search/?ids=epntall
2019-06-01,r/Maine,"She’s a coward and a piece of shit. If you like Trump, she’s a half-measures pansy. If you don’t, she’s an empty sack of “concerned”.  She’s so absorbed with self-preservation she missed out on the part everybody started noticing what she said to the other side.

Good riddance. Sadly, she’ll fuck off with her millions and we’ll realize she never gave a single fuck about Mainers.",https://undelete.pullpush.io/r/Maine/comments/bvfftj/_/epoyy2c/,https://api.pullpush.io/reddit/comment/search/?ids=epoyy2c
2019-06-01,r/Maine,"All I wanted as a kid growing up downeast was the get as far away from Maine as possible. I found this place suffocatingly boring and provincial. So I joined the Marines and ended up getting the adventure I was looking for. Travelled for work and pleasure all over the world, lived in some fun places, spent a number of years in DC living the city life.

But a few years ago, I really started to feel like I wasn’t where I belonged. Ended up coming back to Maine for a few weeks in the summer of 2016, and promptly made the decision to move back. I now live and work in the town I grew up in, and wouldn’t change a thing. 

Turns out after seeing the rest of the world, I realized the place I was born is one of the best parts of it.",https://undelete.pullpush.io/r/Maine/comments/bvg66a/_/epq0355/,https://api.pullpush.io/reddit/comment/search/?ids=epq0355
2019-06-03,r/USMC,Comparing civilian deaths from artillery fire in some of the fiercest fighting the Corps has seen since Hue to an asshat SEAL Chief slitting the throat of a zip tied kid is the height of absurdity. This guy is such a fuck.,https://undelete.pullpush.io/r/USMC/comments/bw3mwo/_/epwkqk3/,https://api.pullpush.io/reddit/comment/search/?ids=epwkqk3
2019-06-05,r/PropagandaPosters,"I’d take some issue with that. I was also in the military (8 years in the infantry), and good units do in fact want leaders who can think for themselves and make decisions under stress. As a whole, I’d agree with you that the larger institutions just want people who can follow orders, but in my experience good combat units work hard to identify guys with the ability to problem solve and lead. Sadly, it won’t necessarily result in career success within the machine, but it can result in learning how to be a leader.

The caveat here is that my military experience was only in deploying combat units, and I saw the writing on the wall when that started to come to an end. But I did learn a lot about leadership and decision making under stress from my time in the grunts.",https://undelete.pullpush.io/r/PropagandaPosters/comments/bwsu8u/_/eq0vi3i/,https://api.pullpush.io/reddit/comment/search/?ids=eq0vi3i
2019-06-05,r/CombatFootage,"This video never gets old. Dumb motherfucker didn’t deserve to live. At least his stupidity and fat ass wheezing are available for all future infantrymen to witness and hold in contempt. Poor marksmanship on the Taliban’s part is the only reason this mouthbreather made it home, he managed to make every possible shit decision possible when it comes to small unit combat.",https://undelete.pullpush.io/r/CombatFootage/comments/bwsvfo/_/eq1djl5/,https://api.pullpush.io/reddit/comment/search/?ids=eq1djl5
2019-06-05,r/USMC,"This is spot on for WPS in Kabul as of last summer. I wouldn’t say it was the majority of dudes, but definitely enough to make a funny meme about.",https://undelete.pullpush.io/r/USMC/comments/bx52aq/_/eq3lqd9/,https://api.pullpush.io/reddit/comment/search/?ids=eq3lqd9
2019-06-05,r/USMC,"For a PSS, and after the Afghans steal 20% of your paycheck off the top, the only way guys were breaking 100K take home was by forfeiting leave. DM’s, SL’s, Medics, and K9 are definitely racking in more, but that 20% is painful.",https://undelete.pullpush.io/r/USMC/comments/bx52aq/_/eq3m9y9/,https://api.pullpush.io/reddit/comment/search/?ids=eq3m9y9
2019-06-05,r/USMC,"I’m not sure where you’re getting 150. No straight PSS for either Garda or Constellis is pulling 150. I’d have to look at my pay stubs, but I did the math and after the 20% and state tax was taking home around 85K. One of the reasons I quit, just wasn’t worth it. And I didn’t feel like sticking around for a few more years to meet the SL requirements under WPS II and also didn’t want to forfeit leave. Good on the guys who do, but I like my off time.",https://undelete.pullpush.io/r/USMC/comments/bx52aq/_/eq3nlwp/,https://api.pullpush.io/reddit/comment/search/?ids=eq3nlwp
2019-06-05,r/USMC,"What’s the day rate currently? When I left it was 437. I was on a 105/35 rotation. In those 105, you get one unpaid day off a week, so that’s 15 unpaid days. That’s a total of 39,330 per rotation. Your 35 days off are unpaid. 

3 rotations gets you about 20 days past 12 months, so let’s multiply 39,330 by 3. That’s 117,990. Subtract out the 20 days (8740), and that’s a gross of 109,250 annually. Afghan tax is 20%, which is 21,850. So before state tax kicks in, a PSS was pulling about 87K a year. Add in state tax (depending on state), and a guy is around 78-85K a year.

The company’s love to sell the contracts as “120 a year!”, but the math doesn’t add up. It’s still decent pay for easy work, but it ain’t 150K a year by any means.",https://undelete.pullpush.io/r/USMC/comments/bx52aq/_/eq3ptjh/,https://api.pullpush.io/reddit/comment/search/?ids=eq3ptjh
2019-06-06,r/USMC,"Oh, no arguments. I’m just pointing out to the other poster that this “150k a year” thing isn’t remotely accurate. The “65k a year” joke he took issue with is much closer to the reality. 

Hell, with those DoD static contracts, those poor bastards literally are just making 65 a year.

And sadly, the Afghan tax fucked everybody on the 330 game. Spend your leave banging hookers in Thailand instead of getting bitched at by the wife back home, and you could sell it as avoiding federal income tax. Once the Afghans started using our paychecks as a personal piggy bank, that whole loophole disappeared.",https://undelete.pullpush.io/r/USMC/comments/bx52aq/_/eq4szvj/,https://api.pullpush.io/reddit/comment/search/?ids=eq4szvj
2019-06-06,r/USMC,"That’s 100% accurate. Your DD214 qualifies you for what contract you can get, and outside of some minor advancement within said contract (SL/AIC on WPS), that’s what you’re qualified for.

Lots of dudes think they’ll get out of the service and into contracting, where they can then build skills and find advancement. It’s quite literally the opposite. Whether it be WPS/OGA/etc, what you did in uniform is what qualifies you. 

Want to be an instructor? Better have some documented instructor time in uniform. Want to be a Defensive Marksman? Better have been a school trainer sniper in the service. Hell, want to be on a DOS mobile contract? Better have your 12 months of combat time. You are what your DD214 can prove. 

It’s not bad work. Generally boring as shit and low key, lots of movie watching and gym time. As the above conversation showed, the money isn’t bad at all. But it’s not badass, and there’s not a lot of room for advancement. If you want the super high speed contracts, you’d better have been a super high speed dude in the service.",https://undelete.pullpush.io/r/USMC/comments/bx52aq/_/eq56m3z/,https://api.pullpush.io/reddit/comment/search/?ids=eq56m3z
2019-06-07,r/Maine,"Yeah, it’s absurd. We’re one of the only states which extends riparian ownership to mean low water, and it’s doubly ridiculous considering the intertidal is utilized extensively more in Maine that most other states. 

Public use is only protected by some colonial era rule that riparians can’t impact “fishing, fowling, and navigation” in the intertidal. So theoretically they can’t keep people from shooting ducks, clamming, or putting in structures that would impede public navigation.

However, the recent ruling on seaweed harvesting shows the shortcomings of this. The Supreme Court ruled against seaweed harvesters who were harvesting rockweed in the intertidal, saying that it wasn’t “fishing”. But neither is clamming or worming, and it was simply a move to give wealthy riparian landowners more control over the intertidal and curtail the access for Mainers who make their living on the water.

Sadly, this is all part of a recent trend at the state level to assign wealthy (and often out of state resident) riparian landowners a higher value than working class Mainers. Pushback against aquaculture leases, superfluous “task forces” pushed by some legislators to slow roll shellfish farming, and this solidifying of denying public use to the intertidal are all just different sides of the same coin. Wealthy folks hire lawyers and lobbyists to make things happen in Augusta, while sea farmers, wild harvesters, and the general public get slowly pushed aside.

It’s goddamn infuriating to watch.",https://undelete.pullpush.io/r/Maine/comments/bxxlz9/_/eqaipqc/,https://api.pullpush.io/reddit/comment/search/?ids=eqaipqc
2019-06-08,r/USMC,"That why you stay in touch. My unit does annual reunions, and even though we can’t always make it, keeps us all connected.",https://undelete.pullpush.io/r/USMC/comments/byb416/_/eqg5x8u/,https://api.pullpush.io/reddit/comment/search/?ids=eqg5x8u
2019-06-17,r/SRAWeekend,I’m diggin’ the CZ.,https://undelete.pullpush.io/r/SRAWeekend/comments/c1d03v/_/erd3gno/,https://api.pullpush.io/reddit/comment/search/?ids=erd3gno
2019-06-18,r/USMC,"You gotta fuck with the focus ring and objective lens, my man. Once you get them figured out, 14’s are pretty excellent. IMHO, folks who hate them just never learned how to use them properly (blame your NCO’s).",https://undelete.pullpush.io/r/USMC/comments/c1utmn/_/erg3lye/,https://api.pullpush.io/reddit/comment/search/?ids=erg3lye
2019-06-18,r/USMC,"Ramadi was pretty rough. There was never a total clearing operation with begin/end dates like Fallujah, just a meat grinder that went on from 04-06. We were there from March ‘06 to October ‘06, and stopped daytime patrolling about two months in because we were taking too many casualties. 

Off the top of my head, units who were living downtown at the Gov Center and taking the brunt of it were 1/5, 3/7, 3/8, and 1/6 (I’m sure I’ve missed a few).  Some Army paratroopers were close by and getting hosed too.

Place was an absolute hell. I’ve never been somewhere that was so consistently violent. We killed a lot of them, they killed a lot of us, and they killed a lot of each other. The average time it took for a patrol leaving the Gov Center to make contact in spring 2006 was 8 minutes. 

Thing just never stopped, 8 months straight without a day off. I honestly wonder these days how most of us kept it together.

Dexter Filkin’s “The Forever War” has a chapter on it, as does Phil Klays “Redeployment” (that one is fictionalized, but accurate). “Only The Dead” on HBO has a whole section on Ramadi in 2006. I’ve seen a few non-fiction veteran accounts of the place like “Echo in Ramadi”, but honestly haven’t read them because I was there and figure it’s just more of the same memories.

ETA: Because there was never any real push to clear the city, it really felt like we were just trying to hold a little footprint downtown. There were never enough men to actually put the insurgency down or do community outreach, so we just holed up in a few buildings and ground it out. The Government Center was the supposed administrative capitol for all Al-Anbar, but Iraqi gov folks and coalition leadership would only show up for long enough to have a meeting and do photo ops there. Otherwise, it was just a sandbagged bastion manned by a company of infantry that got hit almost every day.",https://undelete.pullpush.io/r/USMC/comments/c1ukid/_/erg707c/,https://api.pullpush.io/reddit/comment/search/?ids=erg707c
2019-06-18,r/USMC,"Yeah...again, that’s a leadership failure. Misuse and light abuse fucks up the tubes, it’s easy to identify and get broken tubes fixed or swapped out. Lazy officers and armorers are to blame, not the gear.",https://undelete.pullpush.io/r/USMC/comments/c1utmn/_/erg75mc/,https://api.pullpush.io/reddit/comment/search/?ids=erg75mc
2019-06-18,r/NFA,"Just got two stamps yesterday, filed January 6, 2018. 527 days. It can be a haul sometimes.",https://undelete.pullpush.io/r/NFA/comments/c1y625/_/ergsrrs/,https://api.pullpush.io/reddit/comment/search/?ids=ergsrrs
2019-06-18,r/USMC,"Yeah, but I think a lot of that stems from publicity (SEALs writing books and making movies) and the fact the Awakening happened in late 2006, so violence dropped significantly and it looked like progress.

There were infantry battalions living in the suck downtown all the way back to when the Anbar insurgency really stepped up starting in spring 2004. A college buddy was at the Gov Center in 2005 with 1/5, and his experience seemed similar to mine a year later.",https://undelete.pullpush.io/r/USMC/comments/c1ukid/_/ergtq7f/,https://api.pullpush.io/reddit/comment/search/?ids=ergtq7f
2019-06-18,r/USMC,"Yeah, but I think a lot of that stems from publicity (SEALs writing books and making movies) and the fact the Awakening happened in late 2006, so violence dropped significantly and it looked like progress.

There were infantry battalions living in the suck downtown all the way back to when the Anbar insurgency really stepped up starting in spring 2004. A college buddy was at the Gov Center in 2005 with 1/5, and his experience seemed similar to mine a year later.",https://undelete.pullpush.io/r/USMC/comments/c1ukid/_/ergtq7f/,https://api.pullpush.io/reddit/comment/search/?ids=ergtq7f
2019-06-18,r/Maine,But what if they prefer the weather here?,https://undelete.pullpush.io/r/Maine/comments/c27xt6/_/eriaw5c/,https://api.pullpush.io/reddit/comment/search/?ids=eriaw5c
2019-06-18,r/ak47,Something beautiful. Don’t let anyone tell you otherwise.,https://undelete.pullpush.io/r/ak47/comments/c2727a/_/erib63e/,https://api.pullpush.io/reddit/comment/search/?ids=erib63e
2019-06-18,r/Maine,"Hey bud, fuck right off with this racist bullshit.",https://undelete.pullpush.io/r/Maine/comments/c28clq/_/eriezmn/,https://api.pullpush.io/reddit/comment/search/?ids=eriezmn
2019-06-19,r/Maine,"Amusingly, since we don’t have an IQ of 60, we all see this for the tripe that it is and therefore are all very happy to tell you to go fuck yourself. Some kinds of shit smells so bad, you don’t have have have a discussion about what it is.",https://undelete.pullpush.io/r/Maine/comments/c28clq/_/eriuvv1/,https://api.pullpush.io/reddit/comment/search/?ids=eriuvv1
2019-06-19,r/WarshipPorn,"Man, I hated running on ship.",https://undelete.pullpush.io/r/WarshipPorn/comments/c28vny/_/eriw71q/,https://api.pullpush.io/reddit/comment/search/?ids=eriw71q
2019-06-19,r/WarshipPorn,"It’s like asphalt, but harder. Plus, the terrain never changes.",https://undelete.pullpush.io/r/WarshipPorn/comments/c28vny/_/eriz7bi/,https://api.pullpush.io/reddit/comment/search/?ids=eriz7bi
2019-06-19,r/Maine,"Offended? Aww kiddo, you need to find a new narrative to stick to. I’m not offended, you’re just retarded.",https://undelete.pullpush.io/r/Maine/comments/c28clq/_/erj1upw/,https://api.pullpush.io/reddit/comment/search/?ids=erj1upw
2019-06-19,r/WarshipPorn,"I mean it’s the same terrain, over and over and over. Not sure how big a deck you were on, but on an LSD it’s just the well deck, ramps, and the helo pad. That route gets old quick.",https://undelete.pullpush.io/r/WarshipPorn/comments/c28vny/_/erj52j0/,https://api.pullpush.io/reddit/comment/search/?ids=erj52j0
2019-06-19,r/WarshipPorn,Amen to that.,https://undelete.pullpush.io/r/WarshipPorn/comments/c28vny/_/erjn1mp/,https://api.pullpush.io/reddit/comment/search/?ids=erjn1mp
2019-06-20,r/SocialistRA,"Ha! Opened to comments the say the same thing. Also, not sure why he drops the weapon so low AND looks at it, you want to keep that puppy up in your workspace.",https://undelete.pullpush.io/r/SocialistRA/comments/c2wnke/_/ern94nm/,https://api.pullpush.io/reddit/comment/search/?ids=ern94nm
2019-06-20,r/Military,"This shit just depresses me. Waste of goddamn lives, money, and time.",https://undelete.pullpush.io/r/Military/comments/c2wlt8/_/ernbkwp/,https://api.pullpush.io/reddit/comment/search/?ids=ernbkwp
2019-06-20,r/Maine,"“Three of the court’s six judges issued a concurrent ruling, however, warning that while LePage enjoyed “qualified immunity” based on the specific details of this case, government officials shouldn’t see the decision as a sign they can legally wield funding as a coercive tool in the future.”

Why the fuck wouldn’t they? He threatened to withhold funding from a school if it hired someone he didn’t like, and the school then didn’t hire the guy. Why would not punishing that somehow not send that exact message to future holders of that office?",https://undelete.pullpush.io/r/Maine/comments/c2zn5d/_/erob8o8/,https://api.pullpush.io/reddit/comment/search/?ids=erob8o8
2019-06-21,r/Military,"Take it from me kids: Someday, 10-15 years down the road, you’re really going to wish your friends had died for a good reason. Because when it’s for silly things, that’ll catch up to you eventually.",https://undelete.pullpush.io/r/Military/comments/c3a76q/_/erpul5z/,https://api.pullpush.io/reddit/comment/search/?ids=erpul5z
2019-06-22,r/politics,Uh.....then what is it? Polite discourse? Or do you intend to just rely on someone else’s guns (like the police)?,https://undelete.pullpush.io/r/politics/comments/c3pthm/_/ersxj45/,https://api.pullpush.io/reddit/comment/search/?ids=ersxj45
2019-06-22,r/politics,"As the owner of several NFA items...that’s gonna be a no for me there. Maybe if they offer me 2-3 times what I paid for them to make up for the obnoxious amount of time I was made to wait in the first place (recent stamps took 527 days). 

But that’s unlikely, since for me this is more an issue of being stripped of something I legally purchased, jumped through all the hoops, and have used in nothing but a responsible and legal manner. I’ll be keeping mine, and bet a bunch of other owners feel the same way.",https://undelete.pullpush.io/r/politics/comments/c3tos6/_/ert7xmx/,https://api.pullpush.io/reddit/comment/search/?ids=ert7xmx
2019-06-22,r/politics,"See, this is the problem with this line of thinking. I’ve never been a criminal, have never committed criminal acts, and have owned my firearms responsibly. Furthermore, I’ve gone to great lengths and some financial extent to make sure everything I do is within the letter of the law.

Now, you wish upon me arrest, a felony conviction, and likely prison all over an item I purchased legally and have maintained responsibly over the years? 

You must see the absurdity in this. And this is also why gun owners see people who hold your views to be “the enemy”, since you want the police to come armed to my door to arrest me over a piece of metal with no moving parts.",https://undelete.pullpush.io/r/politics/comments/c3tos6/_/ertca56/,https://api.pullpush.io/reddit/comment/search/?ids=ertca56
2019-06-22,r/guns,"Sig MCX pistol in 300 BLK with Sig SRD762Ti QD suppressor. Aimpoint T2 on Scalarworks mount, Steiner DBAL, and Surefire Scout on an Arisaka mount.

Sig MPX pistol with Sig SRD9 suppressor. Old Eotech 553 I threw on for funsies.",https://undelete.pullpush.io/r/guns/comments/c3v72w/_/erteppb/,https://api.pullpush.io/reddit/comment/search/?ids=erteppb
2019-06-22,r/guns,The free state of Maine.,https://undelete.pullpush.io/r/guns/comments/c3v72w/_/ertew0t/,https://api.pullpush.io/reddit/comment/search/?ids=ertew0t
2019-06-22,r/guns,"I like it, but can’t in good conscience call the MCX an SMG.",https://undelete.pullpush.io/r/guns/comments/c3v72w/_/ertfd7s/,https://api.pullpush.io/reddit/comment/search/?ids=ertfd7s
2019-06-22,r/guns,"Sig MCX pistol in 300 BLK with Sig SRD762Ti QD suppressor. Aimpoint T2 on Scalarworks Mount, Steiner DBAL, Surefire Scout LED on Arisaka mount, and BCM handstop thingy.

Sig MPX pistol with Sig SRD9 suppressor. Old Eotech 553 I threw on for funsies.

Got myself in a little discussion about NFA items over on r/politics, figured I’d blown off some steam and post some of the toys here.",https://undelete.pullpush.io/r/guns/comments/c3vcna/_/ertfsn0/,https://api.pullpush.io/reddit/comment/search/?ids=ertfsn0
2019-06-22,r/SigSauer,"Sig MCX pistol in 300 BLK with Sig SRD762Ti QD suppressor. Aimpoint T2 on Scalarworks Mount, Steiner DBAL, Surefire Scout LED on Arisaka mount, and BCM handstop thingy.

Sig MPX pistol with Sig SRD9 suppressor. Old Eotech 553 I threw on for funsies.

Got myself in a little discussion about NFA items over on r/politics, figured I’d blown off some steam and post some of the toys here.",https://undelete.pullpush.io/r/SigSauer/comments/c3vh5q/_/ertge3k/,https://api.pullpush.io/reddit/comment/search/?ids=ertge3k
2019-06-22,r/politics,We have a suppressor crisis? Did I miss something?,https://undelete.pullpush.io/r/politics/comments/c3tos6/_/erthmcb/,https://api.pullpush.io/reddit/comment/search/?ids=erthmcb
2019-06-23,r/SocialistRA,"Force on force really shows you the limitations to flat range work. You might be all Instructor Zero against steel with a pre-planned still, but shit falls apart fast when you add in other actors and solving problems in a changing environment. Once you’ve gotten your individual skills down, it’s the next necessary step of training.",https://undelete.pullpush.io/r/SocialistRA/comments/c3mf4l/_/ertqa66/,https://api.pullpush.io/reddit/comment/search/?ids=ertqa66
2019-06-23,r/SigSauer,"Both cans submitted on Jan 6, 2018. Got the stamps last week.",https://undelete.pullpush.io/r/SigSauer/comments/c3vh5q/_/erufrbk/,https://api.pullpush.io/reddit/comment/search/?ids=erufrbk
2019-06-24,r/SocialistRA,"Costa was in the Coast Guard, don’t give that weirdo the credit of being a CAG guy. The rest of your comment is pretty spot on, I’d also add in Pat MacNamara and Kyle Lamb (actual CAG vets) as sources on YouTube. 

Lambs “Green Eyes Black Rifles” and  “Stay in the Fight” are excellent books. “Green Eyes” and the Magpul videos are a little dated in some respects, but the techniques are still very relevant.

OP,  if you’ve got the cash hanging around after you kit yourself out, take a few classes from a reputable instructor. A basic rifle/pistol setup with good training means a hell of a lot more than all the high speed trinkets and no time behind the gun. Keep your politics to yourself and recognize most folks you’ll run into are reactionary lunatics. But skills are skills and they don’t have opinions on class theory.",https://undelete.pullpush.io/r/SocialistRA/comments/c4dfep/_/erwg6yf/,https://api.pullpush.io/reddit/comment/search/?ids=erwg6yf
2019-06-24,r/SocialistRA,"Adding to my other comment, if you’re starting out I’d recommend a rifle (preferably AR pattern in 5.56 if you’re American), a striker fired pistol in 9mm, and a method of carrying extra ammunition on a belt or chest rig (I’ve been doing this kind of work since 2005 and have found belt rigs to be the best starting place). Take a CPR and stop the bleed class and build yourself an effective medical kit.

And then buy a bunch of ammo and shoot a whole bunch. Take classes if you can, mimic YouTube if you can’t. Find some IDPA, IPSC, 2 Gun or 3 Gun in your area if you can and compete in your kit. You won’t win, but you’ll work out the kinks and get better under pressure.

If you’re in an area with likeminded people, don’t be a loner. Reach out to your comrades and train with them. The only purpose of individual skills is to be a functioning member of a team, even if it’s just a buddy team of two. Individuals die quickly in combat.

And workout. Run, lift, do bodyweight stuff. Being out of shape is quite literally the single most detrimental thing you can do to your effectiveness. If you can’t  control your breathing after sprinting, you aren’t worth shit in a fight. You don’t need to be jacked or a marathoner, but fitness is your friend. 

The cool guy stuff like armor, helmets, NVG’s, suppressors, etc...those have a place, but not until you’ve become a stud with your basic weapons. And the only way that happens is by shooting and practicing weapons handling.",https://undelete.pullpush.io/r/SocialistRA/comments/c4dfep/_/erwhe8l/,https://api.pullpush.io/reddit/comment/search/?ids=erwhe8l
2019-06-24,r/SocialistRA,"Oh, if we’re talking a cheap helmet for noggin protectin’, absolutely. But I see people dropping cash on ballistic protection at the outset that they really should be spending on ammo and training.",https://undelete.pullpush.io/r/SocialistRA/comments/c4dfep/_/erx9j7j/,https://api.pullpush.io/reddit/comment/search/?ids=erx9j7j
2019-06-24,r/politics,"Wait, are you me? That’s my exact weapon/suppressor count, and with the same politics.",https://undelete.pullpush.io/r/politics/comments/c4t3gq/_/eryn5pi/,https://api.pullpush.io/reddit/comment/search/?ids=eryn5pi
2019-06-24,r/SocialistRA,"Dry fire is some of the most important work you can do in order to make yourself a better shooter.

And it’s not about shooting a lot, it’s about shooting as often as you can. Someone who practices a few good drills with maybe 100 rounds, twice a month, and does lots of dry fire work and weapons manipulation will likely be a better shooter than someone who shoots 1000 rounds in one day every 6 months. 

Build your rifle, get a sling and some mags, a good optic if you can afford it (and if you can’t, iron sights are excellent to learn on) and do lots of dry manipulations. When you can afford ammunition, get out there and work on slow fire accuracy until you’re printing good groups regularly.",https://undelete.pullpush.io/r/SocialistRA/comments/c4sbfd/_/eryo01f/,https://api.pullpush.io/reddit/comment/search/?ids=eryo01f
2019-06-25,r/Maine,That is one well produced ad.,https://undelete.pullpush.io/r/Maine/comments/c50qj0/_/erzefqw/,https://api.pullpush.io/reddit/comment/search/?ids=erzefqw
2019-06-25,r/SocialistRA,"If it’s a question of an AR10 vs an AR15 as your only rifle, the AR15 is a better all purpose rifle. More standardized, cheaper and more readily accessible magazines and ammunition, and in a SHTF scenario you can carry significantly more ammunition before the weight penalty becomes excessive. Also tend to be lighter and more handy.

The other posters have brought up all the pros/cons. I have several 7.62x51 guns, and while they definitely pack more of a punch, my go to rifle is still an AR15. Shot placement is still the thing that matters most, and it’s a lot cheaper to shoot 5.56 enough to get proficient. AR10’s certainly have a role in longer range shooting, but that’s a bit more niche and should be a secondary skill to using a general purpose carbine. 

If it’s hunting you’re primarily thinking of, a good 7.62 bolt gun is easy and cheap to find, and would be an excellent addition to an armory that already has an AR15 in it for more defensive purposes. 

Sub-16” 7.62 guns are cool and loud, but really wont be doing much more than a 5.56 gun can manage without the weight/ammunition issues.",https://undelete.pullpush.io/r/SocialistRA/comments/c59cdp/_/es12vrr/,https://api.pullpush.io/reddit/comment/search/?ids=es12vrr
2019-07-01,r/SocialistRA,"I’ve got an Aimpoint T1 on a Larue mount that I bought in 2009 and didn’t need to change the battery on until 2013. It was on my work rifle for a year long infantry deployment to Afghanistan in 2010-2011 where it fell out of trucks, got tossed over walls, and generally had the shit beat out of it. Never got turned off, never died, and never lost zero. A good RDS is about as reliable as irons these days (not to say you shouldn’t have BUIS on the gun as a redundancy). 

EOTechs have had some problems, I’ve got a 553 that I love but it will occasionally die when the battery connectors shorten from recoil. But the XPS models fixed that, and they seem to hold up quite well to abuse. I myself prefer the simplicity of a single dot, but appreciate the pro’s to the 65 MOA ring and 2 MOA dot.

But when you start shooting on a timer, or need to engage further targets (and ID them), a good RDS is light years ahead of irons.

A reliable variable power optic with 1-6 or 1-8 magnification is another excellent option, but does come with a significant weight and price penalty.",https://undelete.pullpush.io/r/SocialistRA/comments/c7ka51/_/esgapsn/,https://api.pullpush.io/reddit/comment/search/?ids=esgapsn
2019-07-02,r/SocialistRA,"That’s a good looking basic rifle. I’ve used BCM Gunfighter charging handles for years and have nothing but good luck, although I know these days there are tons of other options.",https://undelete.pullpush.io/r/SocialistRA/comments/c81xea/_/esjg45i/,https://api.pullpush.io/reddit/comment/search/?ids=esjg45i
2019-07-12,r/Military,Street value.,https://undelete.pullpush.io/r/Military/comments/cc2ob4/_/etliod4/,https://api.pullpush.io/reddit/comment/search/?ids=etliod4
2019-07-13,r/SocialistRA,"Band of Brothers, especially episodes 2 and 3. No better representation of combat leadership exists in film IMHO, and it’s all about killing Nazis.",https://undelete.pullpush.io/r/SocialistRA/comments/cch9ai/_/etncp1n/,https://api.pullpush.io/reddit/comment/search/?ids=etncp1n
2019-07-14,r/SocialistRA,"Hey fellow Mainer! Glad to hear the SMDSA has a few members who shoot! Further downeast here, but it would be great to have a range meet up sometime.",https://undelete.pullpush.io/r/SocialistRA/comments/ccxves/_/etqx9xn/,https://api.pullpush.io/reddit/comment/search/?ids=etqx9xn
2019-07-16,r/Military,"SPIES is the only cool guy activity that is actually as cool as it looks. Everything else (jumping/FRIES/water insertions) have a bunch of things that suck about them, but SPIES is literally just fun as fuck.",https://undelete.pullpush.io/r/Military/comments/cdy9u6/_/etx3ed4/,https://api.pullpush.io/reddit/comment/search/?ids=etx3ed4
2019-07-18,r/Military,"Don’t try to talk to this one, he’s pulling the same schtick over on r/USMC. His post history shows he’s just a racist moron, so it’s unlikely you’ll make any headway.",https://undelete.pullpush.io/r/Military/comments/ceng5j/_/eu4z2jb/,https://api.pullpush.io/reddit/comment/search/?ids=eu4z2jb
2019-07-18,r/Military,"This whole thing has me chuckling. I’ve told the story on here before, but when I was a bartender on Capitol Hill, Duncan here would come in and get hammered and babble on and on about fucking women who weren’t his wife. Once he found out I was a combat infantry Marine, he just let the scumbag flag fly.

So it’s highly amusing to see all that infidelity he bragged about bring him down. 

And good on the Corps, the EGA has no place on xenophobic literature put out by this piece of shit.",https://undelete.pullpush.io/r/Military/comments/ceng5j/_/eu4zdhk/,https://api.pullpush.io/reddit/comment/search/?ids=eu4zdhk
2019-07-18,r/politics,"Meh, I always find this nitpicking pretty silly. I spent 4 years in the Corps, but then went to the Army. Was I a Marine when I was in the Army? I didn’t think so, I was a former Marine who was now a soldier. I was a Marine when I was on AD, now I’m just a former Marine. Ex-Marine might bother a small percentage of the Marine population, but since it’s never meant maliciously, who really cares.",https://undelete.pullpush.io/r/politics/comments/cetx3i/_/eu56lq8/,https://api.pullpush.io/reddit/comment/search/?ids=eu56lq8
2019-07-18,r/USMC,marine shouldn’t be capitalized. You’re just a soldier who works for the Navy.,https://undelete.pullpush.io/r/USMC/comments/cetchp/_/eu58feg/,https://api.pullpush.io/reddit/comment/search/?ids=eu58feg
2019-07-18,r/politics,"Forearm tattoos. Got out, went to college, got bored, tried to re-enlist but my fore arm tattoos I’d gotten when I was in the Corps hadn’t been put into my SRB after the MARADMIN had come out in 2007. I could have probably fought it and figured out a waiver, but it put a bad taste in my mouth (I was a 4 year infantry sergeant with 3 tours and they weren’t gonna let me back in because of the USMC emblem on my forearm? Fuck that).

Went down to talk the Army, they didn’t give a shit about tattoos and I ended up going to an excellent unit. Thoroughly enjoyed my time in the Army, although the Corps is certainly a better warfighting organization as a whole.",https://undelete.pullpush.io/r/politics/comments/cetx3i/_/eu5spc4/,https://api.pullpush.io/reddit/comment/search/?ids=eu5spc4
2019-07-19,r/CombatFootage,"[https://www.youtube.com/watch?v=X1vsOplqr3U](https://www.youtube.com/watch?v=X1vsOplqr3U)

&amp;#x200B;

That's Kilo 4's little post deployment moto video, mostly Gov Center stuff. Let me look through my old laptop and see if I've still got anything.

&amp;#x200B;

 [https://www.youtube.com/watch?v=37CGj0G5InY](https://www.youtube.com/watch?v=37CGj0G5InY) 

&amp;#x200B;

That's one of a big Gov Center fight when we called in air and GMLRS.",https://undelete.pullpush.io/r/CombatFootage/comments/cf8dkw/_/eu89ch9/,https://api.pullpush.io/reddit/comment/search/?ids=eu89ch9
2019-07-19,r/CombatFootage,"Yeah, we had a ton of M79s. Awesome little weapons.",https://undelete.pullpush.io/r/CombatFootage/comments/cf8dkw/_/eu8h5qo/,https://api.pullpush.io/reddit/comment/search/?ids=eu8h5qo
2019-07-19,r/USMC,There’s a Sabaton history channel?! My life is complete.,https://undelete.pullpush.io/r/USMC/comments/cfah4w/_/eu91ic4/,https://api.pullpush.io/reddit/comment/search/?ids=eu91ic4
2019-07-19,r/USMC,Pretty sure Sabaton adds 50# to my squat.,https://undelete.pullpush.io/r/USMC/comments/cfah4w/_/eu91kpl/,https://api.pullpush.io/reddit/comment/search/?ids=eu91kpl
2019-07-23,r/Military,"Honestly, the story of O’Bannon and his small detachment of Marines is badass BECAUSE it was only a handful of dudes. Doesn’t ruin a thing, makes it more hardcore.",https://undelete.pullpush.io/r/Military/comments/cgfvmc/_/euk7aif/,https://api.pullpush.io/reddit/comment/search/?ids=euk7aif
2019-07-23,r/SocialistRA,"Maine is a semi tough nut to crack on this front, up my way there is a significant population of gun owning leftists but due to the demographics here almost everyone is white. But exposure is your friend, getting qualified instructors who are very welcoming and inclusive can do wonders to making folks feel comfortable. 

But is is difficult to break the assumption of white gun owners as generally reactionary right-wingers, which can be really drive marginalized groups away from something they are otherwise interested in.

If ya’ll would be interested, I’d love to take a trip south to do some free instruction, I’m a former infantryman and security contractor with several years of firearm instructor experience.",https://undelete.pullpush.io/r/SocialistRA/comments/cgtmyd/_/eumsggx/,https://api.pullpush.io/reddit/comment/search/?ids=eumsggx
2019-07-25,r/USMC,"Sounds like you’re a little bitter about not getting to go to RASP and being stuck in Division. 

Whatever you need to do to justify it to yourself, but Batt has some amazing training, a cool mission set, and is generally full of good soldiers. Maybe retake that ASVAB instead of rambling on the internet about how Recon is better.",https://undelete.pullpush.io/r/USMC/comments/chmuno/_/euvhkuc/,https://api.pullpush.io/reddit/comment/search/?ids=euvhkuc
2019-07-25,r/USMC,"It depends. I left the Corps for the Army, and frankly it was an excellent choice. The Corps can be a great place to start out, but not necessarily to have a career especially if you want to stay operational (this was before MARSOC got its shit together). There are units in the Army, Ranger Batt being one of them, where you can have fantastic opportunities and stay on the cutting edge for a long time. Hell, in SF you can effectively stay on an ODA your whole career if you don’t piss everyone off or suck hard at your job.

Simply stated, the Army has some excellent units with lots of opportunities, and much of what a man brings to the table as a Marine can make him an excellent soldier.",https://undelete.pullpush.io/r/USMC/comments/chmuno/_/euwsy84/,https://api.pullpush.io/reddit/comment/search/?ids=euwsy84
2019-07-25,r/USMC,"If you think Ranger Batt has had a “walk on part” in the war vs the Marine Corps these last few years, I’d say you don’t pay attention to how this nation has been conducting violence.",https://undelete.pullpush.io/r/USMC/comments/chmuno/_/euwudy0/,https://api.pullpush.io/reddit/comment/search/?ids=euwudy0
2019-07-25,r/USMC,"Looks like somebody took their dumb juice today. It’s staying, I’m extremely proud of my service in the Corps, Fallujah and Ramadi are where I cut my teeth.",https://undelete.pullpush.io/r/USMC/comments/chmuno/_/euwuy4v/,https://api.pullpush.io/reddit/comment/search/?ids=euwuy4v
2019-07-25,r/USMC,"The fuck? 3/8 Kilo from 2004-2008. Please, enlighten us with your stellar record of combat service.",https://undelete.pullpush.io/r/USMC/comments/chmuno/_/euwvsv6/,https://api.pullpush.io/reddit/comment/search/?ids=euwvsv6
2019-07-25,r/USMC,"You clearly don’t, and might have a slight learning disability from the sounds of it. 

3/8 Kilo, made Sergeant in 4 and spent my last year as the Kilo MG section leader. Got out for college, got bored, went to re-enlist but when the MARADMIN for sleeve tats came out in 2007 while we were on ship our brilliant S1 (staffed by Marines of similar mental acuity as yourself) forgot to submit the Page 11 photos for those of us getting grandfathered in. 

Could have fought for a waiver, but it pissed me off a bit. Went to the Army office, they didn’t give a shit about forearm sleeves, and spent my Army time in LRS and then Group. Served with some excellent soldiers and units in the Army, and realized that there are pockets of the Army that are hands down fantastic warfighters. 

My guess is you’re a little slow, and you weren’t a very good Marine, so your new hobby is typing like a tween girl on the internet. I wish you luck in this new endeavor of yours.",https://undelete.pullpush.io/r/USMC/comments/chmuno/_/euwyyny/,https://api.pullpush.io/reddit/comment/search/?ids=euwyyny
2019-07-25,r/Maine,Says the woman who gets the vast majority of her campaign money from said dark money groups. Fuck off Susan.,https://undelete.pullpush.io/r/Maine/comments/cht1sd/_/euxebg1/,https://api.pullpush.io/reddit/comment/search/?ids=euxebg1
2019-07-27,r/longrange,Could always buy a pre-owned one. I’ve got an SRS-A1 in 6.5 Creed I’ve been looking at getting rid of.,https://undelete.pullpush.io/r/longrange/comments/cicnpw/_/ev5a5yf/,https://api.pullpush.io/reddit/comment/search/?ids=ev5a5yf
2019-07-27,r/Maine,"We just want a white ethno-state in northern New England and want to get rid of brown people. How dare you call us racists!

Seriously, fuck these people. I get a kick out of the two Republican legislators who got caught being members.",https://undelete.pullpush.io/r/Maine/comments/cigoqi/_/ev5d3f1/,https://api.pullpush.io/reddit/comment/search/?ids=ev5d3f1
2019-07-27,r/longrange,"Ah, good point. No idea how that works for you guys.",https://undelete.pullpush.io/r/longrange/comments/cicnpw/_/ev5ka2v/,https://api.pullpush.io/reddit/comment/search/?ids=ev5ka2v
2019-07-27,r/Maine,"How were the bugs? A few weeks ago it was insane, and I’m pretty used to the bugs after this summer.",https://undelete.pullpush.io/r/Maine/comments/cicw8p/_/ev5nsui/,https://api.pullpush.io/reddit/comment/search/?ids=ev5nsui
2019-07-30,r/Maine,"At Parris Island one of my DI’s was from Maine. When he found out I was as well, he’d make me sing that goddamn song in front of the platoon. I hate it now.",https://undelete.pullpush.io/r/Maine/comments/cjm73z/_/evh4j52/,https://api.pullpush.io/reddit/comment/search/?ids=evh4j52
2019-08-07,r/Maine,"*looks at Gazetteer*

But Lincolnville IS southern Maine...

Just kidding around, Cellar Door is an awesome little spot.",https://undelete.pullpush.io/r/Maine/comments/cn6nwp/_/ew7pryc/,https://api.pullpush.io/reddit/comment/search/?ids=ew7pryc
2019-08-11,r/Maine,"But we are still doing business with China, just with the Canadians acting as the middleman and pocketing profits. It’s not like Maine lobster isn’t making it to China, it’s just happening in a way that disadvantages Maine sellers.",https://undelete.pullpush.io/r/Maine/comments/covlyn/_/ewlrdzr/,https://api.pullpush.io/reddit/comment/search/?ids=ewlrdzr
2019-08-14,r/HistoryPorn,Ron Haviv was one hell of a photographer. The photo essay of when he accompanied Arkans Tigers (the guys in this picture) is chilling.,https://undelete.pullpush.io/r/HistoryPorn/comments/cq4wd5/_/ewvopqm/,https://api.pullpush.io/reddit/comment/search/?ids=ewvopqm
2019-08-15,r/Maine,"Out of curiosity, what exact thing did everyone in District 2 decide not to change that would have stopped the demographic shift and employment problem?",https://undelete.pullpush.io/r/Maine/comments/cqp8fy/_/ewy70q5/,https://api.pullpush.io/reddit/comment/search/?ids=ewy70q5
2019-08-15,r/Maine,"Really? That was the one thing that set Maine down this path? Ironically, one of the towns in that article is Harpswell, which is definitely not in D2. 

We’ve got high speed internet in eastern Hancock county where I am, and from what I’m seeing it’s not attracting more people to work on lobster boats or become nurses. The challenges to Maine’s demographic shift are a little more complicated than blaming D2 for not signing on to an internet plan a quarter century ago.",https://undelete.pullpush.io/r/Maine/comments/cqp8fy/_/ewy98lg/,https://api.pullpush.io/reddit/comment/search/?ids=ewy98lg
2019-08-15,r/Maine,"What is this other magical economy that was supposed to materialize in rural Maine? I hear this over and over again, but never the details of this industry that Maine was just on the cusp of creating but chose not to. Lobster is still a major industry in Maine where the demand for workers far outstrips the supply. I’m not sure what benefit Maine would have gotten from “moving on” from it these last 20 years.

Amusingly, here in Hancock county we have Jackson Lab, which is in fact doing the exact thing folks are accusing District 2 of not doing. But the labs choice to be here is more nuanced than “internet”, and it’s unlikely it would have grown its presence in this area any earlier than it has.

The flight of young people from rural areas isn’t just a Maine problem, it’s a societal trend tied to education, employment, and social standing. High speed internet is unlikely to attract tech firms to Madawaska, no matter what people seem to think.",https://undelete.pullpush.io/r/Maine/comments/cqp8fy/_/ewyg778/,https://api.pullpush.io/reddit/comment/search/?ids=ewyg778
2019-08-15,r/Maine,"Then explain Harpswell. Close to Portland, plenty of connectivity, still suffering from the same issues that plague even more rural areas.

My point is that it’s unlikely this would have turned out any other way. High speed internet wasn’t going to result in young tech companies moving to Millinocket. The mills and lumber industry weren’t going to be replaced with some magical new economy that would somehow buck all the national trends and attract educated youth to remote rural areas. Fishing becoming less of an attractive career path to young people headed to college is similar to young folks who grew up on farms leaving. 

It’s a nuanced issue with lots of factors, blaming everyone in District 2 for something that is happening nationwide is just ignorant and arrogant.",https://undelete.pullpush.io/r/Maine/comments/cqp8fy/_/ewyoh9o/,https://api.pullpush.io/reddit/comment/search/?ids=ewyoh9o
2019-08-15,r/Maine,"Oh, on this we are in full agreement. The expansion of internet services to rural communities today is a necessity, and with the trend of remote working can actually help attract people who may want to live outside of urban centers while still maintaining their jobs.

My point was that blaming all of D2 for not signing on to a 1994 internet plan as the reason for all of Maine’s demographic and employment woes is utterly ridiculous.",https://undelete.pullpush.io/r/Maine/comments/cqp8fy/_/ewyrck9/,https://api.pullpush.io/reddit/comment/search/?ids=ewyrck9
2019-08-15,r/Maine,"R/Maine really does enjoy hating the part of the state that makes Maine, well, Maine.",https://undelete.pullpush.io/r/Maine/comments/cqp8fy/_/ewysi8t/,https://api.pullpush.io/reddit/comment/search/?ids=ewysi8t
2019-08-15,r/Maine,"Ah yes, the venerable call center. My first job out of high school was working at Microdyne (I think, it was some vapid sounding tech named place in Orono). Nothing like low skilled, low paying jobs that disappeared within a decade anyways to really drag Maine into the modern global economy.

Sadly, I just don’t see any sort of industrial economy (green or otherwise) returning to northern inland Maine any time soon. We forget that most of those towns only exist because of the lumber industry, and with that now gone and never returning it is difficult to see where they go from here. The outdoor recreation economy is definitely buoying the region, but people talk as if there is some major source of income that Maine just willingly missed out on up there. And I just don’t see it.",https://undelete.pullpush.io/r/Maine/comments/cqp8fy/_/ewz0tj6/,https://api.pullpush.io/reddit/comment/search/?ids=ewz0tj6
2019-08-15,r/Maine,"Despite the article and the general negativity in this thread, I’m actually pretty optimistic about this part of Maine. I’m 34 and moved back here, and am regularly meeting young people who have either moved back or have come here because they have been able to work remotely and wanted to live here. Plus Jackson Lab has been an excellent draw bringing young professionals with money to spend into our local economy.

My point was the challenges laid out in the article (specifically healthcare employee numbers and fishing) weren’t avoidable had CD2 only piggy backed 90’s internet to a pipeline from Searsport to Limestone. Those are the result of serious demographic and cultural shifts that drove a lot of young educated people (myself included) away from the state. Further inland, away from the beauty of MDI and the ocean, it is even less likely that internet connection will stem the tied of an aging population and not enough bodies around to care for them.",https://undelete.pullpush.io/r/Maine/comments/cqp8fy/_/ewz2khz/,https://api.pullpush.io/reddit/comment/search/?ids=ewz2khz
2019-08-15,r/Maine,"Hell, I know plenty of lobstermen who are always looking for reliable sternmen who show up sober. That’s not a job that pays peanuts by any means, and the demand for good employees is through the roof. Almost every single restaurant in Hancock county is short staffed and starting around 13 an hour (for inexperienced people). There is certainly no shortage of paying work here in the summer months, but it is the winter where things get hard.",https://undelete.pullpush.io/r/Maine/comments/cqp8fy/_/ewz5kq3/,https://api.pullpush.io/reddit/comment/search/?ids=ewz5kq3
2019-08-15,r/Maine,"The part with Katahdin, Acadia National Park, the Great North Woods, the Allagash River, Gulf Hagas, Moosehead Lake, all the ski resorts, and 80% of the states land mass. I’m not bad mouthing southern Maine, I love Portland and mid-coast very much, but there is always a significant amount of CD2 trashing around here. Hard not to find that amusing considering it represents much of what everyone thinks of when they think of Maine.",https://undelete.pullpush.io/r/Maine/comments/cqp8fy/_/ewz8ln1/,https://api.pullpush.io/reddit/comment/search/?ids=ewz8ln1
2019-08-15,r/Maine,"I...I never said they weren’t. Southern Maine is as much of Maine as northern Maine, since, well, they’re both in Maine. But with 80% of the land and most of the wilderness and famous landmarks, I’m just saying I find some of the general disdain for the northern part of the state rather ironic, since that’s kind of one of the things people love about Maine.

And our experiences obviously vary, this isn’t the first thread where I’ve had to take issue with “hurr durr all stupid yokels in District 2 are destroying Maine” comments.",https://undelete.pullpush.io/r/Maine/comments/cqp8fy/_/ewzbmxc/,https://api.pullpush.io/reddit/comment/search/?ids=ewzbmxc
2019-08-15,r/Maine,"Well, I suppose that yes, without 80% of the state and any of the major state and national parks, Maine would in fact not be Maine. I guess I do privilege CD2 over CD1 (although that’s also why I chose to live here).

As for my defense of CD2, I just don’t see much value in the general trashing of everyone who lives north and east of Augusta. Do we have some backwards thinking in the rural north? Sure, but we’ve also got the liberal bastions of Belfast and MDI.  We managed to unseat an incumbent Republican congressman with a young progressive candidate. In my area there is an influx of young folks moving back or choosing to live here for lifestyle reasons, and it’s moving the needle in the right direction.

Maybe I’m just proud of my home and where I’ve chosen to make a life, but it bothers the hell out of me when folks from southern Maine talk about everyone in D2 as if we’re all a bunch of uneducated hicks dragging the state backwards. Gets in the way of creating bonds between the two sections of our great state that need to be strengthened for us to tackle these demographic challenges while protecting our environment and traditions.",https://undelete.pullpush.io/r/Maine/comments/cqp8fy/_/ewzfrpx/,https://api.pullpush.io/reddit/comment/search/?ids=ewzfrpx
2019-08-15,r/Maine,"Pretty much.  The demographic shifts there stem more from wealthy summer home owners and retirees pricing out the locals. Which kind of proves my point that these demographic shifts are complicated and the result of many different factors, not just that the people of northern Maine made this happen by turning down an internet plan in 1994.",https://undelete.pullpush.io/r/Maine/comments/cqp8fy/_/ewzhk0m/,https://api.pullpush.io/reddit/comment/search/?ids=ewzhk0m
2019-08-15,r/Maine,You won’t find me arguing with that at all.,https://undelete.pullpush.io/r/Maine/comments/cqp8fy/_/ewzho36/,https://api.pullpush.io/reddit/comment/search/?ids=ewzho36
2019-08-15,r/Maine,"Just to be clear, “This is what CD2 wanted. No change. Ever” is the comment that got me engaged in this thread. Wouldn’t exactly call that a “specific criticism”.",https://undelete.pullpush.io/r/Maine/comments/cqp8fy/_/ewzkt2j/,https://api.pullpush.io/reddit/comment/search/?ids=ewzkt2j
2019-08-16,r/SocialistRA,You’re right. The anti-war element of Vietnam vets who returned home to speak out effectively against the war should really have been ignored and not utilized at all to bring the horrific reality of the war into the public discourse. Neither should a self styled “rifle association” affiliate itself with people who have technical experience with small unit tactics and combat. Veterans should be shunned and ignored in all forms even if their experiences help the cause in both public opinion or technical experience.,https://undelete.pullpush.io/r/SocialistRA/comments/cqysdi/_/ex15ve0/,https://api.pullpush.io/reddit/comment/search/?ids=ex15ve0
2019-08-16,r/leftistveterans,"Yut yut rah. O331, 04-08. Glad to see there are others.",https://undelete.pullpush.io/r/leftistveterans/comments/cqscvn/_/ex28kav/,https://api.pullpush.io/reddit/comment/search/?ids=ex28kav
2019-08-16,r/SocialistRA,"50/200 is an excellent multi-purpose zero for an RDS, your holds from muzzle distance out to almost 300 are minor.",https://undelete.pullpush.io/r/SocialistRA/comments/cr7prb/_/ex2imiz/,https://api.pullpush.io/reddit/comment/search/?ids=ex2imiz
2019-08-16,r/SocialistRA,"If you zero about 1.2 inches low at 25, you should be on at 50. This is with M855 ball, there are some minor variations between ammunition.",https://undelete.pullpush.io/r/SocialistRA/comments/cr7prb/_/ex2s6in/,https://api.pullpush.io/reddit/comment/search/?ids=ex2s6in
2019-08-17,r/CombatFootage,"Juba! Hadn’t thought about that fella in a long time (although it’s more likely it wasn’t one guy, just a persona the insurgency used to add a narrative to the shooting). He was all the rage back  in 04-06, I was a machine gunner who spent a lot my time in a turret and these videos always had me feeling a bit uneasy. Good shooting and good propaganda, folks forget that the glossy editing of modern jihadi videos wasn’t always the norm. I remember seeing this compilation when we found it being sold in a market outside Fallujah with some beheading DVD’s.",https://undelete.pullpush.io/r/CombatFootage/comments/crk3ip/_/ex7otdj/,https://api.pullpush.io/reddit/comment/search/?ids=ex7otdj
2019-08-20,r/USMC,Yut.,https://undelete.pullpush.io/r/USMC/comments/csqqyf/_/exh95np/,https://api.pullpush.io/reddit/comment/search/?ids=exh95np
2019-08-20,r/todayilearned,"If that’s not metal, nothing is.",https://undelete.pullpush.io/r/todayilearned/comments/csx8n8/_/exhek44/,https://api.pullpush.io/reddit/comment/search/?ids=exhek44
2019-08-29,r/USMC,"Seychelles. Place was just insanely gorgeous, felt like the Caribbean but with a distinctly African vibe. I’d go back if I could afford the plane ticket.",https://undelete.pullpush.io/r/USMC/comments/cx1j56/_/eyhr0zk/,https://api.pullpush.io/reddit/comment/search/?ids=eyhr0zk
2019-09-01,r/ar15,You mean FN and Colt?,https://undelete.pullpush.io/r/ar15/comments/cy6e6n/_/eyqvafk/,https://api.pullpush.io/reddit/comment/search/?ids=eyqvafk
2019-09-01,r/seashanties,"I didn’t realize how much I needed this in
Life. Listened to it all day.",https://undelete.pullpush.io/r/seashanties/comments/cy4bh3/_/eyro5ua/,https://api.pullpush.io/reddit/comment/search/?ids=eyro5ua
2019-09-04,r/SubredditDrama,Machinegunner here. They taste great.,https://undelete.pullpush.io/r/SubredditDrama/comments/czbm04/_/eyz3bik/,https://api.pullpush.io/reddit/comment/search/?ids=eyz3bik
2019-09-06,r/Maine,Sealight?,https://undelete.pullpush.io/r/Maine/comments/d07yqu/_/eza3gf0/,https://api.pullpush.io/reddit/comment/search/?ids=eza3gf0
2019-09-06,r/Maine,Was working on my boat today when I got the NOAA alert that my area was under a tropical storm warning. Made me chuckle a little.,https://undelete.pullpush.io/r/Maine/comments/d0k7vk/_/ezas7iw/,https://api.pullpush.io/reddit/comment/search/?ids=ezas7iw
2019-09-07,r/SocialistRA,"Get a stripped lower, throw is some decent components like an ALG trigger and a stock you enjoy, and spend the rest on an assembled upper from BCM/Daniel Defense/Colt/whatever the current market recommends in a configuration you prefer. If you’ve got tools and some mechanical acumen, you can also assemble an upper as well after watching a few YouTube videos, but for a first gun I’d recommend a factory built upper. You can experiment with your follow on builds.",https://undelete.pullpush.io/r/SocialistRA/comments/d0ngqk/_/ezb9wr7/,https://api.pullpush.io/reddit/comment/search/?ids=ezb9wr7
2019-09-11,r/liberalgunowners,"Worked with the Legion closely in Afghan, we did a lot of shooting together. The FAMAS sucks compared to any AR pattern carbine. Bulky, shitty trigger (better than most bullpups but still shitty), obnoxious height over bore issues when you use an optic. The manual of arms was a pain in the dick, but that’s just because we were used to non-bullpup designs. 

The Legionnaires were decent with “Le Clairon”, but most expressed they’d prefer an AR style rifle. A wish that was recently granted when France started to phase in 416’s to replace to FAMAS.

Things are heavy, bulky, and don’t do anything better than an M4. I don’t know why anyone would use one voluntarily.",https://undelete.pullpush.io/r/liberalgunowners/comments/d2qsa0/_/ezwkvux/,https://api.pullpush.io/reddit/comment/search/?ids=ezwkvux
2019-09-11,r/Military,Of course it fucking is.,https://undelete.pullpush.io/r/Military/comments/d2nvb9/_/ezwlo09/,https://api.pullpush.io/reddit/comment/search/?ids=ezwlo09
2019-09-11,r/politics,Shouldn’t have been there in the first place.,https://undelete.pullpush.io/r/politics/comments/d2donw/_/ezwoxkk/,https://api.pullpush.io/reddit/comment/search/?ids=ezwoxkk
2019-09-12,r/CombatFootage,"It’s so goddamn weird seeing this. This is 4th Platoon, Kilo Co 3/8. I was an 0331 (machinegunner) in 4th, I’m behind a 240 in the rear gun truck in this video. 

Our Platoon Commander Jeff Hsu had called out the gun trucks to escort the dismounted patrol as they returned to the Gov Center that day, civilians had been disappearing off the streets and it was pretty clear the dismounted squads were going to get hit. 

We rolled out to an intersection just a few blocks to the east of the Gov Center to link up and roll back, and with only a few routes available to return it was pretty easy to lay an ambush. 

What you can’t really tell in the video is how close we are to the Gov Center when the ambush came, literally just a block away. Fighting in dense urban areas is a bitch, and it’s amazing how close you can be to supporting units that can’t really do anything for you.

They initiated with a shot to Tussey’s thigh, likely trying to bypass his armor and get a femoral hit. Luckily it missed the important stuff, but when he went down they opened up on us. It was a terrifying little fight, I was in the turret pumping bursts into windows just waiting for the lights to go out. It’s a little disconcerting being the guy on top of the truck when rounds are snapping by and impacting the turret armor. 

The dismounts and Corpsmen did a solid job of getting him in a truck quickly while the MG’s and other dismounted Marines engaged. Lara Logan, her producer, and some Time magazine photogs were there doing their thing and generally staying out of the way. At one point her producer had strayed below my gun and I had to give him a polite reminder that he might want to move since I was engaging dudes just on the other side of the wall. 

Once Tussey was in a truck, we hauled ass to Camp Ramadi to get him to Charlie Med while the dismounted squads beat feet back to the Gov Center. When you’re on a Casevac run you get to drive like mad when you get on base, which is epically satisfying considering there were silly speed limits us grunts always got in trouble for ignoring. But when there’s a bleeding Marine in the back seat, those rules go out the window.

We dropped him off at Charlie Med, parked in the parking lot to clean the blood and spent brass out of the trucks (to the obvious horror of all the Fobbits walking by), and then made a quick PX run for smokes and Doritos. 

Hell of a day, seeing it pop up now and again is a little surreal.",https://undelete.pullpush.io/r/CombatFootage/comments/d39t7a/_/f01efl7/,https://api.pullpush.io/reddit/comment/search/?ids=f01efl7
2019-09-12,r/CombatFootage,"Hey, tell him P-Hustle says what’s up, I’m glad to hear the tradition of making jokes about him getting shot has carried into the civilian world.",https://undelete.pullpush.io/r/CombatFootage/comments/d39t7a/_/f01elii/,https://api.pullpush.io/reddit/comment/search/?ids=f01elii
2019-09-12,r/CombatFootage,"Phasing out 0331’s? That’s the first I’m hearing of it, and I stay pretty on top of current infantry doctrine. I’d be incredibly surprised, the USMC machinegun capability is one of the best in the world and the Corps is rightfully very proud of it.

Plus, they’ve been “phasing out” 0351’s since I was in, and those weird little bastards are still floating around.",https://undelete.pullpush.io/r/CombatFootage/comments/d39t7a/_/f01h3ue/,https://api.pullpush.io/reddit/comment/search/?ids=f01h3ue
2019-09-12,r/CombatFootage,"We did have some IP’s living at the Gov Center for a bit, but after a bunch got their heads cut off the rest quit. They weren’t on Jamsheed’s level anyways.",https://undelete.pullpush.io/r/CombatFootage/comments/d39t7a/_/f01nhcu/,https://api.pullpush.io/reddit/comment/search/?ids=f01nhcu
2019-09-12,r/CombatFootage,"We did have some IP’s living at the Gov Center for a bit, but after a bunch got their heads cut off the rest quit. They weren’t on Jamsheed’s level anyways.",https://undelete.pullpush.io/r/CombatFootage/comments/d39t7a/_/f01nhcu/,https://api.pullpush.io/reddit/comment/search/?ids=f01nhcu
2019-09-12,r/CombatFootage,"Ah, the old SAW vs IAR debate. Makes sense.",https://undelete.pullpush.io/r/CombatFootage/comments/d39t7a/_/f01o8hj/,https://api.pullpush.io/reddit/comment/search/?ids=f01o8hj
2019-09-12,r/CombatFootage,"4 in the Corps (2004-2008) with 3/8, 4 in the Army (2009-2013) with 1-158 C Co LRS, 1-113 C Co, and 19th Group with 4 total combat deployments.

Kilo 3/8 used Abu Ghraib as a patrol base from January-mid spring 2005 before we split our time between Camp India in Nasser Wa Salaam and ITC at Camp Fallujah. We deployed to Ramadi March-October 2006.

I was 19 when I enlisted in 2004. And for the record, POG is just a re-spelling of Pogue which is an old Filipino word picked up by Marines serving in the Pacific in the early 20th Century. I prefer the original version, but I use both spellings.

I’ve got no reason to make anything up, I had a pretty eventful few years in the infantry.",https://undelete.pullpush.io/r/CombatFootage/comments/d39t7a/_/f01qjmd/,https://api.pullpush.io/reddit/comment/search/?ids=f01qjmd
2019-09-12,r/CombatFootage,"No, that’s my boy H on the .50. We actually put him in for a NAM w/V for this fight, but in general Marine Corps fashion it got turned down because “he was just doing his job”.  

But the dude was a stud and deserved it for keeping the .50 going with rounds hitting the truck. And he was an 0311 by trade, got augmented over to MG’s and became one of the better machinegunners in the company.

You can see Buck run past my truck at around the :25 second mark, my gun was oriented down the street in the direction the patrol had come from.",https://undelete.pullpush.io/r/CombatFootage/comments/d39t7a/_/f01w6fy/,https://api.pullpush.io/reddit/comment/search/?ids=f01w6fy
2019-09-12,r/CombatFootage,"Only took about 20 years haha. Kind of a shame, I did think 51’s had a great skillset that deserves its own MOS, but nobody ever really knew how to employ them properly.",https://undelete.pullpush.io/r/CombatFootage/comments/d39t7a/_/f02358x/,https://api.pullpush.io/reddit/comment/search/?ids=f02358x
2019-09-12,r/CombatFootage,"When Tussey got hit, we had no idea where it had come from. So taking cover can be a bit of a hard task in a canalized street like that, if you post up on the opposite side of the street from where the attackers are and they happen to be above you, you’re just a stationary target who thinks he’s safe.

So the initial actions were the gun trucks and dismounted Marines suppressing pretty much everything we could see until Tussey could get moved into a vehicle. I remember just going window to window with bursts, max range of those buildings was about 50 yards for some of the set back ones, so there was a serious sense of urgency in gaining fire superiority.

The Marines on the street were actually fairly safe all things considered, the high walls to the north blocked most of the view of street level and the gun trucks kept up suppression on the higher floors once we realized the attack had come primarily from the north side.

But yeah, it was chaotic. It’s hard to find good cover when you aren’t even sure which direction you’re receiving fire from.",https://undelete.pullpush.io/r/CombatFootage/comments/d39t7a/_/f02658u/,https://api.pullpush.io/reddit/comment/search/?ids=f02658u
2019-09-12,r/CombatFootage,"Semper Fi my dude, how’s the MG section doing these days?",https://undelete.pullpush.io/r/CombatFootage/comments/d39t7a/_/f026hk9/,https://api.pullpush.io/reddit/comment/search/?ids=f026hk9
2019-09-12,r/CombatFootage,Crazy place. Hope you’re doing well brother.,https://undelete.pullpush.io/r/CombatFootage/comments/d39t7a/_/f028ri2/,https://api.pullpush.io/reddit/comment/search/?ids=f028ri2
2019-09-12,r/CombatFootage,I guess some things never change. We actually had to bring in a bunch of 11’s and train them up as 31’s just to fill out the gun teams (and that was without filling most of the ammo bearer slots).,https://undelete.pullpush.io/r/CombatFootage/comments/d39t7a/_/f02a00z/,https://api.pullpush.io/reddit/comment/search/?ids=f02a00z
2019-09-12,r/CombatFootage,"New Marine Corps, same as the Old 
Marine Corps.",https://undelete.pullpush.io/r/CombatFootage/comments/d39t7a/_/f02allu/,https://api.pullpush.io/reddit/comment/search/?ids=f02allu
2019-09-13,r/USMC,"Ramadi in ‘06 was quite the place. Tussey walked it off eventually, so this was a good day all things considered. Other days, not so much.",https://undelete.pullpush.io/r/USMC/comments/d3cgzh/_/f038sw8/,https://api.pullpush.io/reddit/comment/search/?ids=f038sw8
2019-09-13,r/CombatFootage,"I think it’s less in way of warning, and more “I’m getting the fuck out of here” when they see the boys with AK’s and RPG’s wandering around looking for the American patrol that just passed by.",https://undelete.pullpush.io/r/CombatFootage/comments/d39t7a/_/f04bjjp/,https://api.pullpush.io/reddit/comment/search/?ids=f04bjjp
2019-10-06,r/Maine,"And as per usual, she’ll do absolutely nothing about it.

Vote her out in 2020.",https://undelete.pullpush.io/r/Maine/comments/ddvx97/_/f2r1vwo/,https://api.pullpush.io/reddit/comment/search/?ids=f2r1vwo
2019-10-07,r/Maine,"Wait, if it’s warming water changing whale prey patterns that is resulting in shifts in migration, why are federal regulators still trying to ram the vertical line restrictions down the throats of Maine lobstermen?",https://undelete.pullpush.io/r/Maine/comments/de8la5/_/f2uh18y/,https://api.pullpush.io/reddit/comment/search/?ids=f2uh18y
2019-10-09,r/USMC,"He was also a bit of a blowhard for a while, I ran into him in DC at a couple events and he was always hammered adding in extra hardcore snippets to his MOH story (the amount of people he killed with his bare hands being a big one). Folks who didn’t know the story ate it all up.

Granted he was younger then and likely still riding the wave of publicity while also dealing with emotional issues, but it was always a little embarrassing to witness. Didn’t give me a warm and fuzzy about the guy.",https://undelete.pullpush.io/r/USMC/comments/dffdrz/_/f337rks/,https://api.pullpush.io/reddit/comment/search/?ids=f337rks
2019-10-12,r/SocialistRA,"I’m highly amused to hear people who can’t be bothered to buy a plane ticket to go help the Kurds calling for professional soldiers to take an act that would result in them being labeled deserters. 

If you think US soldiers should defect but are posting about it from your cushy life in the west, maybe it’s time to put some skin in the game.",https://undelete.pullpush.io/r/SocialistRA/comments/dgnzia/_/f3eiq90/,https://api.pullpush.io/reddit/comment/search/?ids=f3eiq90
2019-10-12,r/IAmA,"The dudette is a volunteer supporting Rojava. The fact you’re asking if she’s “unbiased” makes you a goddamned idiot.

Edited for gender/activity.",https://undelete.pullpush.io/r/IAmA/comments/dguq41/_/f3f6xkt/,https://api.pullpush.io/reddit/comment/search/?ids=f3f6xkt
2019-10-12,r/Military,"This sounds like it’s true, but in my experience it’s not. I’ve served with guys who are true pieces of shit in their personal lives, but extremely loyal and reliable professionally. 

Like most things in life, it ain’t so black and white.",https://undelete.pullpush.io/r/Military/comments/dgrbnu/_/f3f7ghj/,https://api.pullpush.io/reddit/comment/search/?ids=f3f7ghj
2019-10-12,r/IAmA,"Apologies, I commented before watching the interview. But you’re an international volunteer supporting Rojava (a cause I wholeheartedly agree with), for someone to cast doubt on your post by asking if you’re unbiased is ridiculous.",https://undelete.pullpush.io/r/IAmA/comments/dguq41/_/f3faztn/,https://api.pullpush.io/reddit/comment/search/?ids=f3faztn
2019-10-13,r/SocialistRA,"Disgusting. Just a trigger happy prick who was looking for an excuse.

If having a bedside firearm in your own home is enough for the police to murder you, a lot of Americans should be concerned for their own safety.",https://undelete.pullpush.io/r/SocialistRA/comments/dh7qtd/_/f3kn3jd/,https://api.pullpush.io/reddit/comment/search/?ids=f3kn3jd
2019-10-13,r/Firearms,"If having a firearm by your bed in your own home is now grounds for execution by the police, a lot of Americans better get concerned.",https://undelete.pullpush.io/r/Firearms/comments/dha11y/_/f3l9s12/,https://api.pullpush.io/reddit/comment/search/?ids=f3l9s12
2019-10-15,r/Maine,"Maine Military has a great indoor range, Hamden Rifle and Pistol Club requires a membership but has excellent outdoor ranges, and there’s a skeet/trap club in Hermon that has quite the set up.",https://undelete.pullpush.io/r/Maine/comments/dhz63c/_/f3tpu5e/,https://api.pullpush.io/reddit/comment/search/?ids=f3tpu5e
2019-10-16,r/Military,I’m pretty fuckin’ proud of our boys right now.,https://undelete.pullpush.io/r/Military/comments/didljf/_/f3w5e44/,https://api.pullpush.io/reddit/comment/search/?ids=f3w5e44
2019-10-16,r/USMC,On the same day he says the Kurds are actually more of threat than ISIS. Donnie’s really going for it. Fucking cunt.,https://undelete.pullpush.io/r/USMC/comments/dixgm5/_/f3zgifj/,https://api.pullpush.io/reddit/comment/search/?ids=f3zgifj
2019-10-17,r/Maine,"It’s rowdy here on the coast by MDI, if you don’t have to drive I’d stay in this morning.",https://undelete.pullpush.io/r/Maine/comments/dj3hcf/_/f40ytiz/,https://api.pullpush.io/reddit/comment/search/?ids=f40ytiz
2019-10-23,r/Maine,"So much fun. I made it it the work song rows a few times this summer, it was such a blast.",https://undelete.pullpush.io/r/Maine/comments/dlq7zb/_/f4txgeu/,https://api.pullpush.io/reddit/comment/search/?ids=f4txgeu
2019-10-25,r/SocialistRA,"How this question still exists is beyond me. I love my bolt guns, but the idea that a Mosin has as much military efficacy as any reliable autoloader just boggles the mind.",https://undelete.pullpush.io/r/SocialistRA/comments/dmxrir/_/f56ldl3/,https://api.pullpush.io/reddit/comment/search/?ids=f56ldl3
2019-10-28,r/SocialistRA,"The state of AR10’s has improved significantly in the past few years as well as becoming quite affordable. Building out an AR10 from a stripped receiver isn’t that difficult, but there are plenty of decent factory options as well.

SCAR’s are good guns, but not remotely worth the money. The CZ Bren 2 is a similar rifle for about half the price (still quite expensive though). The Galil ACE in 308 is a handy rifle as well. All of these are good options, but much pricier than a budget AR10.

Older .308 guns like FALs and G3’s are still good rifles, but the designs have their limitations when it comes to accuracy, optic options, and ergonomics. With the current state of AR10 or more modern designs, they are more of a novelty than something I’d recommend as a primary weapon.",https://undelete.pullpush.io/r/SocialistRA/comments/dmxrir/_/f5lte99/,https://api.pullpush.io/reddit/comment/search/?ids=f5lte99
2019-10-28,r/SocialistRA,"In my experience, M1A’s are just nothing but problems. Pretty guns, cool history, but Springfield’s quality control has gotten pretty bad with them and the scouts are the most notorious for sucking. We also used M14’s overseas as DMR guns and they were also a nightmare (and never held zero). 

Aero Precision M5’s are good rifles, DPMS makes a better AR10 than an AR15 (but it’s still DPMS), Windham Weaponry, Savage MSR gets decent reviews. Smith and Wesson makes the M&amp;P 10 which I’ve read good things about.",https://undelete.pullpush.io/r/SocialistRA/comments/dmxrir/_/f5n45iw/,https://api.pullpush.io/reddit/comment/search/?ids=f5n45iw
2019-11-06,r/Military,You left out “lying piece of shit” in his list of accomplishments.,https://undelete.pullpush.io/r/Military/comments/dshkwu/_/f6pkacp/,https://api.pullpush.io/reddit/comment/search/?ids=f6pkacp
2019-11-06,r/USMC,"Uh, I definitely joined the infantry in 2004 to do just that and the same could be said for pretty much every infantryman I served with back then. You don’t become an 03 during wartime to miss out on the fighting....",https://undelete.pullpush.io/r/USMC/comments/dsezho/_/f6pmk3h/,https://api.pullpush.io/reddit/comment/search/?ids=f6pmk3h
2019-11-06,r/USMC,Guess it all depends on the timing. We got Fallujah and Ramadi instead of two UDP’s.,https://undelete.pullpush.io/r/USMC/comments/dsezho/_/f6q8ccg/,https://api.pullpush.io/reddit/comment/search/?ids=f6q8ccg
2019-11-06,r/USMC,"Well, we went to Ramadi about 6 months later, so we pretty much just trained for the next one. But there was a lot of old fashioned hazing going on for sure.",https://undelete.pullpush.io/r/USMC/comments/dsezho/_/f6qr6sa/,https://api.pullpush.io/reddit/comment/search/?ids=f6qr6sa
2019-11-07,r/SocialistRA,"AR10 in .308 would be the best bet. Avoid the M1A, they’re cool to look at but fall short in all other respects.",https://undelete.pullpush.io/r/SocialistRA/comments/dt13ae/_/f6uhiw9/,https://api.pullpush.io/reddit/comment/search/?ids=f6uhiw9
2019-11-12,r/USMC,"Jesus Christ boys, move on with your lives. The rest of us have.",https://undelete.pullpush.io/r/USMC/comments/duv5zo/_/f79y72p/,https://api.pullpush.io/reddit/comment/search/?ids=f79y72p
2019-11-12,r/Military,Dude got death threats while Calley got a pardon. This country fucking disgusts me sometimes.,https://undelete.pullpush.io/r/Military/comments/dv3nxb/_/f7arry3/,https://api.pullpush.io/reddit/comment/search/?ids=f7arry3
2019-11-14,r/Maine,"Not sure why you’re getting downvoted, it’s literally all in there.",https://undelete.pullpush.io/r/Maine/comments/dw9l2t/_/f7ik12l/,https://api.pullpush.io/reddit/comment/search/?ids=f7ik12l
2019-11-16,r/Military,"Oh look, a POG who never left the wire rambling about wannabe hard guy shit. Color me shocked. If you were a real professional combat man, you’d know that there’s no place for the murder of innocent people for fun.",https://undelete.pullpush.io/r/Military/comments/dwz9yx/_/f7mzcy2/,https://api.pullpush.io/reddit/comment/search/?ids=f7mzcy2
2019-11-18,r/Military,USMC: You guys get R&amp;R?,https://undelete.pullpush.io/r/Military/comments/dy2yol/_/f7y12iw/,https://api.pullpush.io/reddit/comment/search/?ids=f7y12iw
2019-11-18,r/Military,"The Commandant at the time was pretty insistent that he wasn’t going to burn units out on year long deployments. He actually came out and talked to us in Fallujah in ‘05 and said something to the effect of “no fucking way I’m keeping you guys over here for 15 months like the Army does to their people”.

So we got shorter tours with shorter dwell time. (And therefore no R&amp;R). My battalion had about 5 months home between Fallujah and Ramadi. I’ve got Army buddies who pulled 15-16-18 month tours, and while they got R&amp;R....fuck that noise.",https://undelete.pullpush.io/r/Military/comments/dy2yol/_/f7y40fo/,https://api.pullpush.io/reddit/comment/search/?ids=f7y40fo
2019-11-18,r/Military,"Yeah, it’s nuts. I have a good buddy who did two Army tours, one of 18 months and one of 16. That’s 3 fucking years in Iraq.",https://undelete.pullpush.io/r/Military/comments/dy2yol/_/f7y9uh9/,https://api.pullpush.io/reddit/comment/search/?ids=f7y9uh9
2019-11-20,r/Military,Fuck off. This is most certainly military related you fucking pussy.,https://undelete.pullpush.io/r/Military/comments/dysrbx/_/f83ccwv/,https://api.pullpush.io/reddit/comment/search/?ids=f83ccwv
2019-11-21,r/USMC,"I’m a Marine and a Mainer, I guess this dude really likes me.",https://undelete.pullpush.io/r/USMC/comments/dzhr30/_/f885yj3/,https://api.pullpush.io/reddit/comment/search/?ids=f885yj3
2019-11-21,r/Military,Says the Air Force guy....I love this.,https://undelete.pullpush.io/r/Military/comments/dzjvkk/_/f88b99v/,https://api.pullpush.io/reddit/comment/search/?ids=f88b99v
2019-11-21,r/Military,"Well, I am an infantry combat vet, and shooting innocent civilians for fun and stabbing wounded prisoners is simply disgusting and illegal activity that wouldn’t be condoned within a professional fighting unit. 

So you can fuck right off back to whatever disgusting little hole of cowardice and immaturity you crawled out of.",https://undelete.pullpush.io/r/Military/comments/dzjvkk/_/f88bzri/,https://api.pullpush.io/reddit/comment/search/?ids=f88bzri
2019-11-21,r/Military,"I’ve spent lots of time around those fellas, whether they were attached to us or in training. This assclown isn’t one of them.",https://undelete.pullpush.io/r/Military/comments/dzjvkk/_/f88ckhj/,https://api.pullpush.io/reddit/comment/search/?ids=f88ckhj
2019-11-21,r/SigSauer,Come out and fight me like a man.,https://undelete.pullpush.io/r/SigSauer/comments/dzrmzz/_/f89rt95/,https://api.pullpush.io/reddit/comment/search/?ids=f89rt95
2019-11-22,r/USMC,You do the Afghan pump?,https://undelete.pullpush.io/r/USMC/comments/dzhr30/_/f8acdxr/,https://api.pullpush.io/reddit/comment/search/?ids=f8acdxr
2019-11-28,r/seashanties,Yes.,https://undelete.pullpush.io/r/seashanties/comments/e312nh/_/f90p1m1/,https://api.pullpush.io/reddit/comment/search/?ids=f90p1m1
2019-11-30,r/SocialistRA,"This is range theatrics and has little value besides looking cool on the internet. Let’s break this down:

First and foremost, at that range you should simply transition to your handgun. This fellow is all kitted up and has himself a perfectly good blaster on his side that (wounded or not) should be employed if his primary runs dry while engaging a threat. Handgun transition on targets 25 meters and in (50 for the real pros) is the standard for almost all tactical units these days for a reason, and that reason is it works. Taking a knee and staring at your feet with a dude shooting at you from that distance is literally just dumb as fuck.

Secondly, one handed manipulations are certainly something that should be trained (especially with a handgun), but on the flat range people tend to overthink and overcomplicate the vast array of possibilities, and end up training some stupid shit when they’d be better off focusing on more realistic (and basic) training. 

Third, inexperienced shooters tend to see stuff like this coming out of the “tactical” YouTube world and start playing around with it without putting any serious thought into when and why a skill like one handed rifle reloads would be employed. The the scenario here is that the shooters support arm has been shattered by enemy fire to an extent that it cannot even be utilized to support the rifle, and there are threats at close range in need of engaging and the rifle is dry. As mentioned above, the pistol is by far the superior option in this (highly unlikely) scenario. At a further distance where a pistol would be ineffective, speed is less of a priority and getting to cover to reload the weapon and deal with the major injury would be the goal. 

In summary, while one handed weapons manipulation is certainly something that needs to be trained, it’s usage in this scenario is pointless and only serves to look cool on the internet. Don’t fall for the Oper9ors who have too much time on their hands.",https://undelete.pullpush.io/r/SocialistRA/comments/e3z96k/_/f960k2u/,https://api.pullpush.io/reddit/comment/search/?ids=f960k2u
2019-12-01,r/SocialistRA,"This can be a hard one, especially if you’re careful about who you give your money to.

But keep an eye open for any kind of “tactical” training in your area, just be aware much of it can be garbage and often taught by right wing assclowns. Instructors with a background in Special Operations tend to be better, but it’s never a guarantee.

If you get the chance to take a course from a well respected instructor, I’d say do it. Pat Macnamara, John McPhee, Frank Procter, Northern Red, Kyle Defoor, Mike Pannone (this is a short list) are all excellent. The downside is good training does tend to cost a pretty penny, but it’s well worth it. Most of the guys on that list are former CAG, except Defoor (SEAL) and Procter (SF), and all have a lot of experience both in combat and competitive shooting.",https://undelete.pullpush.io/r/SocialistRA/comments/e3z96k/_/f9answf/,https://api.pullpush.io/reddit/comment/search/?ids=f9answf
2019-12-01,r/ak47,"I’ve got a Holosun on my AK. I like it, seems fairly tough so far.

But I also have had a T1 for a decade that’s gone through 2 Afghan deployments, been tossed over walls, fallen out of the back of MRAPs, blown up in IED strikes and generally just treated like shit. That thing still holds zero, looks as bright as the day I got it, and has ridiculous battery life in spite of looking like a battered piece of shit.

Holosun might be that good, but I’ve got no evidence of that. I know for a fact my T1 is bombproof, because it literally has been.",https://undelete.pullpush.io/r/ak47/comments/e468ey/_/f9brifs/,https://api.pullpush.io/reddit/comment/search/?ids=f9brifs
2019-12-01,r/SocialistRA,Tim Pat Coogan’s “The IRA” is a pretty comprehensive historical breakdown from the early days (pre-1916) all the way up into the PIRA years. Fascinating book.,https://undelete.pullpush.io/r/SocialistRA/comments/e42p3j/_/f9btkkv/,https://api.pullpush.io/reddit/comment/search/?ids=f9btkkv
2019-12-01,r/SocialistRA,"Front Site is a scam, it’s more built around extracting money out of students with silly “tiered” packages and memberships, and with sub-par training. I’ve been to a Vickers course, it’s far more gun-nut LARPing and hero worship than it is relevant training these days. Larry was a cool guy a long time ago, but now it’s more about his brand and all the gun trivia he knows.

Thunder Ranch and Gunsite have always been part of the pantheon of good training, if folks can manage the cost and the travel it’s worth it.",https://undelete.pullpush.io/r/SocialistRA/comments/e3z96k/_/f9e5myn/,https://api.pullpush.io/reddit/comment/search/?ids=f9e5myn
2019-12-02,r/USMC,"Real piece of shit. Used to come into a DC bar I worked at, get wasted and brag about all the chicks he was slaying who weren’t his wife. I’ve got a pretty flexible moral compass when it comes to those things, but he was just the epitome of the frat bro officer douchebag. Hope he gets some well deserved jail time.",https://undelete.pullpush.io/r/USMC/comments/e55iwy/_/f9i5127/,https://api.pullpush.io/reddit/comment/search/?ids=f9i5127
2019-12-03,r/USMC,"Luckily it was a dive bar with a pretty good regulars crowd, most of the real entitled fucks tended to go to the more upscale joints. 

Surprisingly, the reps we did see on a regular basis (besides Duncan) were mostly nice as hell. There was one guy I knew for about 6 months before I figured out he was a Congressman. We had a few Chiefs of Staff who were in all the time from both parties, and they were all good customers.

It was the corporate lobbyists and female Republican staffers who were always the worst, slimy or insanely entitled. One guy who lobbied for a defense contractor loved telling everyone he had a Visa Black Card and would literally walk around showing it to people when it was time to pay his bill. The amount of times I had to deal with some blonde moron who worked for a Midwest Republican is literally uncountable, they’d always get wasted, start some kind of altercation or refuse to pay their bill, and inescapably pull a “do you know who I work for?”. 

Real treasures, those people.",https://undelete.pullpush.io/r/USMC/comments/e55iwy/_/f9jlcod/,https://api.pullpush.io/reddit/comment/search/?ids=f9jlcod
2019-12-03,r/funny,"If you don’t know what they’re running on, that’s because you’re purposefully ignorant. Literally 5 minutes of googling can give you the basics. Quit your bullshit.",https://undelete.pullpush.io/r/funny/comments/e5injp/_/f9k1gtx/,https://api.pullpush.io/reddit/comment/search/?ids=f9k1gtx
2019-12-03,r/funny,It’s quite fascinating to run into morons in the wild.,https://undelete.pullpush.io/r/funny/comments/e5injp/_/f9k2ei0/,https://api.pullpush.io/reddit/comment/search/?ids=f9k2ei0
2019-12-04,r/CombatFootage,"The Army BCT we belonged to shut us down on using our 60’s and 81’s in the city, claiming it was too population dense and our guys weren’t good enough. It pissed our Company Gunny off something fierce since he’d spent years as a mortar instructor at Quantico and had set up an incredibly accurate system on the roof of the Government Center. 

They eventually convinced the BCT command that we should be allowed to use our mortar systems, but that left a gap for a few months where we didn’t have any organic indirect fire assets. We couldn’t sneakily use the mortars because the counter-battery radar would pick it up and higher would know we were launching HE in the city. But the 40mm rounds from a MK19 were too small to be picked up by the radar, and with that knowledge we put together one of the coolest little things I’ve ever been part of.

I’d recently gone to Infantry Machinegun Leadership Course, where high angle indirect MK19 Fire is still taught. Our Company Gunny, being an indirect fire God, knew this could be a solution to our little problem so he tasked myself and Will Morrow (another machinegunner and the guy firing the gun in this clip) to come up with a high angle fire solution. 

We tossed around a few ideas like building a sandbox on the roof where we could sink a tripod as you would do on the ground or building a bracket for the tripod legs, but settled on using an extra pedestal mount that was meant to be put in the back of an open backed HMMWV that we cemented to the roof. I cut down and filed a MK64 cradle so it could angle straight up, and drew a 6400 mil ring on the collar of the pedestal mount itself.

Here’s how this worked: We had numerous Point Of Origin (enemy mortar sites) mapped out around the Government Center, and we could hear their tubes when they’d launch rounds at us. A post would report which direction the outgoing sounds came from, the FDC would identify which Point of Origin site we were likely being engaged from and relay that to the gun crew. The pedestal mount had been laid in using mortar aiming stakes so the 0/6400 mark on the collar was direct north. We’d put together a little information sheet with the direction of each Point of Origin site, so the gunner would simply line the mark on the cradle with the require mil angle on the mount. To get our angle of fire for the range we used the high angle firing tables out of the 3-15 (USMC Machineguns and Machinegunnery manual) and an artillery Gunners Quadrant. The information sheet would tell the gun crew what angle to set the barrel at to place fire on the target.

This video is the first time it was fired. That’s Will Morrow on the gun. It looks like it’s pointed straight up, but there is a slight angle. Some of our targets were less than 500m away, so the angle was seemingly straight up. The hang time (amount of time the round was in the air) was crazy, I forget exactly but somewhere around 30-40 seconds. (ETA I just rewatched the video, 50 seconds. Crazier than I remembered).When they fired it this first time, everyone scrambled like hell to get under cover because at this point we had no idea if this was going to work.

But work it did. While the Army kept us shut down on traditional indirect, we used this system to shoot back when we’d take incoming. It wasn’t the most accurate system and I’ve no idea if we ever killed an enemy mortar crew with it, but it was enough to place HE near the enemy crews so they’d have to break down and try from somewhere else next time, keeping them from getting too dialed in. 

A few months later our Mortarmen convinced the BCT command that they were good enough to get back to work, and we went back to using 60s and 81s. But for those weeks in the summer of 2006 in Ramadi, a few 0331’s got to throw little golden balls of hate at the enemy with this contraption. Ones of the things I’m most proud of having been part of, I’m almost entirely sure we were the only unit to use high angle indirect machinegun fire in combat in Iraq.

Sad footnote, Will Morrow survived Ramadi but was shot in the back of the head and killed by his ex-wife years later.",https://undelete.pullpush.io/r/CombatFootage/comments/e613vv/_/f9n52zj/,https://api.pullpush.io/reddit/comment/search/?ids=f9n52zj
2019-12-04,r/USMC,"I posted this on the r/combatfootage post, but I’ll put it here too since you guys would likely appreciate it. It’s awesome seeing this video, I’d been trying to find it for years and it’s funny it popped up on Reddit of all places.


The Army BCT we belonged to shut us down on using our 60’s and 81’s in the city, claiming it was too population dense and our guys weren’t good enough. It pissed our Company Gunny off something fierce since he’d spent years as a mortar instructor at Quantico and had set up an incredibly accurate system on the roof of the Government Center.

They eventually convinced the BCT command that we should be allowed to use our mortar systems, but that left a gap for a few months where we didn’t have any organic indirect fire assets. We couldn’t sneakily use the mortars because the counter-battery radar would pick it up and higher would know we were launching HE in the city. But the 40mm rounds from a MK19 were too small to be picked up by the radar, and with that knowledge we put together one of the coolest little things I’ve ever been part of.

I’d recently gone to Infantry Machinegun Leadership Course, where high angle indirect MK19 Fire is still taught. Our Company Gunny, being an indirect fire God, knew this could be a solution to our little problem so he tasked myself and Will Morrow (another machinegunner and the guy firing the gun in this clip) to come up with a high angle fire solution.

We tossed around a few ideas like building a sandbox on the roof where we could sink a tripod as you would do on the ground or building a bracket for the tripod legs, but settled on using an extra pedestal mount that was meant to be put in the back of an open backed HMMWV that we cemented to the roof. I cut down and filed a MK64 cradle so it could angle straight up, and drew a 6400 mil ring on the collar of the pedestal mount itself.

Here’s how this worked: We had numerous Point Of Origin (enemy mortar sites) mapped out around the Government Center, and we could hear their tubes when they’d launch rounds at us. A post would report which direction the outgoing sounds came from, the FDC would identify which Point of Origin site we were likely being engaged from and relay that to the gun crew. The pedestal mount had been laid in using mortar aiming stakes so the 0/6400 mark on the collar was direct north. We’d put together a little information sheet with the direction of each Point of Origin site, so the gunner would simply line the mark on the cradle with the require mil angle on the mount. To get our angle of fire for the range we used the high angle firing tables out of the 3-15 (USMC Machineguns and Machinegunnery manual) and an artillery Gunners Quadrant. The information sheet would tell the gun crew what angle to set the barrel at to place fire on the target.

This video is the first time it was fired. That’s Will Morrow on the gun. It looks like it’s pointed straight up, but there is a slight angle. Some of our targets were less than 500m away, so the angle was seemingly straight up. The hang time (amount of time the round was in the air) was crazy, I forget exactly but somewhere around 30-40 seconds. (ETA I just rewatched the video, 50 seconds. Crazier than I remembered).When they fired it this first time, everyone scrambled like hell to get under cover because at this point we had no idea if this was going to work.

But work it did. While the Army kept us shut down on traditional indirect, we used this system to shoot back when we’d take incoming. It wasn’t the most accurate system and I’ve no idea if we ever killed an enemy mortar crew with it, but it was enough to place HE near the enemy crews so they’d have to break down and try from somewhere else next time, keeping them from getting too dialed in.

A few months later our Mortarmen convinced the BCT command that they were good enough to get back to work, and we went back to using 60s and 81s. But for those weeks in the summer of 2006 in Ramadi, a few 0331’s got to throw little golden balls of hate at the enemy with this contraption. Ones of the things I’m most proud of having been part of, I’m almost entirely sure we were the only unit to use high angle indirect machinegun fire in combat in Iraq.

Sad footnote, Will Morrow survived Ramadi but was shot in the back of the head and killed by his ex-wife years later.",https://undelete.pullpush.io/r/USMC/comments/e618i2/_/f9nixqm/,https://api.pullpush.io/reddit/comment/search/?ids=f9nixqm
2019-12-04,r/CombatFootage,"I *think* it was 2-28 IBCT, the patch was a red keystone. We rarely interacted with them on my level, I believe they were just the battlespace owners that we fell under somehow. 

Glad you made it out brother, that was a rowdy city.",https://undelete.pullpush.io/r/CombatFootage/comments/e613vv/_/f9nl49f/,https://api.pullpush.io/reddit/comment/search/?ids=f9nl49f
2019-12-04,r/USMC,"It was fucking sad. Will was a character, one of those Marines you don’t forget.",https://undelete.pullpush.io/r/USMC/comments/e618i2/_/f9nqrxs/,https://api.pullpush.io/reddit/comment/search/?ids=f9nqrxs
2019-12-04,r/USMC,"No feeding problems, but we also would fire small broken belts of only a couple rounds, the recoil of the gun made longer strings just way too inaccurate. And we could spot some impacts from the posts when they’d hit a roof or an intersection, but not always.",https://undelete.pullpush.io/r/USMC/comments/e618i2/_/f9of0de/,https://api.pullpush.io/reddit/comment/search/?ids=f9of0de
2019-12-05,r/USMC,"It’s a pretty cool skill that I’m glad the Marine Corps still teaches. I explained this set up to some Army infantry units I was with and they all looked at me like there was a dick growing out of my forehead. The art and science of machineguns is definitely a Marine Corps thing. 

I wouldn’t doubt that a number of units in Afghanistan utilized indirect MG fire, the terrain is almost purpose built for it.",https://undelete.pullpush.io/r/USMC/comments/e618i2/_/f9oh1qb/,https://api.pullpush.io/reddit/comment/search/?ids=f9oh1qb
2019-12-05,r/sailing,Holy fucking amateur hour Batman.,https://undelete.pullpush.io/r/sailing/comments/e68a2c/_/f9oibg8/,https://api.pullpush.io/reddit/comment/search/?ids=f9oibg8
2019-12-05,r/CombatFootage,"The blocks around the Gov Center were pretty much devoid of civilians by mid-2006. It had turned into a free fire zone for all intents and purposes, we were engaged daily in hours long gun battles that drove most civilians away from the area. There was a fair amount of civilian population still in the city, but since the Government Center had become such a regular target of insurgent attacks most folks vacated around it.

This is not to say civilian casualties didn’t happen. Heavy fighting in the middle of a large city has some pretty awful results for the locals. But in relation to this system, the targets we were engaging were in a relatively tight radius around the Government Center so the possibility of civilian casualties was significantly diminished. 

Sadly there’s no guaranteeing total safety for civilians in heavy urban combat. It’s a goddamn shame, and everyone who fought in Ramadi saw some horrific stuff because of it.",https://undelete.pullpush.io/r/CombatFootage/comments/e613vv/_/f9onbvf/,https://api.pullpush.io/reddit/comment/search/?ids=f9onbvf
2019-12-05,r/CombatFootage,"Because the Army BCT we fell under (and who passed down this guidance) was based out of Camp Ramadi across the river and really had no concept of what was going on downtown nor how capable our weapons guys were. 

They ended up rescinding the restriction once their leadership actually visited the Gov Center a few times and realized the situation. Our mortarmen also demonstrated some incredible proficiency which gave them the warm and fuzzies to let our guys get back to work.",https://undelete.pullpush.io/r/CombatFootage/comments/e613vv/_/f9oo8lk/,https://api.pullpush.io/reddit/comment/search/?ids=f9oo8lk
2019-12-05,r/CombatFootage,"Yeah, although when you’re taking indirect fire to your building on a regular basis, anything to keep the enemy mortar crews on their toes helps. When guys lay in a gun and can fire unmolested, it gives them time to refine their shots and collect data. Even just making them break the gun down and move a few blocks away is incredibly helpful.

And when I say less accurate, I mean in relation to our mortar teams. On several occasions our gun crews dropped counter battery rounds directly on enemy mortar team, killing them and destroying the gun. The mortarmen in Kilo 3/8 were some of the best the Marine Corps had to offer. Our machinegun solution was not as accurate, but we certainly were still putting rounds in close vicinity to our targets. This was not some amateur hour set up of just launching high explosive out into the city.",https://undelete.pullpush.io/r/CombatFootage/comments/e613vv/_/f9opr3m/,https://api.pullpush.io/reddit/comment/search/?ids=f9opr3m
2019-12-05,r/CombatFootage,"When I learned it at IMGLC I thought “this is cool and all, but when would we use this?”

6 months later...",https://undelete.pullpush.io/r/CombatFootage/comments/e613vv/_/f9opysc/,https://api.pullpush.io/reddit/comment/search/?ids=f9opysc
2019-12-05,r/USMC,"There is, but it’s unrelated to my machinegun skills.",https://undelete.pullpush.io/r/USMC/comments/e618i2/_/f9oq3e4/,https://api.pullpush.io/reddit/comment/search/?ids=f9oq3e4
2019-12-05,r/CombatFootage,"Trust me, we didn’t want to stop using our 60’s and 81’s. But when some stupidity came down from higher command, we had to do some outside the box problem solving until they unfucked themselves.",https://undelete.pullpush.io/r/CombatFootage/comments/e613vv/_/f9oqa6o/,https://api.pullpush.io/reddit/comment/search/?ids=f9oqa6o
2019-12-05,r/CombatFootage,"Nah man, I got a chuckle out of it. Out of context it definitely looks stupid as shit haha",https://undelete.pullpush.io/r/CombatFootage/comments/e613vv/_/f9oza8i/,https://api.pullpush.io/reddit/comment/search/?ids=f9oza8i
2019-12-05,r/CombatFootage,"Yup. And we weren’t specifically told NOT to use the MK19 as our indirect fire asset. I don’t think the Army command even knew it was an option.

It was a silly order they ended up rescinding anyways, but like good Marines we figured out how to fight effectively even when hamstrung.",https://undelete.pullpush.io/r/CombatFootage/comments/e613vv/_/f9qim56/,https://api.pullpush.io/reddit/comment/search/?ids=f9qim56
2019-12-05,r/CombatFootage,"Kind of. Will was in the first Gulf War with 8th Marines, got out as a Corporal. Worked as a corrections officer and a lumberjack throughout the 90’s, and when Iraq started to pick up he decided he wanted to get back in the fight. So at 35 he came back in (as a Corporal) and got himself assigned back to 8th Marines in time for our Fallujah and Ramadi tours. He was never busted down, just preferred a wartime Marine Corps to a peacetime one.",https://undelete.pullpush.io/r/CombatFootage/comments/e613vv/_/f9rczqy/,https://api.pullpush.io/reddit/comment/search/?ids=f9rczqy
2019-12-06,r/CombatFootage,"First off, you replied to another Army guy and can’t spell defilade, but I’m assuming you meant to insult me.

We replaced 3/7 (Marines) and were replaced by 1/6 (Marines), so whatever you National Guard fellas we’re doing had no relation to our business downtown at the Gov Center. Barking up the wrong tree bub.",https://undelete.pullpush.io/r/CombatFootage/comments/e613vv/_/f9sxv0m/,https://api.pullpush.io/reddit/comment/search/?ids=f9sxv0m
2019-12-06,r/SocialistRA,"People get killed effectively every day around the world with shitty ball ammunition.  Nobody in Yemen or Syria is sitting around lamenting their lack of Gucci 77 Grain open tipped 5.56. 

Sure, there are some technical benefits to good ammunition. If you’ve got piles of money to buy and train with expensive ammo, party on. If you’re on any kind of budget, buy cheap stuff and train with it. 

Shot placement means far more than what sexy new bullet you’re using.",https://undelete.pullpush.io/r/SocialistRA/comments/e6mdoo/_/f9szsel/,https://api.pullpush.io/reddit/comment/search/?ids=f9szsel
2019-12-06,r/USMC,Tune Inn,https://undelete.pullpush.io/r/USMC/comments/e55iwy/_/f9t1i90/,https://api.pullpush.io/reddit/comment/search/?ids=f9t1i90
2019-12-07,r/Maine,"She’s a coward who lacks any true moral code, her only goal these days is trying to stay in office. I hope to hell we’ll see her kicked to the curb next year.",https://undelete.pullpush.io/r/Maine/comments/e7b4zs/_/f9ymbqb/,https://api.pullpush.io/reddit/comment/search/?ids=f9ymbqb
2019-12-09,r/USMC,Fuck ‘em.,https://undelete.pullpush.io/r/USMC/comments/e80w1c/_/fa8nv84/,https://api.pullpush.io/reddit/comment/search/?ids=fa8nv84
2019-12-09,r/Military,"It should have ended a decade ago. Nobody cares, which is why it’ll just keep chugging along, extracting tax payer money in exchange for the low price of a couple dead Americans and a pile of dead Afghans every year.",https://undelete.pullpush.io/r/Military/comments/e8a7rk/_/faa4op0/,https://api.pullpush.io/reddit/comment/search/?ids=faa4op0
2019-12-09,r/Maine,"As a combat vet living on Route 1, I happily flipped the bird to this disgusting convoy of faux-patriotism war glorification used to make money  when it chugged by the other morning. Makes me deeply angry every time.",https://undelete.pullpush.io/r/Maine/comments/e8d16p/_/fab9y7x/,https://api.pullpush.io/reddit/comment/search/?ids=fab9y7x
2019-12-10,r/Military,"It used to be possible, lots of dudes in the Guard SF Groups would go IRR for a bit and pick up contracts, and then come home when it was time to work up for deployments. 

Hell, I have a good buddy I was in LRS with who jumped on a contract with the old Aegis when it was still a Brit company doing USACOE security in northern Iraq, he didn’t even go IRR and (somehow) managed to finagle some crack deal that had him show up to some Army unit on the FOB once a month in uniform so he could “drill”. It was the most ridiculous shit I’d ever heard, but he was a smooth talking motherfucker who somehow made it happen. 

Those old school stories aside, highly unlikely these days. Also, Private Snuffy ain’t gonna be qualified for shit, not even those garbage DOD static positions that pay like 40K a year.",https://undelete.pullpush.io/r/Military/comments/e8uw81/_/faevfn3/,https://api.pullpush.io/reddit/comment/search/?ids=faevfn3
2019-12-11,r/Military,Tell him to apply and see where it all goes. He’s not getting a job.,https://undelete.pullpush.io/r/Military/comments/e8uw81/_/fafzi7z/,https://api.pullpush.io/reddit/comment/search/?ids=fafzi7z
2019-12-11,r/CombatFootage,"Azov is looking pretty locked on these days. Good weapons handling, disciplined fire, seemingly excellent use of IDF assets. Hope they put a hurting on the Russians.",https://undelete.pullpush.io/r/CombatFootage/comments/e972zg/_/fah5pk2/,https://api.pullpush.io/reddit/comment/search/?ids=fah5pk2
2019-12-11,r/CombatFootage,"Oh yeah, truly fucked politics and worldview. But from a proficiency standpoint they’re one of the better units Ukraine has.",https://undelete.pullpush.io/r/CombatFootage/comments/e972zg/_/fah724f/,https://api.pullpush.io/reddit/comment/search/?ids=fah724f
2019-12-11,r/ak47,I sold all my other AK’s after I picked up a PD-18. Thing is smooth as butter and the trigger is something else. How do you like it?,https://undelete.pullpush.io/r/ak47/comments/e9b29m/_/fahtthx/,https://api.pullpush.io/reddit/comment/search/?ids=fahtthx
2019-12-12,r/CombatFootage,Yes.,https://undelete.pullpush.io/r/CombatFootage/comments/e972zg/_/faiof7n/,https://api.pullpush.io/reddit/comment/search/?ids=faiof7n
2019-12-12,r/Military,"Or just poorly maintained because it belongs to a country that is better at talking tough than actually projecting force...

But sure, cursed.",https://undelete.pullpush.io/r/Military/comments/e9ls6x/_/fajw93o/,https://api.pullpush.io/reddit/comment/search/?ids=fajw93o
2019-12-12,r/Maine,"My brother and I joke that when we sell our fathers house someday, it’ll be a curious conversation when they ask for a key.

I’m 35 and have never seen it locked. The joys of downeast Maine.",https://undelete.pullpush.io/r/Maine/comments/e9t0j2/_/falhuvh/,https://api.pullpush.io/reddit/comment/search/?ids=falhuvh
2019-12-12,r/Maine,"If relaxed gun laws and zero crime are what you’re after, it’s hard to beat rural/rural-ish Maine. I grew up downeast and live there now, and have never once had to think about calling the police (besides to report a deer hit by a car or some other aspect of rural living). 

The house I grew up in doesn’t even have doors that lock, and it’s not even all that rural.",https://undelete.pullpush.io/r/Maine/comments/e9t0j2/_/falidm9/,https://api.pullpush.io/reddit/comment/search/?ids=falidm9
2019-12-13,r/Military,"Yup. In 2011 I was running a rifle squad in northeast Afghanistan and it was so obvious we had no fucking plan. Everything was just about doing shit we could put into metrics that would look good on an OER (patrols done, BATS/HIDES inputs/money spent/etc). Nobody really had any clue what the point was, and it was glaring.

Fast forward to 2018 and I was working as a security contractor in Kabul. Nothing had changed. Same pointless ideas that sound good but have no strategic use or purpose. 

And military and State leadership is still telling the nation that things are going great and the Afghans are improving every day! Which since they’ve been improving every day for 18 years, they’d be one of the best militaries in the world at this point.

They aren’t.",https://undelete.pullpush.io/r/Military/comments/ea4tz6/_/fanuh8l/,https://api.pullpush.io/reddit/comment/search/?ids=fanuh8l
2019-12-13,r/liberalgunowners,Oyster farmer.,https://undelete.pullpush.io/r/liberalgunowners/comments/ea9fvg/_/faovslj/,https://api.pullpush.io/reddit/comment/search/?ids=faovslj
2019-12-15,r/USMC,"

Officers are gay. Army or navy, I really don’t give a fuck about your frat.",https://undelete.pullpush.io/r/USMC/comments/earflt/_/faxps85/,https://api.pullpush.io/reddit/comment/search/?ids=faxps85
2019-12-17,r/history,"*Byzantium and Its Army* by Treadgold is excellent. Not exactly medieval in the European sense, but has an excellent breakdown on logistics in the late first millennium.",https://undelete.pullpush.io/r/history/comments/ebp2pt/_/fb6pdtr/,https://api.pullpush.io/reddit/comment/search/?ids=fb6pdtr
2019-12-17,r/Maine,"Call her office often to let them know her constituents want to see the President held accountable for his illegal activity. But don’t hold your breathe, she’s a coward who cares not for her nation, just her self-preservation and power.",https://undelete.pullpush.io/r/Maine/comments/ebw9oc/_/fb7k9m9/,https://api.pullpush.io/reddit/comment/search/?ids=fb7k9m9
2019-12-17,r/politics,"As another Mainer, I support this sentiment.",https://undelete.pullpush.io/r/politics/comments/eby1i1/_/fb87lcp/,https://api.pullpush.io/reddit/comment/search/?ids=fb87lcp
2019-12-18,r/Maine,"The Maine intertidal rights are such a fucking disaster. 

Clamming and worming? Fishing, so ok. Seaweed harvesting? Not fishing, not ok. Walking along the intertidal? Not ok. Walking along the intertidal with a shotgun in duck season? Ok. 

Not to mention riparians own to the low water line, but are only taxed to the high water line. 

It’s such a mess, and really needs to be fixed. At least start collecting tax revenue on it.",https://undelete.pullpush.io/r/Maine/comments/ec6b18/_/fb9lxgk/,https://api.pullpush.io/reddit/comment/search/?ids=fb9lxgk
2019-12-18,r/Maine,"I agree, but that never seems to get traction. Threaten to charge riparians more money and I’ll bet the discussion might start to shift. The fact they have it both ways is absurd.",https://undelete.pullpush.io/r/Maine/comments/ec6b18/_/fbajndr/,https://api.pullpush.io/reddit/comment/search/?ids=fbajndr
2019-12-18,r/Firearms,"If you don’t think the revolution was a movement driven primarily by intellectual leadership instead of some chaotic mass movement, you should read a book. Several, in fact.",https://undelete.pullpush.io/r/Firearms/comments/ecg8fq/_/fbbhtup/,https://api.pullpush.io/reddit/comment/search/?ids=fbbhtup
2019-12-18,r/Maine,"Except they aren’t getting just access, they’re getting exclusive rights to the land. That’s acreage that should be taxed if it’s theirs alone and not shared.

But for me it’s more of a tool to drive the conversation towards protecting the intertidal as a public area.",https://undelete.pullpush.io/r/Maine/comments/ec6b18/_/fbboc4l/,https://api.pullpush.io/reddit/comment/search/?ids=fbboc4l
2019-12-18,r/Maine,"Except they aren’t getting just access, they’re getting exclusive rights to the land. That’s acreage that should be taxed if it’s theirs alone and not shared.

But for me it’s more of a tool to drive the conversation towards protecting the intertidal as a public area.",https://undelete.pullpush.io/r/Maine/comments/ec6b18/_/fbboc4l/,https://api.pullpush.io/reddit/comment/search/?ids=fbboc4l
2019-12-23,r/SocialistRA,"They sent me a “for god and country” bumper sticker with the last trigger I bought. Not sure how neutral that is.

Make a choice on quality, if politics is your driving force for weapons you’ll have a hell of a time getting the best parts here in America.",https://undelete.pullpush.io/r/SocialistRA/comments/eee924/_/fbti80e/,https://api.pullpush.io/reddit/comment/search/?ids=fbti80e
2019-12-23,r/USMC,"Well that’s a fucking bummer. It was a hardcore unit back in the day, I loved my time there.

Except for Neary. Fuck Neary. Neary Kills Marines.",https://undelete.pullpush.io/r/USMC/comments/eedhul/_/fbuqw4y/,https://api.pullpush.io/reddit/comment/search/?ids=fbuqw4y
2019-12-23,r/USMC,Well goddamnit. That sucks.,https://undelete.pullpush.io/r/USMC/comments/eedhul/_/fburp9b/,https://api.pullpush.io/reddit/comment/search/?ids=fburp9b
2019-12-27,r/Military,Did you just say Marines weren’t in the Philippines? You need some history remediation if that’s the case.,https://undelete.pullpush.io/r/Military/comments/eg4lg9/_/fc5retr/,https://api.pullpush.io/reddit/comment/search/?ids=fc5retr
2020-01-01,r/Military,This is some disgusting shit.,https://undelete.pullpush.io/r/Military/comments/eib4ih/_/fcp140d/,https://api.pullpush.io/reddit/comment/search/?ids=fcp140d
2020-01-02,r/Firearms,"Christ, you fucking pussies can’t even be bothered to show up at a public rally, let alone start a rebellion. The internet makes everyone a tough guy.",https://undelete.pullpush.io/r/Firearms/comments/eiskx6/_/fctk98q/,https://api.pullpush.io/reddit/comment/search/?ids=fctk98q
2020-01-02,r/USMC,"Wanted to have an adventure and kill some people. Joined up in ‘04, did Fallujah and Ramadi, and managed both. Hell of an excellent experience.",https://undelete.pullpush.io/r/USMC/comments/eiqraf/_/fctkliq/,https://api.pullpush.io/reddit/comment/search/?ids=fctkliq
2020-01-02,r/Military,"Trump is a piece of shit. What a disgusting human being, guy has not one virtue to his name.",https://undelete.pullpush.io/r/Military/comments/ej1gwo/_/fcut56m/,https://api.pullpush.io/reddit/comment/search/?ids=fcut56m
2020-01-02,r/USMC,Frogs?,https://undelete.pullpush.io/r/USMC/comments/ej2o13/_/fcvjxc1/,https://api.pullpush.io/reddit/comment/search/?ids=fcvjxc1
2020-01-03,r/USMC,"Ah, gotcha. Must have been after my time.",https://undelete.pullpush.io/r/USMC/comments/ej2o13/_/fcvw8rg/,https://api.pullpush.io/reddit/comment/search/?ids=fcvw8rg
2020-01-03,r/USMC,"Like the flight suits we used to wear, but without all the screaming from POG Sgts Major.",https://undelete.pullpush.io/r/USMC/comments/ej2o13/_/fcvyxez/,https://api.pullpush.io/reddit/comment/search/?ids=fcvyxez
2020-01-03,r/syriancivilwar,"I’m an American, and I can’t disagree with you tonight.",https://undelete.pullpush.io/r/syriancivilwar/comments/ej8xwv/_/fcwd6al/,https://api.pullpush.io/reddit/comment/search/?ids=fcwd6al
2020-01-03,r/Maine,He should try harder. I saw one article about him months ago and then crickets. That’s some shit campaigning for a US Senate seat.,https://undelete.pullpush.io/r/Maine/comments/ej74cf/_/fcwdvvs/,https://api.pullpush.io/reddit/comment/search/?ids=fcwdvvs
2020-01-03,r/CombatFootage,Probably the point...,https://undelete.pullpush.io/r/CombatFootage/comments/ej8fso/_/fcwdxq2/,https://api.pullpush.io/reddit/comment/search/?ids=fcwdxq2
2020-01-03,r/syriancivilwar,"Well aware, I did 2 tours in Iraq as an infantryman.",https://undelete.pullpush.io/r/syriancivilwar/comments/ej8xwv/_/fcwjdzj/,https://api.pullpush.io/reddit/comment/search/?ids=fcwjdzj
2020-01-03,r/syriancivilwar,"Like hell. It was a waste of lives, money, and time.",https://undelete.pullpush.io/r/syriancivilwar/comments/ej8xwv/_/fcwkt12/,https://api.pullpush.io/reddit/comment/search/?ids=fcwkt12
2020-01-03,r/USMC,"“Maybe he should have stayed in his own fucking country”?

You do realize Iran borders Iraq, and I had to fly half way around the world for both my Iraq tours...

That’s quite the sentiment coming from a nation who invaded Iraq. Maybe we should have stayed in our own fucking country as well.",https://undelete.pullpush.io/r/USMC/comments/ej8ydu/_/fcwljpj/,https://api.pullpush.io/reddit/comment/search/?ids=fcwljpj
2020-01-03,r/syriancivilwar,"Dude, if you think the invasion of Iraq has had positive outcomes...I really don’t know what to say. You’re living in a fantasy land.",https://undelete.pullpush.io/r/syriancivilwar/comments/ej8xwv/_/fcwltm0/,https://api.pullpush.io/reddit/comment/search/?ids=fcwltm0
2020-01-03,r/USMC,You could also say that by invading Iraq over false pretenses we’re responsible for ALL the deaths that followed. Fuck off with your weird Trump fetishism you fucking pogue.,https://undelete.pullpush.io/r/USMC/comments/ejb37d/_/fcwnz8i/,https://api.pullpush.io/reddit/comment/search/?ids=fcwnz8i
2020-01-03,r/USMC,I preferred those few months in 04 when black boots were still authorized with MARPAT. That was a sharp look.,https://undelete.pullpush.io/r/USMC/comments/eji4de/_/fcxxj6x/,https://api.pullpush.io/reddit/comment/search/?ids=fcxxj6x
2020-01-06,r/Military,"It’s simultaneously heartening and also deeply depressing to read r/USMC these days. 

On the one hand, I loved being a Marine grunt and very much understand the pure, unadulterated draw towards getting into the fight and becoming part of the myth. It’s what makes Marines highly effective in extremely violent situations, and I will always love that about our culture. To see the aggression and will to fight still there brings me great pride.

On the other hand, I did my time fighting nasty brawls in nasty cities in Al-Anbar, and years later know the feelings of sadness, loss, and futility to have fought so hard for utterly pointless reasons. Dead friends, guilt, the feeling of alienation from the society that asked so much of us for so little purpose. It’s made me a deeply cynical man, and extremely wary of how this nation wages war.

To see another generation of young Marines get all pumped up to get into a fight that is frankly pointless and of disastrous strategic consequence is depressing in a way I can barely put into words. These last few days have left me feeling helpless and almost empty.

And yet I very much understand their excitement and willingness to go, as I remember well those same feelings in myself in 2004 even though I felt Iraq was a bad decision. And I also know that if the fight is going to come, that culture of aggression and violence will make them successful in the brutish close action fights they’ll find themselves in.

It’s a real fucked up situation for me. But I suppose that’s what happens when you belong to a military whose nation often likes to send men off to die in conflicts of questionable purpose.",https://undelete.pullpush.io/r/Military/comments/ekksh1/_/fdcke04/,https://api.pullpush.io/reddit/comment/search/?ids=fdcke04
2020-01-06,r/Military,"I was on the rifle range on PI in April of 2004. Phantom Fury 1 was in full swing and there were names of dead Marine infantry who had been killed the previous day read aloud to us by the DI’s every time we broke for boxed nasties at noon chow.

There wasn’t much need for a loyalty test, those of us who were 03 contracts knew where we were going.",https://undelete.pullpush.io/r/Military/comments/ekf11c/_/fdcl34m/,https://api.pullpush.io/reddit/comment/search/?ids=fdcl34m
2020-01-06,r/Military,"Oh, I know. I had old ‘Nam vet friends of my dad give me the same sad song when I enlisted in 2004. It’s just weird when you realize it happened to you too.",https://undelete.pullpush.io/r/Military/comments/ekksh1/_/fdcl8w9/,https://api.pullpush.io/reddit/comment/search/?ids=fdcl8w9
2020-01-06,r/politics,"I personally know several Trump supporters who are stockpiling arms and ammunition in case a Democrat wins. She hasn’t said anything untrue, this is actually happening and it should be called out. It’s ridiculous there’s a backlash for simply stating a fact that should concern us all.",https://undelete.pullpush.io/r/politics/comments/ekuzxb/_/fde0glg/,https://api.pullpush.io/reddit/comment/search/?ids=fde0glg
2020-01-07,r/politics,Amen.,https://undelete.pullpush.io/r/politics/comments/ele116/_/fdha1o0/,https://api.pullpush.io/reddit/comment/search/?ids=fdha1o0
2020-01-08,r/USMC,"Back in the height of the Iraq unpleasantness, it was just assumed we couldn’t take cell phones or blackberrys on deployment. It never crossed my mind that I should take my phone to Iraq, and leadership hammered that home to the dudes who didn’t quite get it naturally.

In 2010-2011, I was in Afghanistan as a rifle squad leader with the Army and I was blown away that everyone had cell phones and the command didn’t seem to remotely care. Hell, the unit I replaced gave me a Roshan phone with some minutes on it, which I totally used to have phone sex with my girl.  But I spent the whole deployment pretty mind fucked that the command element didn’t find it weird at all that dudes had cell phones, seemed like really shitty OPSEC standards.",https://undelete.pullpush.io/r/USMC/comments/elj0w2/_/fdik1y8/,https://api.pullpush.io/reddit/comment/search/?ids=fdik1y8
2020-01-08,r/USMC,"In Ramadi in 2006 some genius at battalion tasked our mounted patrols (M114 up armors) to screen streets first before armor moved down them.

So there we were, IED bait in shitty HMMVW’s that often got catastrophically killed by IED’s, driving up and down roads to set off bombs so the fucking tanks wouldn’t get their paint scratched.

It was almost as bad as the previous deployment to Fallujah, when we did dismounted IED sweeps in the morning so the armored convoys that would roll down Michigan during the day wouldn’t  hit anything. Reconnaissance by dead Marine.",https://undelete.pullpush.io/r/USMC/comments/eleuv2/_/fdipr8c/,https://api.pullpush.io/reddit/comment/search/?ids=fdipr8c
2020-01-08,r/USMC,Ain’t it the truth.,https://undelete.pullpush.io/r/USMC/comments/eleuv2/_/fdiwebe/,https://api.pullpush.io/reddit/comment/search/?ids=fdiwebe
2020-01-08,r/USMC,The boys will brawl no matter what the reason is. It’s up to us broke down old grunts to do our best they aren’t fighting for bullshit.,https://undelete.pullpush.io/r/USMC/comments/elmygt/_/fdj04tf/,https://api.pullpush.io/reddit/comment/search/?ids=fdj04tf
2020-01-08,r/USMC,You know it brother. Vote and organize.,https://undelete.pullpush.io/r/USMC/comments/elmygt/_/fdj13k7/,https://api.pullpush.io/reddit/comment/search/?ids=fdj13k7
2020-01-08,r/USMC,"Oh look, a POG bitch being jealous of the infantry yet again. Some things never change.",https://undelete.pullpush.io/r/USMC/comments/el9x2j/_/fdj6kqz/,https://api.pullpush.io/reddit/comment/search/?ids=fdj6kqz
2020-01-08,r/USMC,"Well no shit. They get to bang LA chicks, whores in TJ, and hit up Vegas on a 96.

We had the Driftwood and Eastern Carolina College co-eds.

Ain’t rocket science as to who is less chill.",https://undelete.pullpush.io/r/USMC/comments/elnqwy/_/fdj781g/,https://api.pullpush.io/reddit/comment/search/?ids=fdj781g
2020-01-12,r/Maine,"Maybe not for much longer. There’s a proposal on the table for Emera to sell out to (get this) the Calgary public utility.

Nothing like providing profits created by our private system to a public owned Canadian outfit.",https://undelete.pullpush.io/r/Maine/comments/enmdl3/_/fe399c9/,https://api.pullpush.io/reddit/comment/search/?ids=fe399c9
2020-01-13,r/Maine,Sigh...it’s a goddam mental health disease at this point. Get those folks some M4A.,https://undelete.pullpush.io/r/Maine/comments/enomnp/_/fe7zgp0/,https://api.pullpush.io/reddit/comment/search/?ids=fe7zgp0
2020-01-15,r/politics,"And instead of being an adult, Warren just ran with it. I’m goddamn livid, and have been a strong supporter of hers up until now.",https://undelete.pullpush.io/r/politics/comments/eow6qm/_/fefl7by/,https://api.pullpush.io/reddit/comment/search/?ids=fefl7by
2020-01-15,r/USMC,"Shit, I wrote up Page 11’s as a Corporal in a Platoon Sergeant billet. All day brother.",https://undelete.pullpush.io/r/USMC/comments/ep3vjk/_/fehh9ei/,https://api.pullpush.io/reddit/comment/search/?ids=fehh9ei
2020-01-16,r/suppressors,"Sig makes a great suppressor. The 762Ti is a hell of a can, my MCX is incredibly quiet with subs.",https://undelete.pullpush.io/r/suppressors/comments/epdfiu/_/feirpvo/,https://api.pullpush.io/reddit/comment/search/?ids=feirpvo
2020-01-16,r/politics,"Uh, me. I hunt with a suppressor, and since I started hunting suppressed I’d never go back. One .308 shot without hearing protection does a lot of long term damage. Here in rural Maine, I know a bunch of people who have gone to using a can in the woods, it’s legal and a hell of a lot more pleasant.",https://undelete.pullpush.io/r/politics/comments/ep948v/_/feivwqv/,https://api.pullpush.io/reddit/comment/search/?ids=feivwqv
2020-01-16,r/politics,"Living here in coastal eastern Maine (near Acadia National Park), I could not disagree more. We’ve got a growing community of young folks who either work on the ocean or farm who have either come home like myself or chosen this place to live. I hear this sentiment all the time, and it doesn’t mirror at all my daily experience. 

Sure, there are sections of Maine that are dying, and likely going to die (mill towns) and the next few decades will be hard for those parts of the state. But this idea that the whole state should just be written off is a ridiculous generalization.",https://undelete.pullpush.io/r/politics/comments/epkag5/_/fekirdg/,https://api.pullpush.io/reddit/comment/search/?ids=fekirdg
2020-01-16,r/CombatFootage,"Read “Victory Point” by Ed Darack for a real understanding of what happened. Terrible planning, improperly trained and equipped unit, and then a whole bunch of lying on the part of Luttrell and the Navy to turn a total failure into some bullshit glory story.

A few dudes with small arms ran into a few more dudes who had belt feds and RPGs due to shit tactics and planning. The few more dudes with belt feds killed the few dudes with small arms. 

It’s infantry math, how good a fucking swimmer you are doesn’t mean shit.",https://undelete.pullpush.io/r/CombatFootage/comments/epl4e4/_/feknfuf/,https://api.pullpush.io/reddit/comment/search/?ids=feknfuf
2020-01-17,r/CombatFootage,"Spot on. Anybody with a decent infantry background can see the abject failure that was that fuck show of an R&amp;S operation. Turns out the  MDMP and a well crafted order actually have a serious benefit. Who knew.

Of course, since they were an SDV team, they had zero experience with this kind of mission set. Totally unsurprising that when they ran into a few local boys with belt feds they got their shit pushed in.",https://undelete.pullpush.io/r/CombatFootage/comments/epl4e4/_/feld4g7/,https://api.pullpush.io/reddit/comment/search/?ids=feld4g7
2020-01-17,r/CombatFootage,"Kilo 3/8, you can see us marking Swiss Cheese (the TRP) with 40mm for the pilot at 1:55.",https://undelete.pullpush.io/r/CombatFootage/comments/eptrh6/_/felq41y/,https://api.pullpush.io/reddit/comment/search/?ids=felq41y
2020-01-17,r/CombatFootage,240G. This is a Marine unit.,https://undelete.pullpush.io/r/CombatFootage/comments/eq5jeg/_/feonwpq/,https://api.pullpush.io/reddit/comment/search/?ids=feonwpq
2020-01-17,r/CombatFootage,You can see the shrapnel rip a hole in the gas tube.,https://undelete.pullpush.io/r/CombatFootage/comments/eq5jeg/_/feooe8l/,https://api.pullpush.io/reddit/comment/search/?ids=feooe8l
2020-01-17,r/CombatFootage,"Nope, no heat shield on the barrel or handguard. Not as issued back in the mid 2000’s anyways.",https://undelete.pullpush.io/r/CombatFootage/comments/eq5jeg/_/feoon65/,https://api.pullpush.io/reddit/comment/search/?ids=feoon65
2020-01-17,r/CombatFootage,Wasn’t this the footbridge just west of 295? It’s been a while but it looks just like it.,https://undelete.pullpush.io/r/CombatFootage/comments/eq5jeg/_/feoqw6p/,https://api.pullpush.io/reddit/comment/search/?ids=feoqw6p
2020-01-17,r/CombatFootage,"No, but the Bravo had a handguard section around the gas tube the Golf’s didn’t (as issued, we did scrounge a few from the Army and our armorers installed them).",https://undelete.pullpush.io/r/CombatFootage/comments/eq5jeg/_/feote0u/,https://api.pullpush.io/reddit/comment/search/?ids=feote0u
2020-01-18,r/Maine,"I really hope this facility works out. They had a pretty positive meeting with the people of Jonesport recently, and it’ll be a welcome addition to the region in the form of both jobs and diversifying our sea based economy. 

CCAR has had a yellowtail broodstock for a while as well, so it’s excellent Zeeland is utilizing that resource and partnering with UMaine.",https://undelete.pullpush.io/r/Maine/comments/eq1r4o/_/feoup33/,https://api.pullpush.io/reddit/comment/search/?ids=feoup33
2020-01-18,r/CombatFootage,"Yup, that’s what I was thinking. Been a while.",https://undelete.pullpush.io/r/CombatFootage/comments/eq5jeg/_/feousnr/,https://api.pullpush.io/reddit/comment/search/?ids=feousnr
2020-01-21,r/Military,"We resemble that remark.

Edit: If we could read it.",https://undelete.pullpush.io/r/Military/comments/erg0sx/_/ff4ncu5/,https://api.pullpush.io/reddit/comment/search/?ids=ff4ncu5
2020-01-21,r/ar15,"So I don’t entirely mean to sound like a dick, but fuck it:

Watching all these folks wander around in poorly fitting equipment/tactical clothing which results in early exhaustion and pictures like this one is goddamn infuriating to my inner infantry NCO. Nothings says “I’m here for the LARPing” like having very obviously never worn your armor and load bearing kit for more than a cool guy mirror picture than the fact you can’t stand up in it for an hour.

Which then begs the question, why the fuck do you own it? Get a fucking gym membership. Fit people with just rifles would ruin a bunch of tubby losers with 5.11 pants and Condor PC’s.",https://undelete.pullpush.io/r/ar15/comments/erjurs/_/ff4qovz/,https://api.pullpush.io/reddit/comment/search/?ids=ff4qovz
2020-01-21,r/ar15,"The only love I’ll spread is telling worthless fat bodies to go for a jog. It’s not hard, if you can’t take 30 minutes out of your day to be not totally worthless, you should sell your guns and stop fantasizing about being worth a shit at violence.",https://undelete.pullpush.io/r/ar15/comments/erjurs/_/ff4ytpj/,https://api.pullpush.io/reddit/comment/search/?ids=ff4ytpj
2020-01-22,r/guns,"The point of plates is to protect you from rifle fire in an active gunfight.

If you’re a fat fuck in an active gunfight, you’ve got a lot more problems than just protecting your vitals.

I’d rather have a few fit dudes with just rifles than an army of tubby fat fucks in armor.",https://undelete.pullpush.io/r/guns/comments/es0jm4/_/ff7xl1a/,https://api.pullpush.io/reddit/comment/search/?ids=ff7xl1a
2020-01-22,r/Maine,And keep calling. Make them squirm for being partisan hacks.,https://undelete.pullpush.io/r/Maine/comments/esf52z/_/ff9wu96/,https://api.pullpush.io/reddit/comment/search/?ids=ff9wu96
2020-01-22,r/politics,"Her district is the state. She’s a Senator, not the D2 congressperson. Plus we’ve got RCV, which has resulted in D2 even electing a Democrat in 2018.

There’s hope.",https://undelete.pullpush.io/r/politics/comments/esbwjq/_/ff9x79g/,https://api.pullpush.io/reddit/comment/search/?ids=ff9x79g
2020-01-22,r/Maine,"The logging trucks fly down the roads and call out the corners they approach over the radio so they don’t have to slow down. So if you don’t have a radio and are coming around the corner in the opposite direction, you’ll find yourself on the losing end of a fight with a semi.",https://undelete.pullpush.io/r/Maine/comments/ese6ep/_/ff9y1ih/,https://api.pullpush.io/reddit/comment/search/?ids=ff9y1ih
2020-01-22,r/Maine,"Amusingly, when the constitution was written the US did not yet have a criminal code. Therefore the “high crimes and misdemeanors” the framers  required as impeachable offenses are not required to be based in the criminal code that did not yet exist.

Constitutionally speaking, “abuse of power” is one of these impeachable offenses. 

Luckily for us, the framers had a long discussion about this via correspondence so we have very well articulated evidence laying out exactly what the purpose of impeachment is. 

But that point aside, the GAO has already released a report saying the president broke the law by withholding congressionally mandated funds to Ukraine. Combine that with the fact it was done to attempt to target a political opponent (and therefore help the president personally), the abuse of power charge most certainly stands from a constitutional standpoint.",https://undelete.pullpush.io/r/Maine/comments/esfv42/_/ffa77yq/,https://api.pullpush.io/reddit/comment/search/?ids=ffa77yq
2020-01-22,r/Maine,"Democrats are asking for witnesses to be called in a trial, something that has occurred in every other impeachment trial in history. That’s not partisan hackery, that’s just following the norm.",https://undelete.pullpush.io/r/Maine/comments/esf52z/_/ffa7n97/,https://api.pullpush.io/reddit/comment/search/?ids=ffa7n97
2020-01-22,r/Maine,"Your opinion doesn’t count as what is legal or constitutional, I’m afraid. It may come as a shock to you, but that’s just the long and short of it.",https://undelete.pullpush.io/r/Maine/comments/esfv42/_/ffa83b0/,https://api.pullpush.io/reddit/comment/search/?ids=ffa83b0
2020-01-22,r/Maine,"Ah yes, good old fashioned “whataboutism” in action.

Sadly, your hypotheticals are not germane to what’s happening here. The president does not have a (D) next to his name, there is evidence an impeachable offense was committed, and it’s the Republicans in the Senate attempting to block witnesses and new testimony. 

That’s the current state of reality, and therefore the situation I’ll continue to react to instead of a “but what if” situation that isn’t actually happening.",https://undelete.pullpush.io/r/Maine/comments/esf52z/_/ffa8z5s/,https://api.pullpush.io/reddit/comment/search/?ids=ffa8z5s
2020-01-22,r/Maine,"Oh, well good! Susan Collins was one of those people who voted for it, so it’s good to have you on the campaign against her! The number to call was provided above.

Welcome aboard.",https://undelete.pullpush.io/r/Maine/comments/esfv42/_/ffa9el6/,https://api.pullpush.io/reddit/comment/search/?ids=ffa9el6
2020-01-22,r/Maine,"Well, since you agree that all information should be available, I’m glad to hear you will also be calling Collins office to pressure her.",https://undelete.pullpush.io/r/Maine/comments/esf52z/_/ffa9oxk/,https://api.pullpush.io/reddit/comment/search/?ids=ffa9oxk
2020-01-22,r/Maine,"I dunno bud, you seem pretty worked up about it. Wanting to see every legislator who has voted for foreign aid “ousted from the country” does not sound like something you have no feelings about.

Unless, of course, you’re just arguing in bad faith. But that couldn’t be the case, not at all.",https://undelete.pullpush.io/r/Maine/comments/esfv42/_/ffa9yep/,https://api.pullpush.io/reddit/comment/search/?ids=ffa9yep
2020-01-22,r/Maine,"Well, I’m a Mainer who spent my 20’s in the infantry serving my country in the best way I could. If expecting my elected representatives to not just vote party line and actually look at evidence to discern whether the president committed an abuse of power for personal gain makes me a lefty, I guess I’ll take that moniker.

And if a less than a minute phone call is something you can’t remotely manage, I’m sorry you work so hard at whatever it is you do. Strange you can also manage all this reddit posting, however.",https://undelete.pullpush.io/r/Maine/comments/esfv42/_/ffaf7ys/,https://api.pullpush.io/reddit/comment/search/?ids=ffaf7ys
2020-01-23,r/politics,"That’s how all states work. Senators are “at large”, they represent the entire state so the entire state can vote for them.",https://undelete.pullpush.io/r/politics/comments/esbwjq/_/ffaqbtx/,https://api.pullpush.io/reddit/comment/search/?ids=ffaqbtx
2020-01-23,r/politics,"So I’ve got no problem with this guy as a challenger to Collins, but his campaign so far is garbage.

I live here in downeast Maine and pay more attention to politics than the average voter, and even I haven’t heard much about him. There were a couple articles in the Bangor Daily and a mention on Maine public when he announced, but that’s kind of it. Even Betsy Sweet (who some see as way too kooky lefty, but I like her) has had a significantly more observable campaign. 

This guy may in fact be an excellent candidate, but his campaign better get cracking on telling Mainers that he’s even running.",https://undelete.pullpush.io/r/politics/comments/esuxid/_/ffcmu68/,https://api.pullpush.io/reddit/comment/search/?ids=ffcmu68
2020-01-23,r/guns,"How could you!

But yup, agreed on all counts. It’s a great weapon when it works, but it takes a whole hell of a lot of love to get it working and keep it working.",https://undelete.pullpush.io/r/guns/comments/essojt/_/ffcoi7g/,https://api.pullpush.io/reddit/comment/search/?ids=ffcoi7g
2020-01-23,r/progun,"But....it is in line with their constituents wishes. Just because you and a bunch of others don’t like it doesn’t mean it’s not what the majority of their constituents want.

Hell, a lot of these Dems were elected on gun control positions. Big turnouts at rallies doesn’t always mean actual popular support.

Elections have consequences and all that.",https://undelete.pullpush.io/r/progun/comments/esswy3/_/ffcpuqz/,https://api.pullpush.io/reddit/comment/search/?ids=ffcpuqz
2020-01-23,r/politics,I saw that one as well. Medium is such a popular journalistic outlet here in rural Maine.,https://undelete.pullpush.io/r/politics/comments/esuxid/_/ffcv1sl/,https://api.pullpush.io/reddit/comment/search/?ids=ffcv1sl
2020-01-23,r/politics,Absolutely. It’s kind of baffling.,https://undelete.pullpush.io/r/politics/comments/esuxid/_/ffcvcmj/,https://api.pullpush.io/reddit/comment/search/?ids=ffcvcmj
2020-01-23,r/politics,"It’s not like we’re in some bubble with no access to the rest of Maine media markets, the fact his candidacy is barely noticeable here also means it’s barely noticeable in Rockland or Bangor.",https://undelete.pullpush.io/r/politics/comments/esuxid/_/ffd10oo/,https://api.pullpush.io/reddit/comment/search/?ids=ffd10oo
2020-01-23,r/politics,"Absolutely. When I do see something about him pop up, it’s always pretty good. It just happens so infrequently and never in spots Mainers would see it.",https://undelete.pullpush.io/r/politics/comments/esuxid/_/ffd69ww/,https://api.pullpush.io/reddit/comment/search/?ids=ffd69ww
2020-01-23,r/politics,Howdy neighbor. Sullivan here.,https://undelete.pullpush.io/r/politics/comments/esuxid/_/ffd6ge1/,https://api.pullpush.io/reddit/comment/search/?ids=ffd6ge1
2020-01-23,r/guns,"Amen brother. Maybe it’s because I was a line company machinegunner, but the 240 will always be my baby.",https://undelete.pullpush.io/r/guns/comments/essojt/_/ffd6lz3/,https://api.pullpush.io/reddit/comment/search/?ids=ffd6lz3
2020-01-23,r/politics,Quite literally!,https://undelete.pullpush.io/r/politics/comments/esuxid/_/ffd7oa6/,https://api.pullpush.io/reddit/comment/search/?ids=ffd7oa6
2020-01-24,r/politics,"That would be my guess. But candidates like Sweet also don’t have much money, but are putting in the work to do interviews and get their names out there. Crickets from this campaign.",https://undelete.pullpush.io/r/politics/comments/esuxid/_/ffdn1do/,https://api.pullpush.io/reddit/comment/search/?ids=ffdn1do
2020-01-24,r/Maine,"Funny you should ask! It’s almost as if this was easily available information to come by via the Google machine!

And the answer is...yes! Video depositions by witnesses were presented during the Clinton impeachment. A deposition of John Bolton or Mick Mulvaney I’m sure will be accepted by the Republican senate any day now. Aaannnny day.",https://undelete.pullpush.io/r/Maine/comments/esf52z/_/ffdsbiz/,https://api.pullpush.io/reddit/comment/search/?ids=ffdsbiz
2020-01-24,r/Maine,"Amusingly, many of those folks who couldn’t remotely figure out RCV will suddenly have a spring of literacy on this one.",https://undelete.pullpush.io/r/Maine/comments/et13t8/_/ffdzqxi/,https://api.pullpush.io/reddit/comment/search/?ids=ffdzqxi
2020-01-26,r/USMC,"I mean, Camp Fallujah hasn’t existed for over a decade...so it kind of dates itself in the title.",https://undelete.pullpush.io/r/USMC/comments/eueu9b/_/ffoxuo4/,https://api.pullpush.io/reddit/comment/search/?ids=ffoxuo4
2020-01-27,r/USMC,This is on a sub titled r/USMC...,https://undelete.pullpush.io/r/USMC/comments/eueu9b/_/ffp4hgo/,https://api.pullpush.io/reddit/comment/search/?ids=ffp4hgo
2020-02-02,r/SocialistRA,"It’s a good round, has a good ballistic coefficient and excels at long range (hence its popularity amidst the PRS and similar competition crowd). Carries good energy at distance as well and has been embraced by a fair amount of hunters.

I had a 6.5 CM gun for a while, it was a blast to shoot long range but I ended up selling it since it wasn’t much more than a novelty for my purposes. There’s almost nowhere in my area to shoot past 1000 meters, which is really what it excels at. 

Ammunition is getting fairly easy to find as the popularity increases, but it’s still pricey. I ended up just going back to 7.62x51/.308 it’s very easy to find, less expensive, and unless you’re planning on doing some precision shooting beyond 800m still does the trick.

Barrel life tends to be less compared to .308 as well, which is a consideration especially if you’re just getting into long range shooting where sending round downrange is a hell of a lot more important than if those rounds are Gucci.

In the end it’s all about what your intended purpose is. If you’re in a state with lots of open terrain and don’t mind the price tag of getting into the long range stuff, it’s a great round to build a gun for. Lots of decent 6.5 AR’s out there if a gas gun is what you’re into, and I’ve heard good things about it working in a self-loading platform (mine was a bolt gun).",https://undelete.pullpush.io/r/SocialistRA/comments/exvu7y/_/fgdektr/,https://api.pullpush.io/reddit/comment/search/?ids=fgdektr
2020-02-04,r/Maine,"The cynicism here is disgusting. They just want to postpone the system Mainers have voted for twice until after the election that it would matter most in.

And if they get 63,000 signatures, they’ll succeed.",https://undelete.pullpush.io/r/Maine/comments/eysbuj/_/fgj2c5g/,https://api.pullpush.io/reddit/comment/search/?ids=fgj2c5g
2020-02-04,r/Maine,"I can see it making sense either way.

On the one hand, if the required portion of the citizenry signals they want the measure on the November ballot, than it could follow that RCV shouldn’t be used for that specific election as the matter hasn not been settled.

Conversely, Mainers have voted for it twice and it is currently the law of the land. It should stay that way until after the election happens, because if RCV in presidential elections is upheld than the November election would not reflect the will of the people of Maine.

But what’s most frustrating is that the Republicans are only doing this because they know RCV is bad for them (especially in national level elections). It has nothing to do with “taking back our election system”.",https://undelete.pullpush.io/r/Maine/comments/eysbuj/_/fgj3fwk/,https://api.pullpush.io/reddit/comment/search/?ids=fgj3fwk
2020-02-05,r/politics,Upvote for The Majority Report! Such an excellent show.,https://undelete.pullpush.io/r/politics/comments/ez13je/_/fgl0oi8/,https://api.pullpush.io/reddit/comment/search/?ids=fgl0oi8
2020-02-06,r/SocialistRA,"If armor is your goal, save up for a few extra months and get ceramic plates. It’s worth it if catching rounds is something you truly take seriously,",https://undelete.pullpush.io/r/SocialistRA/comments/ezheho/_/fgnriwu/,https://api.pullpush.io/reddit/comment/search/?ids=fgnriwu
2020-02-06,r/Maine,"Oh my, if all the anti-vaxxers would move elsewhere to start their enclaves of disease I would be soooo happy.",https://undelete.pullpush.io/r/Maine/comments/ezwj4b/_/fgq5jya/,https://api.pullpush.io/reddit/comment/search/?ids=fgq5jya
2020-02-06,r/politics,But...that’s literally what you’re saying. This is a confusing thread.,https://undelete.pullpush.io/r/politics/comments/ezy3jv/_/fgqcasm/,https://api.pullpush.io/reddit/comment/search/?ids=fgqcasm
2020-02-06,r/politics,"If you’re a Warren supporter because of her policies (which is the most rational reason to support a candidate), without question the candidate with the closest policy positions is Sanders. Especially on the big stuff like healthcare and economic reforms.

To then say “well, some of the supporters of Sanders are rude on the internet, so I’m thinking of now supporting someone else who has no policy positions that mirror my preferred candidate” is just very confusing.

I’m not trying to be rude or start a fight, this is just a very curious train of thought.",https://undelete.pullpush.io/r/politics/comments/ezy3jv/_/fgqdkpw/,https://api.pullpush.io/reddit/comment/search/?ids=fgqdkpw
2020-02-06,r/SocialistRA,"The 4473 only asks if you’re a user, so if the weed in your home is legal in your state than there isn’t a legal issue there. (Check your state laws, this can differ place to place)

There is no piss test or anything like that, it’s just a box to be checked. I’d certainly not advise you to lie on a federal form, but if you aren’t using marijuana and check the box to say you aren’t using marijuana, then that’s the end of it.

Furthermore, in and of itself this isn’t something that will be investigated by law enforcement or pursued by a Federal prosecutor unless you manage to get caught breaking other laws of a more serious nature. Here in Maine a few people have in fact been prosecuted for this (we have medical and recreational), but it’s always been because the defendants have committed a more serious crime and in the investigation of that it becomes clear they were using federally illegal substances when they filled out their 4473, and therefore lying on a federal form.

It doesn’t ask if you’ve used marijuana in the past, it simply asks if you use federally illegal substances concurrent with when you sign the form.

One thing that I would NOT advise is to fill out a 4473 claiming you don’t use marijuana WHILE also holding a state medical card yourself. While a good lawyer might be able to argue that holding a card doesn’t necessarily show current use, it’s just probably not worth the risk and hassle.",https://undelete.pullpush.io/r/SocialistRA/comments/ezyx15/_/fgqgdmn/,https://api.pullpush.io/reddit/comment/search/?ids=fgqgdmn
2020-02-07,r/Maine,"Yeah, it’s confusing. The primary vote is to assign the amount of delegates Maine will send to the convention for the qualifying candidates. The caucus will choose who the actual people will be (sort of, your area will send delegates to the state convention, and they will vote on who the delegates are who will go to Milwaukee).

However, it’s is stipulated that the delegates sent from the State convention are in fact supporters of the candidate they are representing. So Maine can’t vote overwhelmingly for Warren, but then the convention sends a majority of Buttigieg supporters (or whichever variation on that you prefer). 

Pure numbers wise, the primary is the one you need to take part in. But caucus if you can, the more people exposed to the process the better.",https://undelete.pullpush.io/r/Maine/comments/f01s1c/_/fgr2w63/,https://api.pullpush.io/reddit/comment/search/?ids=fgr2w63
2020-02-07,r/politics,They already do that. Here in Maine they have jurisdiction over the entire state because of our border with Canada and our coastline. They go to the bus station in Bangor and ask people for their papers. It’s goddamn disgusting.,https://undelete.pullpush.io/r/politics/comments/f01631/_/fgr3rla/,https://api.pullpush.io/reddit/comment/search/?ids=fgr3rla
2020-02-07,r/USMC,"Yoga, bro. I’ve got some slipped disks which can be a real bitch, but core work can help stabilize everything and elongate your spine enough to take some pressure off.

Core work ain’t ab work, do planks and stabilizing exercises. Anecdotally, throwing in some lighter KB swings in between sets for lifting has also helped me get some lower back strength back, but that’s just me.",https://undelete.pullpush.io/r/USMC/comments/f01v5c/_/fgr4j7s/,https://api.pullpush.io/reddit/comment/search/?ids=fgr4j7s
2020-02-07,r/liberalgunowners,"Hell, don’t stop there. She’s full on saying what he did was fucked up and his statements about it all being scripted are false. 

This is some goooood schadenfreude.",https://undelete.pullpush.io/r/liberalgunowners/comments/f02kuv/_/fgr4y6u/,https://api.pullpush.io/reddit/comment/search/?ids=fgr4y6u
2020-02-07,r/Maine,"I won’t lie, I love the shit out of this. That’s some A-1 political trolling right there, she’s going to get the snowflakes on the right proper worked up over this one.

I got a good old fashioned belly laugh when I opened that page.",https://undelete.pullpush.io/r/Maine/comments/f028hm/_/fgr8qrt/,https://api.pullpush.io/reddit/comment/search/?ids=fgr8qrt
2020-02-07,r/Maine,"? 
The results aren’t different, the primary assigns the number of delegates, the caucuses choose who those delegates will be (with the requisite number of delegates for each qualifying candidate representing the results of the primary).",https://undelete.pullpush.io/r/Maine/comments/f01s1c/_/fgrl5uv/,https://api.pullpush.io/reddit/comment/search/?ids=fgrl5uv
2020-02-07,r/SocialistRA,"I was referring to the OP’s question about the 4473, if his wife has legal medical and he isn’t using, there is no legal issue checking the no box on the 4473.

I mean yes, on the off chance federal law enforcement enter your home, you could be charged. Here in Maine, state and local cops have pretty much stopped enforcing federal marijuana laws unless it’s tied to a more serious case. 

If you think there’s a likelihood federal law enforcement will be in your home sometime in the future, don’t have weed and guns.

ETA: Hell, there are armed security companies in Massachusetts and Colorado who’s specific business is to provide armed guards on marijuana farms and dispensaries. They even advertise.",https://undelete.pullpush.io/r/SocialistRA/comments/ezyx15/_/fgt2men/,https://api.pullpush.io/reddit/comment/search/?ids=fgt2men
2020-02-07,r/SocialistRA,"I am not. The 4473 does not ask if you have used it in the past, it asks if you’re a user. The OP says he has stopped usage, and if he is not a user when he signs the 4473, he’s not lying.

Of course this is all pretty much semantics, it’s entirely unenforceable and as has been shown in state with legal medical and recreational, the pure existence of a firearm around legal marijuana has not been an issue that federal law enforcement has been specifically targeting.

If the OP isn’t using marijuana and isn’t in possession of marijuana, then they aren’t lying on the 4473.",https://undelete.pullpush.io/r/SocialistRA/comments/ezyx15/_/fgt95ln/,https://api.pullpush.io/reddit/comment/search/?ids=fgt95ln
2020-02-07,r/SigSauer,"Huh, I was wondering what was up. My local shop had a whole case of Virtus’ for a while, and they were definitely getting sold and replaced. Last few months there’s been one MPX and a 716 in that case, it’s been looking pretty bare.",https://undelete.pullpush.io/r/SigSauer/comments/f0fgrw/_/fgtgi9q/,https://api.pullpush.io/reddit/comment/search/?ids=fgtgi9q
2020-02-11,r/Military,"Uh, the Sanders plan specifically includes trade schools. So they certainly are included in this debate.",https://undelete.pullpush.io/r/Military/comments/f1xy1p/_/fh9w27p/,https://api.pullpush.io/reddit/comment/search/?ids=fh9w27p
2020-02-11,r/Military,"Uh, the Sanders plan specifically includes trade schools. So they certainly are included in this debate.",https://undelete.pullpush.io/r/Military/comments/f1xy1p/_/fh9w27p/,https://api.pullpush.io/reddit/comment/search/?ids=fh9w27p
2020-02-11,r/Military,"I went to college on the GI Bill. Managed to get into a good (and expensive) private university I could never afford without it and got an excellent education.

My college girlfriend came from a working class background and didn’t have access to family money for school. She finished with an insane amount of debt, and will be paying in off for a very long time. I’d gladly see the program that benefited me extend to other Americans to mitigate this kind of bullshit.

The GI Bill can be used for a myriad of educational options, not simply a 4 year undergrad degree, and it affords those who take advantage of it some fantastic opportunities. I’ve got no problem extending that kind of program to the population as a whole, as long as it can be utilized to leverage dropping education costs. Which it could, as universities and programs would have to bargain with a single payer of great power (the federal government) instead of simply imposing costs upon individuals. 

The GI Bill gave an entire generation a leg up post WWII, and resulted in a vast societal improvement. There’s no reason to hold ourselves as a nation back by having that kind of opportunity denied simply so those of us who did time in uniform can jealousy hold onto it. Hell, most folks in uniform have barely made a sacrifice anyways, it’s not like the ranks of the military are full of hardened infantry combat veterans who the nation owes a debt. 

There’s nothing offensive about someone thinking such a beneficial program should extend to the general population in some manner or other, but I’m sure the pearl clutching “thank me for my service” losers will fall over themselves to be offended.",https://undelete.pullpush.io/r/Military/comments/f1xy1p/_/fh9xkwh/,https://api.pullpush.io/reddit/comment/search/?ids=fh9xkwh
2020-02-11,r/Maine,65!! Is this person just made out of money?,https://undelete.pullpush.io/r/Maine/comments/f2dp3u/_/fhc6osw/,https://api.pullpush.io/reddit/comment/search/?ids=fhc6osw
2020-02-11,r/Maine,"I drove past this last weekend and thought “holy shit, there’s no way that’s real.”

Huh.",https://undelete.pullpush.io/r/Maine/comments/f28ocw/_/fhc8pgo/,https://api.pullpush.io/reddit/comment/search/?ids=fhc8pgo
2020-02-11,r/SocialistRA,"If you’ve got the cash to drop, a good LVPO is hard to beat. Something many folks forget is that a magnified optic helps not just with accuracy at range, but also observation and target identification. Over the years I’ve used everything from Eotechs, Aimpoint micros and CompM4’s, ACOG’s, RMR’s and 1-6/1-8 LVPO’s. I still have many of those on my rifles, but if I had one rifle and wanted it to do many jobs, a rugged LVPO would be my choice.

I never really liked the fixed power route, under a timer It’s always a little slower and at close range it’s just clunky. Plus, a fixed power that is low enough to still be fairly quick at close range also doesn’t give you decent magnification at distance, so you’re really getting the worst of both worlds. Not to say they’re awful, the ACOG is a good optic, but personally I’d prefer a straight RDS with a flip magnifier, or the best option which is an LVPO.

I’m still faster on the shot timer (not by much) at ranges below 100m with a simple RDS, and the weight savings can be quite pleasant, but the ability to see what’s going on at distance and then make precision-ish hits with an LVPO is an important capability. 

My last infantry deployment (granted this was in 2011) I had an Aimpoint T1 with a 3X magnifier on a Larue flip mount. It was a good combo, but the moment I played with a 1-6 Vortex Razor I was sold. The ability to get some good magnification on the gun, and in a manner where target engagement is just a trigger pull away, was fantastic. Combine that with a RDS-like view on 1X power and you’ve got something that can tackle most requirements within usual infantry engagement ranges.

All that said, if you’ve got an AR that you intend to use only for home defense and don’t care about other scenarios like hunting, than a good RDS won’t do you wrong.",https://undelete.pullpush.io/r/SocialistRA/comments/f2cnyg/_/fhcc5gf/,https://api.pullpush.io/reddit/comment/search/?ids=fhcc5gf
2020-02-11,r/Firearms,Be careful where you say that. We passed it in Maine (voted for it twice now) and the Republican Party here is doing everything in their power to make sure it gets killed off.,https://undelete.pullpush.io/r/Firearms/comments/f2duvz/_/fhcik45/,https://api.pullpush.io/reddit/comment/search/?ids=fhcik45
2020-02-11,r/Firearms,"Well, I’d generally agree with you, but it’s literally just the GOP here. The Democratic Party in Maine has thrown their support behind RCV wholeheartedly. That makes it difficult for me to buy into the whole “both sides” thing on this issue.",https://undelete.pullpush.io/r/Firearms/comments/f2duvz/_/fhcjlv2/,https://api.pullpush.io/reddit/comment/search/?ids=fhcjlv2
2020-02-12,r/SocialistRA,"You can definitely ring steel out to 500 with just an RDS, I’ve seen plenty of good shooters do it regularly. But realistically you have no clue what you’re engaging, so it’s more of a flat range trick than anything else.

You’re right to be hesitant, and an LVPO will do wonders for proper and responsible target engagement.",https://undelete.pullpush.io/r/SocialistRA/comments/f2cnyg/_/fhcx7pq/,https://api.pullpush.io/reddit/comment/search/?ids=fhcx7pq
2020-02-12,r/SocialistRA,Bernie.,https://undelete.pullpush.io/r/SocialistRA/comments/f2lnkl/_/fhdd01p/,https://api.pullpush.io/reddit/comment/search/?ids=fhdd01p
2020-02-12,r/Maine,"Just looked it up. Holy shit, the crazies quite literally torpedoed it. One more reason to dislike the “vaccines are bad” crowd.",https://undelete.pullpush.io/r/Maine/comments/f2rsmf/_/fheam0z/,https://api.pullpush.io/reddit/comment/search/?ids=fheam0z
2020-02-13,r/USMC,"Took two months of terminal, most of it combat leave, so I was making a pretty penny doing just about nothing. Went backpacking through Europe  on the government dime, walked the Camino de Santiago, did some drugs and had a blast partying it up in hostels across the continent. Then went home and went to college.

I highly recommend it. No regrets.",https://undelete.pullpush.io/r/USMC/comments/f31y7o/_/fhge89p/,https://api.pullpush.io/reddit/comment/search/?ids=fhge89p
2020-02-13,r/USMC,"It might be the only time in your life you find yourself completely unattached and without any major responsibilities. Use that. Take a trip, go see the world, make a few mistakes, and learn what you want out of life. There’s plenty of time to do all the “responsible” things later.",https://undelete.pullpush.io/r/USMC/comments/f31y7o/_/fhh8cyy/,https://api.pullpush.io/reddit/comment/search/?ids=fhh8cyy
2020-02-19,r/Maine,"Glad to see some pushback from the working community against the attempts of wealthy landowners to interfere with how some of us make our living in Maine. 

Great to see a bunch of familiar faces. Thanks for sharing.",https://undelete.pullpush.io/r/Maine/comments/f6179h/_/fi2409r/,https://api.pullpush.io/reddit/comment/search/?ids=fi2409r
2020-02-19,r/politics,"Maine checking in. Voted for Bernie today. Not entirely sure what’s “fractured” about our primary though, we just have the same choices everyone else has...",https://undelete.pullpush.io/r/politics/comments/f61hw4/_/fi2bhen/,https://api.pullpush.io/reddit/comment/search/?ids=fi2bhen
2020-02-19,r/politics,"We’ve got a sizeable continent of people in this state who think Trump is a good thing, so Collins’ protecting of Trump is seen as a virtue. In fact, to many she is seen as being not loyal enough due to her comments about the president.

It’s batshit insanity for sure, and fingers-crossed those people don’t make up a majority. With ranked choice I’m optimistic, but the state GOP has already started some chicanery to keep ranked choice from being used in the upcoming fall election (even though we’ve voted for it multiple times and already used it in 2018).",https://undelete.pullpush.io/r/politics/comments/f6evfb/_/fi4f807/,https://api.pullpush.io/reddit/comment/search/?ids=fi4f807
2020-02-19,r/CombatFootage,Semper Fidelis.,https://undelete.pullpush.io/r/CombatFootage/comments/f6f6ze/_/fi4gf7s/,https://api.pullpush.io/reddit/comment/search/?ids=fi4gf7s
2020-02-19,r/politics,"I’ve seen this mentioned a few times, but after some googling and twitter reading can’t find a solid link. Got one? It wouldn’t remotely surprise me, but I want to be sure before repeating it.",https://undelete.pullpush.io/r/politics/comments/f6ir7j/_/fi56lzy/,https://api.pullpush.io/reddit/comment/search/?ids=fi56lzy
2020-02-19,r/Military,What a stud. Rock on.,https://undelete.pullpush.io/r/Military/comments/f68xdv/_/fi56zii/,https://api.pullpush.io/reddit/comment/search/?ids=fi56zii
2020-02-19,r/ar15,"This is the answer. If you’ve got fucked mags, don’t just turn em in to the arms room or some poor bastard is just gonna get them issued out to him. Don’t be a buddy fucker.",https://undelete.pullpush.io/r/ar15/comments/f68aj8/_/fi57gru/,https://api.pullpush.io/reddit/comment/search/?ids=fi57gru
2020-02-20,r/politics,"Awesome, much appreciated. Although he did just write an article a few days ago saying Bloomberg shouldn’t attend the debate tonight, so I’m not so sure how involved he is in the current campaign.

https://www.cnn.com/2020/02/14/opinions/michael-bloomberg-2020-avoid-debates-wierson/index.html",https://undelete.pullpush.io/r/politics/comments/f6ir7j/_/fi57w1v/,https://api.pullpush.io/reddit/comment/search/?ids=fi57w1v
2020-02-20,r/USMC,Posers.,https://undelete.pullpush.io/r/USMC/comments/f6k0co/_/fi5g5rc/,https://api.pullpush.io/reddit/comment/search/?ids=fi5g5rc
2020-02-20,r/leftistveterans,Sup dawg. OIF/OEF checking in.,https://undelete.pullpush.io/r/leftistveterans/comments/f6mgq7/_/fi5u8ky/,https://api.pullpush.io/reddit/comment/search/?ids=fi5u8ky
2020-02-20,r/leftistveterans,"No apologies necessary, friend. Everything you wrote mirrors much of my own thinking.",https://undelete.pullpush.io/r/leftistveterans/comments/f6nquc/_/fi7oh8b/,https://api.pullpush.io/reddit/comment/search/?ids=fi7oh8b
2020-02-25,r/Firearms,“Black Hearts” by Jim Frederick is an excellent book on this incident. I used to make all my team leaders read it as a reminder of what happens when leadership at even the lowest level begins to break down.,https://undelete.pullpush.io/r/Firearms/comments/f9bldt/_/fir18se/,https://api.pullpush.io/reddit/comment/search/?ids=fir18se
2020-02-25,r/USMC,The only “gear SOP” I’ve run into in the infantry is a minimum requirement of certain items. How you choose to carry them is generally up to you as long as your team leader/squad leader doesn’t think it’s fucking retarded.,https://undelete.pullpush.io/r/USMC/comments/f9gjjq/_/firozfj/,https://api.pullpush.io/reddit/comment/search/?ids=firozfj
2020-02-25,r/leftistveterans,"I’m also an FI, and can tell you military service doesn’t mean fuck all when it comes to firearms proficiency. 

Sadly, lots of veterans think that by dint of having once used a weapon in uniform (even in combat) they have some inherent skill with it. But even in the infantry only a small percentage are people I would qualify as true experts with their personal weapons.

When it comes to handguns, unless a person has come out of a SOF unit (and that’s not even a guarantee) they won’t have gotten anything substantial from their military training.

Treat them like any other student. If they demonstrate proficiency and safe weapons handling, then fantastic. If they suck and are unsafe, treat them as you would anyone else. If they try to pull some “when I was in the Army/Navy/Marines/junior ROTC” garbage, just ask them why they hadn’t learned how to be proficient there.

Remember, shot groups and a timer don’t lie. Use that to show them they may not be as good as they think, and then offer improvements. If they can’t take the criticism, that’s their problem.",https://undelete.pullpush.io/r/leftistveterans/comments/f9fygv/_/firqs9b/,https://api.pullpush.io/reddit/comment/search/?ids=firqs9b
2020-02-26,r/Maine,"I got the exact same slate of mailers.

Come on Mike, at least put them on newspaper stock so us poors can have better luck at starting a fire.",https://undelete.pullpush.io/r/Maine/comments/f9jbgj/_/fis3x9g/,https://api.pullpush.io/reddit/comment/search/?ids=fis3x9g
2020-02-26,r/Maine,Fuck yeah.,https://undelete.pullpush.io/r/Maine/comments/f9kzsd/_/fisa4zv/,https://api.pullpush.io/reddit/comment/search/?ids=fisa4zv
2020-02-26,r/Maine,"“The journalist was barred from the event by party leaders but managed to listen to the senator’s speech from a hotel hallway.”

Beautiful. It’s good to see journalists doing actual journalism instead of just repeating talking points.",https://undelete.pullpush.io/r/Maine/comments/f9k093/_/fisdxmy/,https://api.pullpush.io/reddit/comment/search/?ids=fisdxmy
2020-02-27,r/USMC,Excellent decision.,https://undelete.pullpush.io/r/USMC/comments/fa4m6o/_/fivwd7a/,https://api.pullpush.io/reddit/comment/search/?ids=fivwd7a
2020-02-27,r/SocialistRA,Shooting outside is more pleasant anyways.,https://undelete.pullpush.io/r/SocialistRA/comments/fajgei/_/fiyiptm/,https://api.pullpush.io/reddit/comment/search/?ids=fiyiptm
2020-02-28,r/Maine,"As much as I’d love to agree, it’s just not the case around here. It’s all the hippie back to the lander types, generally great people but many have gone off the deep end on the vaccine question.",https://undelete.pullpush.io/r/Maine/comments/faea87/_/fj0bwwj/,https://api.pullpush.io/reddit/comment/search/?ids=fj0bwwj
2020-02-28,r/Maine,"Last I heard it was still down for the count, there was a bunch of legal fall out because they hadn’t been insured and I think he tried to sue the fire department for not saving it. This was all through the downeast rumor mill of course, so I can’t say for sure. I’ll be in Bass Harbor in a couple weeks and will swing by the lot to see if anything has happened.",https://undelete.pullpush.io/r/Maine/comments/fav2qn/_/fj1amsq/,https://api.pullpush.io/reddit/comment/search/?ids=fj1amsq
2020-02-28,r/Maine,"Goddamn right. When I was a kid the joke was Peppers was the place to go to buy heroin or get stabbed. It’s not quite that rough anymore.

Last time I was in some guy in a snowmobile outfit walked up to me and asked “so who are you?” I told him my name, but expected some kind of altercation. Instead he just yelled to the bartender “Hey, get P-Hustle a beer on my tab!”

I do love that place.",https://undelete.pullpush.io/r/Maine/comments/fav2qn/_/fj1b0y0/,https://api.pullpush.io/reddit/comment/search/?ids=fj1b0y0
2020-02-28,r/Maine,This is the proper response.,https://undelete.pullpush.io/r/Maine/comments/fb1h2z/_/fj1uhlb/,https://api.pullpush.io/reddit/comment/search/?ids=fj1uhlb
2020-03-02,r/Maine,Stonington,https://undelete.pullpush.io/r/Maine/comments/fcbsmt/_/fj9ubi3/,https://api.pullpush.io/reddit/comment/search/?ids=fj9ubi3
2020-03-02,r/politics,"It was time to go a while back. It’s just a goddamn waste, what has to get sorted out over there isn’t going to involve the United States. I did several rotations in Afghanistan between 2010 and 2018, it’s utterly pointless.",https://undelete.pullpush.io/r/politics/comments/fcetbu/_/fjapg6w/,https://api.pullpush.io/reddit/comment/search/?ids=fjapg6w
2020-03-04,r/Military,"Well, since we didn’t include the Afghan government in the negotiations, it stands the Taliban didn’t feel the need to include them in the cease fire. Diplomatic incompetence at its finest.",https://undelete.pullpush.io/r/Military/comments/fdfl9u/_/fjhnocn/,https://api.pullpush.io/reddit/comment/search/?ids=fjhnocn
2020-03-04,r/SocialistRA,"Any striker fired polymer that feels best in your hand. These days, accuracy and reliability are pretty much the same across models, so get what feels best for you.",https://undelete.pullpush.io/r/SocialistRA/comments/fdhij4/_/fjhp4lj/,https://api.pullpush.io/reddit/comment/search/?ids=fjhp4lj
2020-03-04,r/SRAWeekend,Always loved the MG3 when we worked with krauts and Spaniards. It’s a fantastic MMG.,https://undelete.pullpush.io/r/SRAWeekend/comments/fdjjl9/_/fjhwuu5/,https://api.pullpush.io/reddit/comment/search/?ids=fjhwuu5
2020-03-06,r/Maine,"No, you’re ruining mine.",https://undelete.pullpush.io/r/Maine/comments/fej98r/_/fjoy7uh/,https://api.pullpush.io/reddit/comment/search/?ids=fjoy7uh
2020-03-07,r/Maine,This read brought me great joy. Thank you for sharing.,https://undelete.pullpush.io/r/Maine/comments/fen6nq/_/fjpd2dj/,https://api.pullpush.io/reddit/comment/search/?ids=fjpd2dj
2020-03-07,r/SocialistRA,I’m getting too old for this shit.,https://undelete.pullpush.io/r/SocialistRA/comments/fek3dq/_/fjs12bj/,https://api.pullpush.io/reddit/comment/search/?ids=fjs12bj
2020-03-10,r/CombatFootage,"April 2, 2005. Complex attack on Abu Ghraib, which my company (Kilo 3/8) was using as a patrol base at the time. The Marines in the towers were an arty outfit, although I can’t remember which one. We took a ton of indirect all over the base while insurgent MG positions suppressed the towers (you can see the impacts in the video) as they moved the VBIED up.

My squad was on QRF, we moved to the west gate of the prison to lay down suppressing fire for the company’s 3rd Platoon, who moved west into Nasser Wa Salaam under fire to pick up one of their squads who had found themselves out patrolling behind the insurgent lines when the attack came. 

Pretty wild day, first real fight I was in.",https://undelete.pullpush.io/r/CombatFootage/comments/fgd25u/_/fk42wty/,https://api.pullpush.io/reddit/comment/search/?ids=fk42wty
2020-03-10,r/politics,"Joe was not right. On his website he advocates for putting magazines and “assault weapons” on the NFA or requiring owners to sell them to the government. That’s quite literally restricting that guys 2nd Amendment rights, especially if he currently owns an AR.",https://undelete.pullpush.io/r/politics/comments/fgfx5z/_/fk4ho19/,https://api.pullpush.io/reddit/comment/search/?ids=fk4ho19
2020-03-10,r/CombatFootage,"Pretty sure the dudes in the towers took a bunch of wounded, but I don’t believe there were any KIA’s that day. They were a different unit, so I can’t be totally sure. Lots of bells got rung for sure.",https://undelete.pullpush.io/r/CombatFootage/comments/fgd25u/_/fk4ida9/,https://api.pullpush.io/reddit/comment/search/?ids=fk4ida9
2020-03-11,r/SocialistRA,AR/AK/really any magazine fed self-loading rifle chambered in a popular cartridge and a 9mm semi-auto pistol. These are the basics of any personal armory that is meant for defense.,https://undelete.pullpush.io/r/SocialistRA/comments/fgqmt9/_/fk6cl5r/,https://api.pullpush.io/reddit/comment/search/?ids=fk6cl5r
2020-03-11,r/CombatFootage,"Awesome, thanks. I’d been wondering for a few years who it was.",https://undelete.pullpush.io/r/CombatFootage/comments/fgd25u/_/fk79ijy/,https://api.pullpush.io/reddit/comment/search/?ids=fk79ijy
2020-03-11,r/Maine,"It will get “counted” in the sense that the number of people who vote a certain candidate as a first choice will be publicly available (which is great for increasing visibility for third party candidates).

But unlike the previous system, if no one reaches a majority in the first round, the candidate with the lowest number of votes will be crossed off and the second choice on those ballots will then be distributed. This process will continue until a majority is reached.

But how that process unfolds is registered and made available. In 2018 Tiffany Bond and William Hoar received a little over 25,000 votes between the two of them, but after the redistribution most of the second choices were Jared Golden. So your  first choice vote won’t be “lost”.",https://undelete.pullpush.io/r/Maine/comments/fgwgr1/_/fk7agbp/,https://api.pullpush.io/reddit/comment/search/?ids=fk7agbp
2020-03-12,r/SocialistRA,"Yup, M&amp;Ps are a good striker fired pistol. If it feels good in your hand and you shoot it well, there’s no reason not to.",https://undelete.pullpush.io/r/SocialistRA/comments/fhiuvo/_/fkbjh4g/,https://api.pullpush.io/reddit/comment/search/?ids=fkbjh4g
2020-03-12,r/SocialistRA,"Absolutely. I’d always recommend a Glock over anything else due to availability and support, but know a lot of people hate the way they shoot. And with the M&amp;P’s popularity with a lot of departments, the availability of support gear is still better than some more niche guns like CZ’s and Springfields.",https://undelete.pullpush.io/r/SocialistRA/comments/fhiuvo/_/fkbva2e/,https://api.pullpush.io/reddit/comment/search/?ids=fkbva2e
2020-03-12,r/Military,Oh get fucked. If they know it’s an issue they’d better fix it.,https://undelete.pullpush.io/r/Military/comments/fhmit1/_/fkc5t4v/,https://api.pullpush.io/reddit/comment/search/?ids=fkc5t4v
2020-03-13,r/Maine,"Well, at least now we know who to blame.",https://undelete.pullpush.io/r/Maine/comments/fhj734/_/fkdauus/,https://api.pullpush.io/reddit/comment/search/?ids=fkdauus
2020-03-16,r/USMC,I stand by the fact that SPIES is the only cool guy thing that is actually as fun as it looks.,https://undelete.pullpush.io/r/USMC/comments/fjbr84/_/fkmcd01/,https://api.pullpush.io/reddit/comment/search/?ids=fkmcd01
2020-03-16,r/Maine,Well this is the dumbest goddamn thing I’ve read this week. And in a week full of dumb things as well. Maybe if you still lived here you’d recognize the ridiculousness of that statement.,https://undelete.pullpush.io/r/Maine/comments/fjdf27/_/fknwcxq/,https://api.pullpush.io/reddit/comment/search/?ids=fknwcxq
2020-03-16,r/Military,"Is this a fucking joke? Even if the dude had a radio or even a weapon that he had dropped, that’s someone who gets bagged and tagged and dragged on home, not executed for shits and giggles.

I’ve got no problem with killing folks or putting rounds in bodies soon after taking a position to verify they won’t be fucking with you, but this video shows something that is quite easily condemnable. Unarmed dude on the ground, and if you’ve got time to ask 3 times if you can shoot him, obviously you’ve got time to zip tie him.

As for “what if he lost friends recently”, well suck it the fuck up. I’ve been in units that took lots of casualties and that’s no excuse to just go executing random people because you can’t handle grief like a professional.",https://undelete.pullpush.io/r/Military/comments/fjkjv1/_/fko7u2m/,https://api.pullpush.io/reddit/comment/search/?ids=fko7u2m
2020-03-17,r/SocialistRA,Magpul UBR,https://undelete.pullpush.io/r/SocialistRA/comments/fjtxw2/_/fkpgi04/,https://api.pullpush.io/reddit/comment/search/?ids=fkpgi04
2020-03-17,r/Military,Whoever his squad leader is sucks ass at his job.,https://undelete.pullpush.io/r/Military/comments/fjus17/_/fkpj4su/,https://api.pullpush.io/reddit/comment/search/?ids=fkpj4su
2020-03-17,r/USMC,This is childish garbage. Show me someone dumping unaimed fire and I’ll show you someone with a shitty squad leader.,https://undelete.pullpush.io/r/USMC/comments/fjure8/_/fkpjc8j/,https://api.pullpush.io/reddit/comment/search/?ids=fkpjc8j
2020-03-17,r/USMC,Plenty of r/syriancivilwar and r/combatfootage posts to prove the point. Amateur hour.,https://undelete.pullpush.io/r/USMC/comments/fjure8/_/fkpktzc/,https://api.pullpush.io/reddit/comment/search/?ids=fkpktzc
2020-03-17,r/Military,Spoken like a true amateur.,https://undelete.pullpush.io/r/Military/comments/fjus17/_/fkpkwmp/,https://api.pullpush.io/reddit/comment/search/?ids=fkpkwmp
2020-03-17,r/SocialistRA,"It’s an excellent stock, but heavy.",https://undelete.pullpush.io/r/SocialistRA/comments/fjtxw2/_/fkpm01i/,https://api.pullpush.io/reddit/comment/search/?ids=fkpm01i
2020-03-17,r/Military,"Your rage brings me joy, friend. Let us stomp fucksticks together.",https://undelete.pullpush.io/r/Military/comments/fjus17/_/fkpmbby/,https://api.pullpush.io/reddit/comment/search/?ids=fkpmbby
2020-03-17,r/USMC,"No, he didn’t. Fire superiority isn’t the noise you make, it’s the effect that fire has on enemy positions. If your rounds are just out in the stratosphere, any infantryman worth a shit knows you aren’t going to hurt him. And Afghans have been getting shot at since they were toddlers. 

Bullets in meat means fire superiority, not this bullshit.",https://undelete.pullpush.io/r/USMC/comments/fjure8/_/fkprfpw/,https://api.pullpush.io/reddit/comment/search/?ids=fkprfpw
2020-03-17,r/Military,Speaking my language brother.,https://undelete.pullpush.io/r/Military/comments/fjus17/_/fkprmrh/,https://api.pullpush.io/reddit/comment/search/?ids=fkprmrh
2020-03-17,r/USMC,"If that’s what you think, we were fighting different Afghans. They’d boogie when we called in bombs, but when it came to throwing rounds at each other those boys weren’t bitches. They knew what killing sounded like vs scared 19 year olds.",https://undelete.pullpush.io/r/USMC/comments/fjure8/_/fkq27zb/,https://api.pullpush.io/reddit/comment/search/?ids=fkq27zb
2020-03-17,r/USMC,"I was up in the northeast, and while they generally couldn’t hit a fucking thing with small arms, they would happily exchange rifle fire (and then displace, since they were far more mobile than we were). I saw lots of dudes expend ammunition at nothing in particular, which is a pet peeve of mine.",https://undelete.pullpush.io/r/USMC/comments/fjure8/_/fkqi6go/,https://api.pullpush.io/reddit/comment/search/?ids=fkqi6go
2020-03-17,r/USMC,Fantastic.,https://undelete.pullpush.io/r/USMC/comments/fk1rol/_/fkqiol0/,https://api.pullpush.io/reddit/comment/search/?ids=fkqiol0
2020-03-17,r/Maine,"You’ll need a harvester license through the state (available through LEEDS on the DMR website). Actual regulation is done on the town level, so go down to your town office and ask about whatever local permitting/restrictions. 

DON’T IGNORE RESTRICTIONS. Areas are closed for a reason. DMR does a good job of testing water quality and for the most part places are closed for very rational reasons.

Equipment depends on what you’re harvesting, but a cooler, some 5 gallon buckets, and a clam rake from Hamilton Marine will start you off. 

Your town office should be able to answer most questions, and if they can’t just ask for the shellfish wardens number and he can walk you through.

The restrictions on seasons and times are all local, most areas have a shellfish committee that takes measures to mitigate things like predation and over-harvesting. Again, your town office can point you to them.",https://undelete.pullpush.io/r/Maine/comments/fk5755/_/fkqomnt/,https://api.pullpush.io/reddit/comment/search/?ids=fkqomnt
2020-03-17,r/USMC,"Fallujah ‘05, Ramadi ‘06.",https://undelete.pullpush.io/r/USMC/comments/fjure8/_/fkqyem0/,https://api.pullpush.io/reddit/comment/search/?ids=fkqyem0
2020-03-17,r/oysters,"I’m still not sure people have grasped how serious the impact of this all is going to be. Shellfish is currently a semi-luxury item that is generally eaten outside of the home, and while that keeps the price high also makes the market incredibly fragile when it comes to disruptions. 

Luckily we’re between year classes on my farm, so this was going to be a slow season anyways. But the larger farms that rely on regular high volume sales are going to feel the squeeze.",https://undelete.pullpush.io/r/oysters/comments/fk6rrn/_/fkr1hes/,https://api.pullpush.io/reddit/comment/search/?ids=fkr1hes
2020-03-17,r/USMC,it becuz I went coledge,https://undelete.pullpush.io/r/USMC/comments/fjure8/_/fkr2m6x/,https://api.pullpush.io/reddit/comment/search/?ids=fkr2m6x
2020-03-17,r/USMC,What happened? I blacked out there.,https://undelete.pullpush.io/r/USMC/comments/fjure8/_/fkr6v6o/,https://api.pullpush.io/reddit/comment/search/?ids=fkr6v6o
2020-03-17,r/Military,Truman did say we have a propaganda machine to rival Stalins....,https://undelete.pullpush.io/r/Military/comments/fk7ppt/_/fkr9dv8/,https://api.pullpush.io/reddit/comment/search/?ids=fkr9dv8
2020-03-17,r/oysters,"I took over a small farm a few years ago, it had been a hobby sized operation for a guy in semi-retirement. In the year before I got involved he had purchased a very small amount of seed since he thought he might be giving it up. We’re in Maine, and with our water temps it takes 3 growing seasons to get to market sized.

So this year we’ll be taking to market the oysters from that year class, which just happens to be very small.",https://undelete.pullpush.io/r/oysters/comments/fk6rrn/_/fkrmc2m/,https://api.pullpush.io/reddit/comment/search/?ids=fkrmc2m
2020-03-18,r/SigSauer,"Agreed. My Gen 2 has without question the worst trigger in my collection. Feels like it’s full of sand, the break isn’t smooth, and the reset is long and mushy. I love the gun, but holy shit SIG.",https://undelete.pullpush.io/r/SigSauer/comments/fkjm63/_/fku447f/,https://api.pullpush.io/reddit/comment/search/?ids=fku447f
2020-03-18,r/SigSauer,I think an email to customer service might be in order.,https://undelete.pullpush.io/r/SigSauer/comments/fkjm63/_/fku7vzd/,https://api.pullpush.io/reddit/comment/search/?ids=fku7vzd
2020-03-18,r/Military,"Ok, now that’s funny.",https://undelete.pullpush.io/r/Military/comments/fkq37x/_/fkv2siz/,https://api.pullpush.io/reddit/comment/search/?ids=fkv2siz
2020-03-18,r/Glocks,"Sights, light, and OEM trigger upgrades like disconnectors won’t likely degrade reliability.

Whole new trigger kits, barrels, and slides with all kinds of lightening cuts most certainly result in a gun that’s not really suited for duty use unless it gets tested out extensively to make sure the combination of upgrades hasn’t had a negative impact. 

Officer WWJD here clearly made himself a gun that looks cool and then never shot the piss out of it.",https://undelete.pullpush.io/r/Glocks/comments/fksu4c/_/fkv50t0/,https://api.pullpush.io/reddit/comment/search/?ids=fkv50t0
2020-03-19,r/tacticalgear,Looks great! Belt kit is highly underrated in the states.,https://undelete.pullpush.io/r/tacticalgear/comments/fl8vu9/_/fkxasx6/,https://api.pullpush.io/reddit/comment/search/?ids=fkxasx6
2020-03-19,r/Maine,Call the sheriff. Seriously. This is how things get out of hand.,https://undelete.pullpush.io/r/Maine/comments/flb2fk/_/fkxjwjr/,https://api.pullpush.io/reddit/comment/search/?ids=fkxjwjr
2020-03-19,r/Maine,Of course it is. The most ironically named town in Maine.,https://undelete.pullpush.io/r/Maine/comments/flb2fk/_/fkxq0u4/,https://api.pullpush.io/reddit/comment/search/?ids=fkxq0u4
2020-03-21,r/Maine,"Yeah, tell that to the lady at Hannaford in Ellsworth this morning who has just arrived from NYC in her Lexus and was en route to her sisters summer place in Northeast Harbor.

She was proudly telling someone how she’d driven all night and spent $1,000 in groceries for her and her two kids as I walked past.

Some of these people don’t give a fuck about the health of others.",https://undelete.pullpush.io/r/Maine/comments/fmimxa/_/fl4nejb/,https://api.pullpush.io/reddit/comment/search/?ids=fl4nejb
2020-03-21,r/Maine,It happened to me this morning around 10 in the Ellsworth Hannaford parking lot. I was taking my cart back and heard the whole exchange.,https://undelete.pullpush.io/r/Maine/comments/fmimxa/_/fl4ufiv/,https://api.pullpush.io/reddit/comment/search/?ids=fl4ufiv
2020-03-24,r/USMC,"It’s in the reorg. As an old 3/8 guy, it’s a bummer, but it is what it is. At least we get rid of units in order, instead of the Army which has long lists of numbers that make no goddamn sense.

We’re just first in the countdown now that 9th is gone again.",https://undelete.pullpush.io/r/USMC/comments/fnp88y/_/flcbqo9/,https://api.pullpush.io/reddit/comment/search/?ids=flcbqo9
2020-03-24,r/todayilearned,"The Nearings are fascinating people, and their story is one of idealism, pragmatism, privilege, and naïveté. They ended their journey on Cape Rozier, not very far from where I grew up in Maine, and were instrumental in the “back to the land”-er movement that has formed a robust and effective farming community here.

The books are a great read, chock full of effective methods for sustainable living from a time when sustainable living wasn’t yet sexy. But they also never had children or pets, and were financially independent before they tackled their foray into living intentionally. They didn’t sell to a ski resort because they didn’t have to, not only because they felt a moral aversion to it.

Their story is simultaneously one of rugged self-reliance, while also being one of having the financial privilege to tackle such a thing in the post-WWII era. Amusingly, these exact same themes have carried through into today when it comes to “homesteading” and “organic farming”.",https://undelete.pullpush.io/r/todayilearned/comments/fnvylb/_/flce159/,https://api.pullpush.io/reddit/comment/search/?ids=flce159
2020-03-24,r/Maine,Fuck these people on so many levels.,https://undelete.pullpush.io/r/Maine/comments/fo1jha/_/fld38ve/,https://api.pullpush.io/reddit/comment/search/?ids=fld38ve
2020-03-25,r/Maine,I’m sure you have a well sourced and rational argument for this statement.,https://undelete.pullpush.io/r/Maine/comments/fob3c6/_/flf426t/,https://api.pullpush.io/reddit/comment/search/?ids=flf426t
2020-03-25,r/Maine,"Yeah...but when the GOP is using the present challenge just to funnel taxpayer money into the pockets of corporate interests with little oversight, they don’t get to pull a “but this is serious!” when Democrats try to stop them.",https://undelete.pullpush.io/r/Maine/comments/fob3c6/_/flf4849/,https://api.pullpush.io/reddit/comment/search/?ids=flf4849
2020-03-25,r/USMC,"I don’t know why I watched this. Maybe it’s because I’m drunk.

What in the holy fuck did I just see...

This was the gayest (not in the fun dick sucking way) thing I’ve ever seen. This dude is literally everything I hate all rolled into one. This bullshit positivity and vapid “influencer” bullshit is insulting. Of course this fucking loser is getting a degree in marketing.

My old angry infantry self is going to try and clear this weakness from my memory with a mixture of Jim Beam and WWII documentaries.",https://undelete.pullpush.io/r/USMC/comments/fofam6/_/flfp1gy/,https://api.pullpush.io/reddit/comment/search/?ids=flfp1gy
2020-03-25,r/videos,What a piece of shit.,https://undelete.pullpush.io/r/videos/comments/fopux8/_/flhmk1u/,https://api.pullpush.io/reddit/comment/search/?ids=flhmk1u
2020-03-28,r/Maine,"Rhode Island is now stopping and identifying New Yorkers, and enforcing 14 day quarantines for the ones who showed up. Tomorrow the RI National Guard will be doing it at the border.

Rhode Island ain’t fucking around.",https://undelete.pullpush.io/r/Maine/comments/fq89h4/_/flpf264/,https://api.pullpush.io/reddit/comment/search/?ids=flpf264
2020-03-28,r/tacticalgear,"SOC-C and APC? Shit man, I’ve got the exact same setup. Lower profile belts seem to be all the rage these days, but I humped the SOC-C all over northern Afghanistan and appreciated the padding and suspenders.",https://undelete.pullpush.io/r/tacticalgear/comments/fq4p0p/_/flqjorw/,https://api.pullpush.io/reddit/comment/search/?ids=flqjorw
2020-03-29,r/Maine,Friendship ain’t an island. And that whole story reeked of bullshit.,https://undelete.pullpush.io/r/Maine/comments/fqp42g/_/flslegq/,https://api.pullpush.io/reddit/comment/search/?ids=flslegq
2020-03-31,r/SocialistRA,"Not sure how it’s “easier to learn on”, the fundamentals of pistol shooting are pretty much the same across the board. The trigger will be crisper than a Glock, but it’s a steel framed single stack so you’re looking at half the ammunition and a bunch more weight. Not to mention a hell of a lot more money. I’ve got a few 1911’s and while they’re fun to shoot, they always have some form of problem. 

I will always recommend a Glock due to reliability, availability, and aftermarket support. But if your heart is set on it, the Range Officer isn’t a bad pistol.",https://undelete.pullpush.io/r/SocialistRA/comments/fsjsmn/_/fm1whfj/,https://api.pullpush.io/reddit/comment/search/?ids=fm1whfj
2020-03-31,r/SocialistRA,"You can learn the basics on any reliable pistol, I learned on the M9 and don’t feel like I’m any less good at pistol shooting because of it. Sure, a crisp trigger is nice, and maybe you’ll see some minor improvement in perceived recoil, but as a beginner you won’t be any better/worse because of them.

If you’ve got the cash and like the gun, then party on. I’m just pointing out it won’t be any “easier” to learn the fundamentals with, and as a defensive pistol has some major drawbacks to something like a modern striker fired polymer or a double stack steel frame.",https://undelete.pullpush.io/r/SocialistRA/comments/fsjsmn/_/fm2263s/,https://api.pullpush.io/reddit/comment/search/?ids=fm2263s
2020-04-03,r/USMC,"The disparity is insane. Some will bend over backwards for you and do everything but sign your name, and others like the assclown OP mentioned are worthless. And it’s luck of the draw on where you live.",https://undelete.pullpush.io/r/USMC/comments/fu7wts/_/fmb9lvh/,https://api.pullpush.io/reddit/comment/search/?ids=fmb9lvh
2020-04-03,r/videos,"When this is all done, people need to go to fucking prison for this bullshit. They drove a narrative that will kill possibly hundreds of thousands just for ratings.",https://undelete.pullpush.io/r/videos/comments/fuerq2/_/fmcpb0v/,https://api.pullpush.io/reddit/comment/search/?ids=fmcpb0v
2020-04-03,r/videos,"Except in that video several of them acknowledged the rest of the “media” were telling people it was serious. So obviously no, not everyone was saying these things.",https://undelete.pullpush.io/r/videos/comments/fuerq2/_/fmcpfmr/,https://api.pullpush.io/reddit/comment/search/?ids=fmcpfmr
2020-04-04,r/guns,"Imagine breaking into a house in the middle of the night, shining your flashlight around the room at shoulder height looking for any occupants. 

Satisfied you’re alone, you begin to grab valuables and make your way towards the master bedroom for whatever foul deeds have been planned.

Suddenly, from the direction you had just checked, multiple flashes register in your eyesight just before the magnified sound of gunfire in an enclosed space makes your ears ring, and you feel your upper torso punctured by a magazines worth of 9mm.

As you collapse to the floor, your lungs aerated and your circulatory system quickly losing pressure, the last thing you register before blacking out from lack of oxygen to your brain is your flashlight falling upon this dude, sitting on the floor, conducting a combat reload with his goddamned feet.",https://undelete.pullpush.io/r/guns/comments/fuyjnc/_/fmfqws6/,https://api.pullpush.io/reddit/comment/search/?ids=fmfqws6
2020-04-04,r/guns,"Imagine breaking into a house in the middle of the night, shining your flashlight around the room at shoulder height looking for any occupants. 

Satisfied you’re alone, you begin to grab valuables and make your way towards the master bedroom for whatever foul deeds have been planned.

Suddenly, from the direction you had just checked, multiple flashes register in your eyesight just before the magnified sound of gunfire in an enclosed space makes your ears ring, and you feel your upper torso punctured by a magazines worth of 9mm.

As you collapse to the floor, your lungs aerated and your circulatory system quickly losing pressure, the last thing you register before blacking out from lack of oxygen to your brain is your flashlight falling upon this dude, sitting on the floor, conducting a combat reload with his goddamned feet.",https://undelete.pullpush.io/r/guns/comments/fuyjnc/_/fmfqws6/,https://api.pullpush.io/reddit/comment/search/?ids=fmfqws6
2020-04-04,r/Military,This got a good chuckle out of me. Well done.,https://undelete.pullpush.io/r/Military/comments/fuyjcq/_/fmfrd7t/,https://api.pullpush.io/reddit/comment/search/?ids=fmfrd7t
2020-04-04,r/CombatFootage,"Came here to say exactly this. Anyone who has ever been under accurate suppressing fire would know it leaves you without any real options. 

That said, it still needs to be accurate. If those were just rounds whiffing overhead he’d be in a whole different situation.",https://undelete.pullpush.io/r/CombatFootage/comments/fv05vy/_/fmfup35/,https://api.pullpush.io/reddit/comment/search/?ids=fmfup35
2020-04-05,r/USMC,"In ‘06, after we got home from Ramadi, Lima Co burned down Coconutz. That was pretty baller.",https://undelete.pullpush.io/r/USMC/comments/fp3v5r/_/fmgp34o/,https://api.pullpush.io/reddit/comment/search/?ids=fmgp34o
2020-04-05,r/Military,"Oh look, its a retard who never read any actual reporting. Please illuminate us all with this damning evidence you have that Gallagher’s team called him out for being a murderous piece of shit because he was mean to them in SQT.

Happens all the time.",https://undelete.pullpush.io/r/Military/comments/fv70sj/_/fmhgiu4/,https://api.pullpush.io/reddit/comment/search/?ids=fmhgiu4
2020-04-05,r/Maine,"Maine People’s Alliance is a legitimate organization (disclaimer: I volunteer with them). My guess is someone who knows you and knows you lost your job passed that along, MPA has been mailing out Hannaford gift cards to people who they are told might be in need.",https://undelete.pullpush.io/r/Maine/comments/fviqjs/_/fmip0mz/,https://api.pullpush.io/reddit/comment/search/?ids=fmip0mz
2020-04-07,r/SocialistRA,"All great options, I’ll just plug the Blue Alpha belt because I have one and it’s excellent.",https://undelete.pullpush.io/r/SocialistRA/comments/fw64nt/_/fmn7nmn/,https://api.pullpush.io/reddit/comment/search/?ids=fmn7nmn
2020-04-07,r/SocialistRA,"On this rig, a Safariland QLS on a midride for either a Glock 17 with RMR or Glock 19 with irons, a prototype Crye dump pouch I’ve had forever, Blue Force Gear Micro Trauma Kit NOW, 2 HSGI rifle Tacos, and an Eagle 2X pistol mag pouch with kydex inserts. 

It all used to be on a padded Blue Force Gear SOC-C with suspenders that I used for years and loved, but the slimmer profile and inner hook/loop belt is just better.",https://undelete.pullpush.io/r/SocialistRA/comments/fw64nt/_/fmnad2d/,https://api.pullpush.io/reddit/comment/search/?ids=fmnad2d
2020-04-07,r/SocialistRA,"Yes indeed. I don’t use the dumper much anymore, but I’ve had a dump pouch on my belt since...hell, 2004, back when the clunky Blackhawk/TAG ones were all the rage in the Corps. There’s all kinds of back and forth over whether you should ever put partial mags in a dump pouch, but I just like having a place to easily stash shit.",https://undelete.pullpush.io/r/SocialistRA/comments/fw64nt/_/fmneoly/,https://api.pullpush.io/reddit/comment/search/?ids=fmneoly
2020-04-07,r/SocialistRA,Exactly. Gotta stash them snickers bars somewhere.,https://undelete.pullpush.io/r/SocialistRA/comments/fw64nt/_/fmnfeg6/,https://api.pullpush.io/reddit/comment/search/?ids=fmnfeg6
2020-04-07,r/Military,This dude is just...entertainingly incompetent. He really sucks at this.,https://undelete.pullpush.io/r/Military/comments/fwbnu2/_/fmni3sh/,https://api.pullpush.io/reddit/comment/search/?ids=fmni3sh
2020-04-07,r/Military,"Hmm...incompetent blowhard who blames everyone else for his failures and specifically fires competent people who point out he sucks.

Who could it be, I wonder...",https://undelete.pullpush.io/r/Military/comments/fwbnu2/_/fmnih4e/,https://api.pullpush.io/reddit/comment/search/?ids=fmnih4e
2020-04-07,r/USMC,Well this comment aged like milk. And in a very short period of time. Impressive.,https://undelete.pullpush.io/r/USMC/comments/fwnpi3/_/fmq98jy/,https://api.pullpush.io/reddit/comment/search/?ids=fmq98jy
2020-04-08,r/liberalgunowners,"I ain’t voting for fucking Donald Trump, if that’s what you’re asking.",https://undelete.pullpush.io/r/liberalgunowners/comments/fx8tjt/_/fmssrs7/,https://api.pullpush.io/reddit/comment/search/?ids=fmssrs7
2020-04-08,r/SocialistRA,"Additionally, there is tons of aftermarket support for Glocks and ARs. You’ll never have to go searching for magazines, holsters, pouches, replacement parts, or upgrades.",https://undelete.pullpush.io/r/SocialistRA/comments/fwzcu6/_/fmsud54/,https://api.pullpush.io/reddit/comment/search/?ids=fmsud54
2020-04-08,r/ak47,Krebs.,https://undelete.pullpush.io/r/ak47/comments/fxg9mu/_/fmu89uy/,https://api.pullpush.io/reddit/comment/search/?ids=fmu89uy
2020-04-09,r/USMC,Read the OP’s post history. Some angry racist nerd who likes to lie about being a ninja. Fucking loser.,https://undelete.pullpush.io/r/USMC/comments/fxm788/_/fmwcekv/,https://api.pullpush.io/reddit/comment/search/?ids=fmwcekv
2020-04-16,r/SocialistRA,"I got bad news for you, if paying too much is something you’re worried about, AK’s are much worse than AR’s these days. The only affordable ones are US made guns with a litany if problems and they’re a pain in the ass to work on yourself.

You’ll spend less on a basic but reliable AR and can improve it over time as you begin to figure out what might improve your shooting.",https://undelete.pullpush.io/r/SocialistRA/comments/g25dfx/_/fnjomff/,https://api.pullpush.io/reddit/comment/search/?ids=fnjomff
2020-04-16,r/Military,"Honestly, this person has some kind of mental illness.",https://undelete.pullpush.io/r/Military/comments/g23qaf/_/fnjvga5/,https://api.pullpush.io/reddit/comment/search/?ids=fnjvga5
2020-04-16,r/CombatFootage,"An absolute fuck show of amateur hour bullshit that got repackaged as heroism. It’s goddamn insulting that people still think it was some moment of SEAL badassery, when it was just shitty mission planning and incompetence in the field that got a bunch of people killed.",https://undelete.pullpush.io/r/CombatFootage/comments/g26kom/_/fnjxgry/,https://api.pullpush.io/reddit/comment/search/?ids=fnjxgry
2020-04-17,r/Maine,"I’m going to ignore the other stupidity in this thread and simply state this: Joshua Chamberlain has the finest example of a mustache in American history. It may not be the biggest or most complicated, but it is goddamn pleasing to the eye.",https://undelete.pullpush.io/r/Maine/comments/g3a9jx/_/fnqm1xy/,https://api.pullpush.io/reddit/comment/search/?ids=fnqm1xy
2020-04-18,r/redneckrevolt,"I’m downeast, but also tried and didn’t get much of a response. Check out the Maine SRA chapter, we’re quite active.",https://undelete.pullpush.io/r/redneckrevolt/comments/g3gn2e/_/fntgsio/,https://api.pullpush.io/reddit/comment/search/?ids=fntgsio
2020-04-18,r/SocialistRA,Great pistol!,https://undelete.pullpush.io/r/SocialistRA/comments/g3u74t/_/fntmepi/,https://api.pullpush.io/reddit/comment/search/?ids=fntmepi
2020-04-20,r/Maine,"Considering how many Mainers are self-employed, it is utterly shameful that the state: 1. Didn’t have anything already prepared, even if just vaguely; and 2. Hasn’t figured out any kind of solution in 6 weeks. 

It’s fucking pathetic.",https://undelete.pullpush.io/r/Maine/comments/g4sv9k/_/fnzclgr/,https://api.pullpush.io/reddit/comment/search/?ids=fnzclgr
2020-04-20,r/WarCollege,Ha! I did the exact same thing with side plates on my Afghan tour. Damn things were so pointless.,https://undelete.pullpush.io/r/WarCollege/comments/g4tgqn/_/fo0m323/,https://api.pullpush.io/reddit/comment/search/?ids=fo0m323
2020-04-21,r/politics,He got me good. I’m so owned now.,https://undelete.pullpush.io/r/politics/comments/g5eqd9/_/fo37wih/,https://api.pullpush.io/reddit/comment/search/?ids=fo37wih
2020-04-23,r/tacticalgear,"Was going through my kit box the other day and pulled out my Warlord I bought in ‘05. It’s heavy, but goddam is it a tank. Gene made some great stuff.",https://undelete.pullpush.io/r/tacticalgear/comments/g68uc0/_/fo9c851/,https://api.pullpush.io/reddit/comment/search/?ids=fo9c851
2020-04-23,r/tacticalgear,"12 mags (with the ability to mount like 8 pistol mag pouches via clips), that fold out map/compass table, ands tons of GP pouch space. And I used to fill it up.

That said, it would still be a great piece of kit for no shit long range foot patrolling with limited support. We just haven’t done anything like that in years.",https://undelete.pullpush.io/r/tacticalgear/comments/g68uc0/_/foacta4/,https://api.pullpush.io/reddit/comment/search/?ids=foacta4
2020-04-23,r/Maine,"Togus and the Bangor CBOC are awesome. I dealt with VA’s in Virginia and DC before Maine, and the difference is wild. The Maine VA has been nothing but amazing to me.",https://undelete.pullpush.io/r/Maine/comments/g6k2z6/_/fobcs2v/,https://api.pullpush.io/reddit/comment/search/?ids=fobcs2v
2020-04-24,r/USMC,Tale as old as time.,https://undelete.pullpush.io/r/USMC/comments/g7f2m3/_/fogz5j0/,https://api.pullpush.io/reddit/comment/search/?ids=fogz5j0
2020-05-02,r/Maine,"Don’t cross that picket line, support striking workers.",https://undelete.pullpush.io/r/Maine/comments/gb9tg4/_/fp80vgj/,https://api.pullpush.io/reddit/comment/search/?ids=fp80vgj
2020-05-02,r/Maine,"Don’t cross that picket line, support striking workers.",https://undelete.pullpush.io/r/Maine/comments/gb9tg4/_/fp80vuq/,https://api.pullpush.io/reddit/comment/search/?ids=fp80vuq
2020-05-03,r/USMC,"I remember assembling that bullshit before my last deployment. What a stupid, dumbfuck system. Luckily all we did that tour was train in Kuwait and Djibouti, you could barely move in that wearable dumpster.",https://undelete.pullpush.io/r/USMC/comments/gcvxge/_/fpebi28/,https://api.pullpush.io/reddit/comment/search/?ids=fpebi28
2020-05-03,r/USMC,Kilo 3/8. We got those fuckshows of a vest before the 22 MEU in 07.,https://undelete.pullpush.io/r/USMC/comments/gcvxge/_/fpebvuj/,https://api.pullpush.io/reddit/comment/search/?ids=fpebvuj
2020-05-03,r/liberalgunowners,Fuck ‘em.,https://undelete.pullpush.io/r/liberalgunowners/comments/gczj7a/_/fpeclfj/,https://api.pullpush.io/reddit/comment/search/?ids=fpeclfj
2020-05-03,r/USMC,Awesome! Kilo from 04-08.,https://undelete.pullpush.io/r/USMC/comments/gcvxge/_/fped6v5/,https://api.pullpush.io/reddit/comment/search/?ids=fped6v5
2020-05-03,r/USMC,"I spent most of the Ramadi tour at the Gov, although also OP Horea and Sunset when we set that up. And our “patrol rotation” back at HP.",https://undelete.pullpush.io/r/USMC/comments/gcvxge/_/fpedv82/,https://api.pullpush.io/reddit/comment/search/?ids=fpedv82
2020-05-03,r/USMC,"Yeah, we knew each other well. That was a rough tour for our weapons guys.",https://undelete.pullpush.io/r/USMC/comments/gcvxge/_/fpef0rq/,https://api.pullpush.io/reddit/comment/search/?ids=fpef0rq
2020-05-03,r/USMC,"Yes indeed. Will Morrow and I built that rig, I had to modify a MK64 cradle just to get it to point straight up like that. Crazy times.",https://undelete.pullpush.io/r/USMC/comments/gcvxge/_/fpek7il/,https://api.pullpush.io/reddit/comment/search/?ids=fpek7il
2020-05-04,r/USMC,This does bring me a small amount of joy. Thank you.,https://undelete.pullpush.io/r/USMC/comments/gcvxge/_/fpet6mv/,https://api.pullpush.io/reddit/comment/search/?ids=fpet6mv
2020-05-04,r/SocialistRA,"Raven Concealment and G Code are both good manufacturers, and not openly political (besides the standard pro-military stuff) like some other companies. They aren’t cheap, but it’s good kit.",https://undelete.pullpush.io/r/SocialistRA/comments/gda0g1/_/fpg6lag/,https://api.pullpush.io/reddit/comment/search/?ids=fpg6lag
2020-05-04,r/SocialistRA,"Damn, things have changed. Fuck ‘em, Raven makes good gear, and last holster I ordered showed up quickly (just a few months ago).",https://undelete.pullpush.io/r/SocialistRA/comments/gda0g1/_/fpgi902/,https://api.pullpush.io/reddit/comment/search/?ids=fpgi902
2020-05-04,r/Maine,"Here here. It’s bad business all around, but she’s handling it about as best as it could be handled.

And my god do these threads draw out the morons and snowflakes.",https://undelete.pullpush.io/r/Maine/comments/gd9a8o/_/fphg0p3/,https://api.pullpush.io/reddit/comment/search/?ids=fphg0p3
2020-05-05,r/SocialistRA,"Yeah, those guys have problems with their gear, but that thread pretty much didn’t get a single one right. That’s some “I am very smart” bullshit right there.",https://undelete.pullpush.io/r/SocialistRA/comments/gdic3x/_/fpij2we/,https://api.pullpush.io/reddit/comment/search/?ids=fpij2we
2020-05-05,r/Military,OP clearly doesn’t know Scarif from a hole in the ground.,https://undelete.pullpush.io/r/Military/comments/gdy09c/_/fpk5qu8/,https://api.pullpush.io/reddit/comment/search/?ids=fpk5qu8
2020-05-09,r/SocialistRA,"You’ve got it figured out. Good optic and a light. Save the money for the optic, training with irons for a few extra months is well worth it to get an optic that won’t fail you.

Later down the road you may decide a nicer trigger is in the cards, but that’s a little more of a preference thing. On a defensive rifle a light is a necessity, and an optic is close behind.",https://undelete.pullpush.io/r/SocialistRA/comments/gg73zh/_/fq00j8i/,https://api.pullpush.io/reddit/comment/search/?ids=fq00j8i
2020-05-09,r/tacticalgear,7 pistol mags? Why?,https://undelete.pullpush.io/r/tacticalgear/comments/ggo1eq/_/fq2wbib/,https://api.pullpush.io/reddit/comment/search/?ids=fq2wbib
2020-05-10,r/tacticalgear,"Jesus Christ...fucking what? In what world are you reloading your pistol 7 times? It’s your fucking secondary, in case your rifle goes down. And then only until you get your rifle back up. 

What fantasyland do you guys live in where you’re running and gunning through 7 fucking pistol reloads before getting a chance to top off mags? That’s video game shit.",https://undelete.pullpush.io/r/tacticalgear/comments/ggo1eq/_/fq400t8/,https://api.pullpush.io/reddit/comment/search/?ids=fq400t8
2020-05-10,r/tacticalgear,"Go spend 24 hours patrolling in kit, or even just conducting any kind of legitimate force on force, and you’ll quickly learn why not. The more ammo the better is amateur hour shit.",https://undelete.pullpush.io/r/tacticalgear/comments/ggo1eq/_/fq40hlr/,https://api.pullpush.io/reddit/comment/search/?ids=fq40hlr
2020-05-10,r/tacticalgear,"What does your gunfighting fantasy look like? Because it doesn’t seem to resemble any of the gunfighting realities I’ve ever seen. Fights are relatively quick, even in infantry combat, and the ammunition expended often correlates directly with the range between opponents. 

Far away, everyone throws magazines worth of rounds. Up close? Half a mag, and the fight is over. That’s where you use a pistol, and when that’s done you either get the fuck out of there or move up support. If neither of those fit into your “boogaloo” story, I’m afraid you’d better get ready to get your shit pushed in by folks who do think about that.",https://undelete.pullpush.io/r/tacticalgear/comments/ggo1eq/_/fq43pfz/,https://api.pullpush.io/reddit/comment/search/?ids=fq43pfz
2020-05-10,r/tacticalgear,"You had shit NCO’s. I carried that amount of ammo in Fallujah, when I also had shit NCO’s who didn’t know what they were doing. It was insanely heavy and made us borderline immobile.

6-7 rifle mags. If you can’t kill it with 200 rounds of ammunition, it’s time to get practicing. And if you can’t control your units fire to where that lasts, it’s time to be a better leader.

“If shit gets hot in combat...” Bullshit. If shit gets hot in combat you better know how to maneuver and communicate. Ammunition expenditure is for amateurs and pussies who wait around to call in air to do their dirty work.",https://undelete.pullpush.io/r/tacticalgear/comments/ggo1eq/_/fq44jv2/,https://api.pullpush.io/reddit/comment/search/?ids=fq44jv2
2020-05-10,r/tacticalgear,"For a sub that’s supposed to be about serious tactical gear discussion, this place sure is filled with a bunch of children who are playing dress up.",https://undelete.pullpush.io/r/tacticalgear/comments/ggo1eq/_/fq4c5p9/,https://api.pullpush.io/reddit/comment/search/?ids=fq4c5p9
2020-05-10,r/tacticalgear,"In the mountains of Afghanistan, you sure as shit should be carrying far less than 10-12 mags. I was a rifle squad leader in northeast Afghan and never let my guys carry more than 7 mags. You’re fighting dudes without body armor who have 3-4 AK mags and a PKM with a couple of belts, if you can control your fires and maneuver you’ll win every time.

Crossing the valley and killing the guy is exactly the job of the infantry, and if your people can shoot and (more importantly) properly employ medium guns, the crossing part isn’t necessary.

Dumping 5.56 across a valley in the name of “fire superiority” while you wait on CAS or indirect to do your job is fucking pointless. You’d be better off just hunkering down and not even shooting back, if you’re not making clear kills with ACOGs they sure as shit aren’t putting a hurting on you with iron sights and unzeroed AK’s.",https://undelete.pullpush.io/r/tacticalgear/comments/ggo1eq/_/fq4gsbu/,https://api.pullpush.io/reddit/comment/search/?ids=fq4gsbu
2020-05-10,r/SocialistRA,Bringing back all the memories. Good looking rifle!,https://undelete.pullpush.io/r/SocialistRA/comments/ggs5c6/_/fq4kijs/,https://api.pullpush.io/reddit/comment/search/?ids=fq4kijs
2020-05-10,r/USMC,"Colonel Hobbs (then Major) was the 3/8 Battalion XO in Ramadi and went on to run ITB East.

He isn’t “some retiree”, he’s a no shit solid grunt officer with the chops to say what he wants.

He did right by 3/8 in Ramadi, standing up to Neary’s bullshit. Solid officer who knows the Corps well.",https://undelete.pullpush.io/r/USMC/comments/ggobo8/_/fq4ni7n/,https://api.pullpush.io/reddit/comment/search/?ids=fq4ni7n
2020-05-12,r/SocialistRA,"Just whitetail, for food. I use supersonic 300 BLK these days, although I have taken a few with 77 grain 5.56.",https://undelete.pullpush.io/r/SocialistRA/comments/gidx3w/_/fqeg9on/,https://api.pullpush.io/reddit/comment/search/?ids=fqeg9on
2020-05-14,r/Maine,"I don’t know, even his side of the story is “I saw illegal things, and then asked to go to another unit. When I didn’t get what I wanted, I spoke up”. 

Not entirely sure that qualifies as not being a little bit of a bastard, sounds like if he’d gotten what he wanted this wouldn’t have come forward.",https://undelete.pullpush.io/r/Maine/comments/gjmu12/_/fqn18m4/,https://api.pullpush.io/reddit/comment/search/?ids=fqn18m4
2020-05-14,r/SocialistRA,Great gun! Welcome!,https://undelete.pullpush.io/r/SocialistRA/comments/gjr99j/_/fqni50z/,https://api.pullpush.io/reddit/comment/search/?ids=fqni50z
2020-05-14,r/Maine,Who ever would have guessed.,https://undelete.pullpush.io/r/Maine/comments/gjwt3c/_/fqnma2c/,https://api.pullpush.io/reddit/comment/search/?ids=fqnma2c
2020-05-16,r/USMC,Huh...why is Miller always an idiot? I knew two.,https://undelete.pullpush.io/r/USMC/comments/gkc44o/_/fqrnhar/,https://api.pullpush.io/reddit/comment/search/?ids=fqrnhar
2020-05-16,r/SocialistRA,All I got from this article is that the FBI sucks at shooting.,https://undelete.pullpush.io/r/SocialistRA/comments/gkocuh/_/fqtv39a/,https://api.pullpush.io/reddit/comment/search/?ids=fqtv39a
2020-05-23,r/tacticalgear," This is the way. Especially for belt feds, but also for any kind of extended patrolling, IMHO.",https://undelete.pullpush.io/r/tacticalgear/comments/gott1q/_/frjweqp/,https://api.pullpush.io/reddit/comment/search/?ids=frjweqp
2020-05-25,r/Military,Republicans just Republicaning,https://undelete.pullpush.io/r/Military/comments/gqb6k7/_/frsdqlk/,https://api.pullpush.io/reddit/comment/search/?ids=frsdqlk
2020-05-30,r/ar15,Who makes that BAD type thingy?,https://undelete.pullpush.io/r/ar15/comments/gt27qu/_/fs99ahl/,https://api.pullpush.io/reddit/comment/search/?ids=fs99ahl
2020-05-30,r/ar15,Much appreciated,https://undelete.pullpush.io/r/ar15/comments/gt27qu/_/fs99na9/,https://api.pullpush.io/reddit/comment/search/?ids=fs99na9
2020-05-30,r/ak47,"As another PD-18 owner, that dust cover is locked in tight as a drum. Mine has held zero since I got it 2 years ago, and it’s not a safe queen.",https://undelete.pullpush.io/r/ak47/comments/gt53fs/_/fsb21to/,https://api.pullpush.io/reddit/comment/search/?ids=fsb21to
2020-05-31,r/Military,"I yelled “light ‘em up” once. It was directed at a group of dudes with AK’s and RPG’s who we’d initially thought were ALP and then realized weren’t on our team.

They were enemy combatants carrying arms in an active fight. These people were standing on their fucking porch while a bunch of wannabe gunfighters cruised past acting like they’re patrolling Fallujah.

Fucking wannabes.",https://undelete.pullpush.io/r/Military/comments/gtuczi/_/fsf5a2w/,https://api.pullpush.io/reddit/comment/search/?ids=fsf5a2w
2020-05-31,r/Military,Afghan Local Police. Pretty much Taliban we just paid off to be on our side.,https://undelete.pullpush.io/r/Military/comments/gtuczi/_/fsfgx3a/,https://api.pullpush.io/reddit/comment/search/?ids=fsfgx3a
2020-05-31,r/politics,"That’s because “The Wire” was written and produced by David Simon, who is a stickler for accuracy and really understanding his subject matter. Watch “The House I Live In” sometime.",https://undelete.pullpush.io/r/politics/comments/gty7gk/_/fsfhyj9/,https://api.pullpush.io/reddit/comment/search/?ids=fsfhyj9
2020-05-31,r/SocialistRA,"The vast majority of cops don’t handle weapons that proficiently. According to the news station he was a security guy for their news team, my assumption is former military (and also possibly former LEO).

If that kid was spotted by the actual cops, I doubt it would have ended with a “now get the fuck out of here”.",https://undelete.pullpush.io/r/SocialistRA/comments/gu0fpk/_/fsforzx/,https://api.pullpush.io/reddit/comment/search/?ids=fsforzx
2020-05-31,r/SocialistRA,"From what the news station has said, the other rifle (which in this video was also already cleared) had come from another cruiser after being left behind by the cops. It wasn’t his personal weapon.",https://undelete.pullpush.io/r/SocialistRA/comments/gu0fpk/_/fsfpd7p/,https://api.pullpush.io/reddit/comment/search/?ids=fsfpd7p
2020-05-31,r/SocialistRA,"Doesn’t surprise me too much. Having AR’s taken from burning police vehicles in the hands of clearly untrained people and close to the police is certainly a recipe for escalation, and that puts the news crew at higher risk. Not saying it’s a good thing, but it certainly doesn’t surprise me that a security detail member would do that.",https://undelete.pullpush.io/r/SocialistRA/comments/gu0fpk/_/fsfqluh/,https://api.pullpush.io/reddit/comment/search/?ids=fsfqluh
2020-05-31,r/politics,"I used to work with a guy who was a former cop. Really excellent dude, college educated, former Army infantry with tons of combat experience, smart as a whip, and deeply empathetic. Had a firm grasp of the history of racism in America and the trajectory that has resulted in the imposed poverty and oppression of black communities.

He became a cop because he figured that since he was quite capable in stressful situations and comfortable with violence, he would be exactly the kind of person to maturely navigate the complicated world of dealing with people at their worst.

Joined a PD in a poor black southern city, volunteered for the worst neighborhoods. Did it for 6 years until he couldn’t take it anymore. The whole department was racist as shit, his fellow cops were either racists, incompetent, or looked the other way to both. The culture of “protecting our own” disgusted him (and this is a guy who came out of the infantry). So he just said fuck it, quit, and moved on to another career.

I’ve never met someone who hated cops with such a passion.",https://undelete.pullpush.io/r/politics/comments/gu1owy/_/fsg10yf/,https://api.pullpush.io/reddit/comment/search/?ids=fsg10yf
2020-05-31,r/Military,"Oh god...the fucking nightmare of being a safety officer for POGs at the range. High ranking officers were always the worst, it amazed me how someone could be a Lt. Col and NEVER have learned how an M9 functions.

I still have flashbacks.",https://undelete.pullpush.io/r/Military/comments/gu4li2/_/fsgjnrs/,https://api.pullpush.io/reddit/comment/search/?ids=fsgjnrs
2020-05-31,r/ar15,"Maybe return that gun, the people who sold it to you are retarded.",https://undelete.pullpush.io/r/ar15/comments/gu6v0v/_/fsglm7y/,https://api.pullpush.io/reddit/comment/search/?ids=fsglm7y
2020-05-31,r/pics,"Bummer, looks like you didn’t learn much apparently.",https://undelete.pullpush.io/r/pics/comments/gu71a0/_/fsgqohf/,https://api.pullpush.io/reddit/comment/search/?ids=fsgqohf
2020-06-01,r/Military,"Shit, they took the dudes car. He’s just following it.",https://undelete.pullpush.io/r/Military/comments/guaoyq/_/fshpm9b/,https://api.pullpush.io/reddit/comment/search/?ids=fshpm9b
2020-06-01,r/politics,"I’m a former Marine. I was in the Marines, now I’m not. It seems very simple to me.",https://undelete.pullpush.io/r/politics/comments/gub9it/_/fsim3dd/,https://api.pullpush.io/reddit/comment/search/?ids=fsim3dd
2020-06-01,r/politics,"Sadly, you already know the answer.",https://undelete.pullpush.io/r/politics/comments/gufwiv/_/fsin8cl/,https://api.pullpush.io/reddit/comment/search/?ids=fsin8cl
2020-06-01,r/USMC,"I shot the antenna for our IED jammer device (warlock maybe? This was 2006). Got hit in an intersection, I traversed the gun as we blew through it and shot the fuck out of that thing.",https://undelete.pullpush.io/r/USMC/comments/gucexc/_/fsisc6p/,https://api.pullpush.io/reddit/comment/search/?ids=fsisc6p
2020-06-01,r/SigSauer,"Out of curiosity (this seems like a good thread for this question), where the hell does one find spare barrels?",https://undelete.pullpush.io/r/SigSauer/comments/guekyg/_/fsjafy4/,https://api.pullpush.io/reddit/comment/search/?ids=fsjafy4
2020-06-01,r/SigSauer,"Sadly that’s what I figured. You’d think after SIG markets a gun specifically for the ability to change barrels and calibers, they’d actually make the necessary components to do that.",https://undelete.pullpush.io/r/SigSauer/comments/guekyg/_/fsjm2we/,https://api.pullpush.io/reddit/comment/search/?ids=fsjm2we
2020-06-01,r/USMC,That’s it! Warlock must have been the prior deployment.,https://undelete.pullpush.io/r/USMC/comments/gucexc/_/fskc54h/,https://api.pullpush.io/reddit/comment/search/?ids=fskc54h
2020-06-01,r/politics,"Oh, I’ve heard it, of course. I also think it’s pretty idiotic, if you aren’t in uniform or under the UCMJ any longer, then I’d say you’re “former” since there are plenty of Marines who still are.",https://undelete.pullpush.io/r/politics/comments/gub9it/_/fskccre/,https://api.pullpush.io/reddit/comment/search/?ids=fskccre
2020-06-03,r/Maine,"I was there for the whole protest. Literally no one was blocking the roads in the slightest, and it was the Ellsworth PD that decided to reroute traffic. If you want to be pissed about inconvenience, blame the cops not the demonstrators on this one.",https://undelete.pullpush.io/r/Maine/comments/gvimqv/_/fsqmoas/,https://api.pullpush.io/reddit/comment/search/?ids=fsqmoas
2020-06-03,r/Maine,"Beats the hell out of me. The demonstrators walked from the library to the city hall, which if you know Ellsworth you know it’s across the street. Then the demonstration was in the parking lot in front of city hall, not blocking anything.

Call EPD to ask them why they felt the need for barricades of any kind.",https://undelete.pullpush.io/r/Maine/comments/gvimqv/_/fsqn0nt/,https://api.pullpush.io/reddit/comment/search/?ids=fsqn0nt
2020-06-03,r/Maine,"There were a few people who came down to scream at the demonstrators to stop blocking traffic and looting.

Which was amazing, since they were literally screaming at a bunch of people standing peacefully on a huge marker that says “no parking”.

Reality isn’t reality for some.",https://undelete.pullpush.io/r/Maine/comments/gvimqv/_/fsqnfox/,https://api.pullpush.io/reddit/comment/search/?ids=fsqnfox
2020-06-03,r/Maine,"This picture doesn’t do the full event justice. There were roughly 200 people there over the course of the demonstration, from 3-6. I was pleasantly surprised to see that kind of turn out here.

Things went well until the demonstration asked the police chief to take a knee with them in respect for what has been happening. He refused, citing “we are on the clock and not allowed to display opinions”. This is clearly not true, as police across Maine and the country have done that exact thing with protesters. 

Naturally, this pissed people off. Hell, it pissed ME off. Literally the simplest possible gesture to appease the crowd, you don’t even have to say anything. Take a knee for 10 seconds, the crowd would have cheered and clapped and felt like they were part of the same community as the cops. Such a basically simple act that could have kept the positive nature of the demonstration going.

But no. Just tight lipped thin blue line trash. After that, people started to get angry. There was no violence or anything of the like, but the whole feeling of the demonstration changed, and people did not go home happy.

The chief is known as a good guy and decent cop, I was more disappointed to see him handle it like that than anything else.

With everything that’s going on, you’d think a small town police chief could take 10 seconds for an act that says “hey, we also think murdering unarmed people is bad”. And he couldn’t even do that. It’s disappointing.",https://undelete.pullpush.io/r/Maine/comments/gvimqv/_/fsqofi4/,https://api.pullpush.io/reddit/comment/search/?ids=fsqofi4
2020-06-03,r/Maine,"Thanks for posting the picture though! Didn’t mean to come across as critical, photos never do crowd size justice. 

And thanks for being there yesterday. It was moving to see that many people show up in support on a Tuesday afternoon.",https://undelete.pullpush.io/r/Maine/comments/gvimqv/_/fsqrfdm/,https://api.pullpush.io/reddit/comment/search/?ids=fsqrfdm
2020-06-03,r/Maine,Racist fuck.,https://undelete.pullpush.io/r/Maine/comments/gvyw1g/_/fsrz6zz/,https://api.pullpush.io/reddit/comment/search/?ids=fsrz6zz
2020-06-03,r/USMC,Couldn’t have said it better. Semper Fi.,https://undelete.pullpush.io/r/USMC/comments/gvullp/_/fss75ya/,https://api.pullpush.io/reddit/comment/search/?ids=fss75ya
2020-06-06,r/Maine,Amazing event! What a heartening day.,https://undelete.pullpush.io/r/Maine/comments/gxcz1v/_/ft1p6ff/,https://api.pullpush.io/reddit/comment/search/?ids=ft1p6ff
2020-06-06,r/USMC,The titles of the videos are literally making the same joke. Give one a watch.,https://undelete.pullpush.io/r/USMC/comments/gxkq9n/_/ft3t3iw/,https://api.pullpush.io/reddit/comment/search/?ids=ft3t3iw
2020-06-08,r/liberalgunowners,"The amount of people in this thread who have no idea what they’re talking about it pretty epic. Dude was a ‘51, took the STA indoc, became a HOG and got his bolts.

Then got out and became a cop. This is not some complicated timeline.

Although I do understand that our world is very foreign and insulated, most normal people really have no idea how it works.",https://undelete.pullpush.io/r/liberalgunowners/comments/gysbbx/_/ftd49nm/,https://api.pullpush.io/reddit/comment/search/?ids=ftd49nm
2020-06-08,r/liberalgunowners,"I know a bunch of black and latino HOGs with bolts, they’d be quite surprised to hear they are part of a conspiracy to infiltrate white supremacists into the Marine Corps.",https://undelete.pullpush.io/r/liberalgunowners/comments/gysbbx/_/ftds7lp/,https://api.pullpush.io/reddit/comment/search/?ids=ftds7lp
2020-06-08,r/liberalgunowners,"Yeah....my company symbol was an 8 ball for a number of years (Kilo Company, 8th Marines....it’s a drug joke, if you don’t get it).

It was never official, didn’t keep it from being the company logo.

Bolts were a STA icon since the ‘80’s at least, if not longer. It was never official, but it sure as shit was tattooed on almost every HOG I knew between 2004-2012.",https://undelete.pullpush.io/r/liberalgunowners/comments/gysbbx/_/ftdss6g/,https://api.pullpush.io/reddit/comment/search/?ids=ftdss6g
2020-06-08,r/liberalgunowners,"I didn’t say the other didn’t, but bolts on snipers sure as shit aren’t part of it. You’re trying to connect things that aren’t connected.",https://undelete.pullpush.io/r/liberalgunowners/comments/gysbbx/_/ftdsydp/,https://api.pullpush.io/reddit/comment/search/?ids=ftdsydp
2020-06-08,r/liberalgunowners,Watching someone learn about this all in real time is actually quite amusing to me.,https://undelete.pullpush.io/r/liberalgunowners/comments/gysbbx/_/ftdtmiq/,https://api.pullpush.io/reddit/comment/search/?ids=ftdtmiq
2020-06-08,r/liberalgunowners,I will be sure to inform the black guys I know with bolts that they’re Nazis now and not USMC Scout/Snipers,https://undelete.pullpush.io/r/liberalgunowners/comments/gysbbx/_/ftdu1cz/,https://api.pullpush.io/reddit/comment/search/?ids=ftdu1cz
2020-06-08,r/liberalgunowners,"God no. You could read through my post history and see that I’m pretty radically left.

But this is a specific culture that I am close with, and know intimately. I’m not being willfully obtuse, I’m explaining something that is far more nuanced than you’re willing to understand. 

If anyone is being obtuse here, it’s you.",https://undelete.pullpush.io/r/liberalgunowners/comments/gysbbx/_/ftduvfr/,https://api.pullpush.io/reddit/comment/search/?ids=ftduvfr
2020-06-08,r/liberalgunowners,"God no. You could read through my post history and see that I’m pretty radically left.

But this is a specific culture that I am close with, and know intimately. I’m not being willfully obtuse, I’m explaining something that is far more nuanced than you’re willing to understand. 

If anyone is being obtuse here, it’s you.",https://undelete.pullpush.io/r/liberalgunowners/comments/gysbbx/_/ftduvfr/,https://api.pullpush.io/reddit/comment/search/?ids=ftduvfr
2020-06-08,r/liberalgunowners,I’m not going to try to explain the infantry to you. It’s clearly a pointless exercise. Have a good one.,https://undelete.pullpush.io/r/liberalgunowners/comments/gysbbx/_/ftdvgp7/,https://api.pullpush.io/reddit/comment/search/?ids=ftdvgp7
2020-06-09,r/liberalgunowners,"I was on Lejeune, and know lots with bolts.",https://undelete.pullpush.io/r/liberalgunowners/comments/gysbbx/_/ftfnx1h/,https://api.pullpush.io/reddit/comment/search/?ids=ftfnx1h
2020-06-09,r/liberalgunowners,"Almost all the dudes I know with them were from 8th and 6th Marines, and a few from 2nd. Definitely a unit thing, and more popular in certain battalions than others for sure.",https://undelete.pullpush.io/r/liberalgunowners/comments/gysbbx/_/ftfongs/,https://api.pullpush.io/reddit/comment/search/?ids=ftfongs
2020-06-09,r/leftistveterans,Where are you?,https://undelete.pullpush.io/r/leftistveterans/comments/gzf891/_/ftgrupc/,https://api.pullpush.io/reddit/comment/search/?ids=ftgrupc
2020-06-09,r/liberalgunowners,"I was with 3/8, we never worked closely with west coast outfits but did relieve 3/7 in Ramadi, and they seemed like a squared away unit.",https://undelete.pullpush.io/r/liberalgunowners/comments/gysbbx/_/ftgtx60/,https://api.pullpush.io/reddit/comment/search/?ids=ftgtx60
2020-06-09,r/liberalgunowners,"While this isn’t a total catch all, I have noticed that a lot of the “boogaloo” veteran types are generally people who served in support roles or never saw combat. There seems to be a distinct feeling of having not done the “cool” shit they signed up for, and that this would be another chance to be the Badass Warrior they know themselves to be deep down.

There certainly are some guys with combat experience who are attracted to the whole thing, but in my circle of combat infantry buddies it’s almost always the dudes who sucked as Marines or soldiers who are into it. Again, it’s like a second chance to be a hero and not the worthless, fat, incompetent shitbag they were when they were in.",https://undelete.pullpush.io/r/liberalgunowners/comments/gznfb9/_/fthd4xb/,https://api.pullpush.io/reddit/comment/search/?ids=fthd4xb
2020-06-09,r/Maine,All Cops Are Bastards. Not “bad”. Thats the acronym.,https://undelete.pullpush.io/r/Maine/comments/gzpts4/_/fti48er/,https://api.pullpush.io/reddit/comment/search/?ids=fti48er
2020-06-10,r/Maine,"Yeah, this article doesn’t say that at all.

It’s a pre-trial attachment, the case hasn’t happened yet.",https://undelete.pullpush.io/r/Maine/comments/gztdrq/_/ftjcgr7/,https://api.pullpush.io/reddit/comment/search/?ids=ftjcgr7
2020-06-10,r/SocialistRA,"Yes. And beat it by a ways, in fact.

AR’s don’t have a huge open hole running the length of the receiver, perfectly placed to let debris right into the trigger assembly.",https://undelete.pullpush.io/r/SocialistRA/comments/gzyya5/_/ftjdy5m/,https://api.pullpush.io/reddit/comment/search/?ids=ftjdy5m
2020-06-10,r/Maine,"That’s legalese for “there’s a case here, so if it goes against the defendant they’ll need to have the ability to pay”.

It’s not a decision, just making sure that when a decision comes restitution will be able to be made.",https://undelete.pullpush.io/r/Maine/comments/gztdrq/_/ftjk9hp/,https://api.pullpush.io/reddit/comment/search/?ids=ftjk9hp
2020-06-10,r/liberalgunowners,"I’ve got one, not a Virtus but an original gen.

It’s decent, although I do have more malfunctions with it with garbage ammo (steel vase wolf and Tula) than I do with my DI AR’s. With the 9” 300 BLK barrel it is a pleasure to shoot.

Most frustrating part of it is I bought it for the modularity and ability easily swap calibers/barrel lengths, but SIG barely makes enough extra barrels to support that in any way. If you can even find a barrel in stock, they’re always insanely pricey due to the lack of availability.

Anyways, it’s a good gun, but until SIG unfucks itself all the things that really make it stand out from other AR’s are moot.",https://undelete.pullpush.io/r/liberalgunowners/comments/h091av/_/ftlonhi/,https://api.pullpush.io/reddit/comment/search/?ids=ftlonhi
2020-06-10,r/liberalgunowners,Nice setup! Good to see more lefty vets out there with nice kit!,https://undelete.pullpush.io/r/liberalgunowners/comments/h091av/_/ftlowr0/,https://api.pullpush.io/reddit/comment/search/?ids=ftlowr0
2020-06-10,r/liberalgunowners,"Yeah, the trigger was atrocious, but I swapped it out so it was an easy fix. I've heard nothing but good things about the Virtus, and was pumped to do the barrel/bolt swap with the updated barrel profile, but yeah...

Great to hear it eats through cheap steel!",https://undelete.pullpush.io/r/liberalgunowners/comments/h091av/_/ftmb787/,https://api.pullpush.io/reddit/comment/search/?ids=ftmb787
2020-06-11,r/Military,"Hood? Shit, rename Bragg after the man. The home of SF should be named after one of its hardest studs, not an incompetent traitor whose sole positive attribute is being one of the very worst Confederate generals (and therefore helping the Union win the war).",https://undelete.pullpush.io/r/Military/comments/h0pawa/_/ftnlz3y/,https://api.pullpush.io/reddit/comment/search/?ids=ftnlz3y
2020-06-11,r/politics,"Amusingly, I’m a combat veteran and the only person I want to beat up is Tom Cotton.",https://undelete.pullpush.io/r/politics/comments/h0jmju/_/ftnnkig/,https://api.pullpush.io/reddit/comment/search/?ids=ftnnkig
2020-06-11,r/Glocks,"I get amusement out of the fact that this same sub downvoted the shit out of me back in like 2013-14 for getting an RMR cut on my factory slide.

My, how things have changed.",https://undelete.pullpush.io/r/Glocks/comments/h0rd39/_/ftnxe3m/,https://api.pullpush.io/reddit/comment/search/?ids=ftnxe3m
2020-06-11,r/todayilearned,"The clues are pretty obvious, actually.",https://undelete.pullpush.io/r/todayilearned/comments/h0olq9/_/ftnyt6g/,https://api.pullpush.io/reddit/comment/search/?ids=ftnyt6g
2020-06-11,r/Glocks,"I honestly have no idea. Mark Housel at L&amp;M installed an RMR06 on my gun, and the Glock purists lost their goddamn minds.

Fast forward all these years, and the damn thing is probably more stock Glock than 95% of guns on this sub.

I ain’t mad, just gives me a good chuckle.",https://undelete.pullpush.io/r/Glocks/comments/h0rd39/_/fto065q/,https://api.pullpush.io/reddit/comment/search/?ids=fto065q
2020-06-11,r/Glocks,"Really phenomenal work, I’m glad to hear he’s still getting clients in the age of optics ready guns.",https://undelete.pullpush.io/r/Glocks/comments/h0rd39/_/ftoxiip/,https://api.pullpush.io/reddit/comment/search/?ids=ftoxiip
2020-06-11,r/politics,"Firing a bullet into the air is about the most irresponsible and unsafe thing a gun owner can do. Bullets go up, and then they come down. 

Warning shots are for movies, if you aren’t positive of exactly where your bullets are going, you shouldn’t be shooting.",https://undelete.pullpush.io/r/politics/comments/h0ymdk/_/ftp2ol3/,https://api.pullpush.io/reddit/comment/search/?ids=ftp2ol3
2020-06-11,r/SocialistRA,That’s one powerful article.,https://undelete.pullpush.io/r/SocialistRA/comments/h1161i/_/ftplxpz/,https://api.pullpush.io/reddit/comment/search/?ids=ftplxpz
2020-06-11,r/Maine,"A friend sent me the agenda yesterday, I’ll definitely be calling in.

This is ridiculous. It’s obviously in response to the few 100% peaceful demonstrations in downtown Ellsworth. 

I guess the Sheriffs Department is so full of overweight pansies that that they now need tax payer dollars to protect themselves from George Stevens Academy sophomores and aging hippies.

Cops are opportunistic cowards.",https://undelete.pullpush.io/r/Maine/comments/h141w7/_/ftq6qyn/,https://api.pullpush.io/reddit/comment/search/?ids=ftq6qyn
2020-06-12,r/CombatFootage,ICDC! Those dudes had some weird fucking outfits and gear.,https://undelete.pullpush.io/r/CombatFootage/comments/h13mi3/_/ftrj81e/,https://api.pullpush.io/reddit/comment/search/?ids=ftrj81e
2020-06-12,r/USMC,"For life?! Shit, I just signed a 4 year contract. You fucked up bro.",https://undelete.pullpush.io/r/USMC/comments/h7obp8/_/fumxpwv/,https://api.pullpush.io/reddit/comment/search/?ids=fumxpwv
2020-06-13,r/USMC,"Hoo boy, if it turns out this bubba is rocking bolts and was never even a STA guy, that’s some solid levels of impersonation right there.

Also, where in the fuck do morons like this get the dough to drop on all that kit?",https://undelete.pullpush.io/r/USMC/comments/h7uw3s/_/funzaks/,https://api.pullpush.io/reddit/comment/search/?ids=funzaks
2020-06-13,r/Military,"The sling around the suppressor is a special level of “I have no idea what I’m doing”.

How does a person spend all that cash on dual tube NODs, peltors, kit, etc, and not even know how to set up their sling?",https://undelete.pullpush.io/r/Military/comments/h7zrm1/_/fuozpll/,https://api.pullpush.io/reddit/comment/search/?ids=fuozpll
2020-06-14,r/USMC,"Welp, fuck that guy all to hell and gone. What a loser.",https://undelete.pullpush.io/r/USMC/comments/h7uw3s/_/furfr11/,https://api.pullpush.io/reddit/comment/search/?ids=furfr11
2020-06-14,r/liberalgunowners,"Haha, I saw that. Turns out he’s just a poser, was never a STA guy.",https://undelete.pullpush.io/r/liberalgunowners/comments/gysbbx/_/fusqqdo/,https://api.pullpush.io/reddit/comment/search/?ids=fusqqdo
2020-06-16,r/SocialistRA,"Hoo boy...yeah, that guy isn’t gonna get charged, and if he is, certainly not convicted. Like it or not, he was walking away and was pursued, struck with a skateboard, and then tackled before discharging his weapon. While he may have set the whole situation in motion, that video fits almost all the requirements for defensive gun use.

These assholes wake up in the morning hoping today is the day they get to put down an “Antifa looter”. Don’t give them the legal justification to fulfill their fucked up fantasies.",https://undelete.pullpush.io/r/SocialistRA/comments/h9vucr/_/fuzzi0m/,https://api.pullpush.io/reddit/comment/search/?ids=fuzzi0m
2020-06-16,r/SocialistRA,"I’m afraid that this just isn’t the case. While it should be, any good defense attorney is going to make the focus be purely on the moment of the gun use. Someone in the crowd yelling “kill him” after he gets clocked with a skateboard is a far cry from simply being “detained” after he put his hands on a protester. 

This is a good lesson in what not to do if an armed asshole comes into your protest. Don’t give them the excuse.

We’ll see how it plays out, of course. But dollars to donuts this guy doesn’t catch any prison time.",https://undelete.pullpush.io/r/SocialistRA/comments/h9vucr/_/fv0oaz9/,https://api.pullpush.io/reddit/comment/search/?ids=fv0oaz9
2020-06-16,r/SocialistRA,"Not AR500. Get good ceramic plates if you feel that it’s needed. HESCO L210’s are affordable and rated for 5.56 and 7.62x39. It’s not an NIJ certification, but HESCO is known to make effective special threat plates. 

If you’ve got the money, a good set of Level III plates will work for almost all likely threats in the US (Level IV is rated for one hit of armor piercing 30-06, which is likely not a threat the average person will face).",https://undelete.pullpush.io/r/SocialistRA/comments/ha56xd/_/fv0upsf/,https://api.pullpush.io/reddit/comment/search/?ids=fv0upsf
2020-06-16,r/SocialistRA,"Weight, but also spalling. Companies will say their “anti-spalling” coating will mitigate that problem, but it’s bullshit. Ceramic captures the projectile, it doesn’t just have it disintegrate and fling fast moving bits of lead and copper jacketing all over the place. 

If you’re buying armor, it’s because you’re expecting to take rounds. If you’re expecting to take rounds, you’ll need to be mobile. You’ll also need plates that won’t send copper jacketing into your throat. 

If you’re buying shitty steel armor, it’s because deep down you probably aren’t *actually* expecting to take rounds and it’s more about just owning something cool.

Armor has a place. That place is if you are planning to put yourself in a scenario where the likelihood of taking a torso shot is so high it outweighs the very real downsides of rifle plates such as weight, bulk, and visibility. If you seriously expect to be in that position, you want armor that will let you still be mobile and safely defeat likely threats.

IMHO, the current gun world armor craze is stupid. I wore armor for years, and I’ve seen its benefits firsthand, but if I had my way I would only wear it in very specific scenarios. The average person is better off spending money on ammo and training than on LARPing accessories.",https://undelete.pullpush.io/r/SocialistRA/comments/ha56xd/_/fv1hph8/,https://api.pullpush.io/reddit/comment/search/?ids=fv1hph8
2020-06-16,r/Military,"Best part about PMags is when the feed lips break, you can see the crack or missing material. On metal mags, they just bend or spread, and you only find out when you keep having failures to feed.",https://undelete.pullpush.io/r/Military/comments/haa7z5/_/fv1otvd/,https://api.pullpush.io/reddit/comment/search/?ids=fv1otvd
2020-06-17,r/SocialistRA,"Yeah, that’s literally not true. A quick google search will tell you so.",https://undelete.pullpush.io/r/SocialistRA/comments/ha56xd/_/fv2o0ui/,https://api.pullpush.io/reddit/comment/search/?ids=fv2o0ui
2020-06-17,r/SocialistRA,"No, I’m well aware the differences in M855, M855A1, and even M193 and M995. But M855A1 simply isn’t part of the NIJ testing protocols for either Level IV or Level III. 

Now, will level IV stop M855A1? Yes. But Level III (and more so III+, but that’s a manufacturer rating and not NIJ) may as well, depending on barrel length and individual plate characteristics. Again, since neither one is “rated” for M855A1 in the NIJ certification much of this comes from manufacturer testing.

For instance, Safariland claims the 2120-5 (a Level III plate) has tested to defeat 6 hits of M855A1. With Safarilands reputation as an armor company, this is likely a trustworthy claim. BUT it’s not an NIJ certification. 

So saying Level IV is the only plate “rated” for M855A1 is simply a false statement, it isn’t rated for that round although it will defeat it, but so will some Level III plates.",https://undelete.pullpush.io/r/SocialistRA/comments/ha56xd/_/fv4dkad/,https://api.pullpush.io/reddit/comment/search/?ids=fv4dkad
2020-06-18,r/SocialistRA,Semper,https://undelete.pullpush.io/r/SocialistRA/comments/hb3zxg/_/fv6ta8e/,https://api.pullpush.io/reddit/comment/search/?ids=fv6ta8e
2020-06-18,r/USMC,"Having been in combat doesn’t make a Marine worth a fuck. I’ve served in intense combat with Marines who full on sucked the whole time, and never learned a fucking thing from the experience. Instead they just use it to justify how much they actually suck at life after the fact.

Combat is an excellent place to improve your skill set. But only if you’re paying attention and can be aware of failures. For many Marines, combat becomes the excuse they use to justify why they’re still bad at their jobs.

Frankly, it doesn’t mean a fucking thing.",https://undelete.pullpush.io/r/USMC/comments/hanfhj/_/fv6u85w/,https://api.pullpush.io/reddit/comment/search/?ids=fv6u85w
2020-06-18,r/liberalgunowners,And then train with friends.,https://undelete.pullpush.io/r/liberalgunowners/comments/hb26qu/_/fv84i84/,https://api.pullpush.io/reddit/comment/search/?ids=fv84i84
2020-06-18,r/SocialistRA,Nice looking kit you’ve got there!,https://undelete.pullpush.io/r/SocialistRA/comments/hbdo8j/_/fv89wlz/,https://api.pullpush.io/reddit/comment/search/?ids=fv89wlz
2020-06-19,r/USMC,Why would it get taken down? Did I miss the part where Iwo Jima was fought to defend the Confederacy?,https://undelete.pullpush.io/r/USMC/comments/hbrwqp/_/fvaoyhy/,https://api.pullpush.io/reddit/comment/search/?ids=fvaoyhy
2020-06-19,r/USMC,"I hate to break this to you....but Churchill was rabidly racist, even for his time. His hard line imperialism is what had put him out of political power in the first place.

There’s a saying, I can’t remember who to attribute it to, that “Churchill was wrong about everything, but right about the one thing that counted”. Doesn’t mean he wasn’t all the other bad things, including being a horrific racist.

Stalin did more to defeat the Nazis than anyone else, should all of his statues have stayed up after the fall of the USSR?",https://undelete.pullpush.io/r/USMC/comments/hbrwqp/_/fvbvbk4/,https://api.pullpush.io/reddit/comment/search/?ids=fvbvbk4
2020-06-19,r/USMC,"I didn’t in any way simplify it, those things combined with Churchill’s Britain keeping the west active through to the summer of ‘41 were very important.

But there’s little question that in terms of blood both shed and spilled, Russia did a lot of the heavy lifting. And being that this was under Stalin, I’m merely asking if that means Stalin statues should also stay up (if fighting the Third Reich is the qualifying requirement for having a statue these days).",https://undelete.pullpush.io/r/USMC/comments/hbrwqp/_/fvc5ef8/,https://api.pullpush.io/reddit/comment/search/?ids=fvc5ef8
2020-06-19,r/USMC,"We just did gun drills instead...

Oh the memories.",https://undelete.pullpush.io/r/USMC/comments/hc7kpx/_/fvdk0ob/,https://api.pullpush.io/reddit/comment/search/?ids=fvdk0ob
2020-06-20,r/SocialistRA,"Well said.

Educate, train, connect. That’s what the SRA is for.",https://undelete.pullpush.io/r/SocialistRA/comments/hc76i1/_/fvegdcc/,https://api.pullpush.io/reddit/comment/search/?ids=fvegdcc
2020-06-20,r/Maine,"I did Great Head around to Sand Beach two Thursday back, before sunset. There were 8 people on the beach.

It’s absolutely nothing like usual. Enjoy it while it lasts.",https://undelete.pullpush.io/r/Maine/comments/hckmct/_/fvfpiz0/,https://api.pullpush.io/reddit/comment/search/?ids=fvfpiz0
2020-06-23,r/Military,This is from 2018. What’s the angle here OP?,https://undelete.pullpush.io/r/Military/comments/hee2xy/_/fvqmhad/,https://api.pullpush.io/reddit/comment/search/?ids=fvqmhad
2020-06-24,r/USMC,"The few times I’ve touched a dick, it was in the infantry. The math checks out.",https://undelete.pullpush.io/r/USMC/comments/heo5m7/_/fvupwp2/,https://api.pullpush.io/reddit/comment/search/?ids=fvupwp2
2020-06-24,r/NFA,It’s so you can have a cool pattern when you accidentally fry your digits.,https://undelete.pullpush.io/r/NFA/comments/hf04fi/_/fvus0jw/,https://api.pullpush.io/reddit/comment/search/?ids=fvus0jw
2020-06-24,r/SocialistRA,"Well said. If you can’t afford good armor, get good gear and train with it. If someday you can afford good armor, get it. But don’t waste the money on bad armor when you could spend that 200 bucks on a good belt rig/chest rig and ammo.",https://undelete.pullpush.io/r/SocialistRA/comments/herk7p/_/fvuu4b1/,https://api.pullpush.io/reddit/comment/search/?ids=fvuu4b1
2020-06-24,r/SocialistRA,"Dude....WHAT THE FUCK?!? Why have I not yet received my Obama issued M-16 FA lower? Was that a JBGC issue and the reason all that was mailed to my house by the Obama USDA was a boring ass Glock 19?

Antifa is getting all the fun toys and us SRA are just over here getting 9mm pistols. This wedding is horseshit.",https://undelete.pullpush.io/r/SocialistRA/comments/hf5oth/_/fvvn4r0/,https://api.pullpush.io/reddit/comment/search/?ids=fvvn4r0
2020-06-27,r/guns,I miss my A4 with the silver lower.,https://undelete.pullpush.io/r/guns/comments/hghutk/_/fw61uwq/,https://api.pullpush.io/reddit/comment/search/?ids=fw61uwq
2020-07-03,r/Maine,"Let us see how Professors fight.

Fuck the south.",https://undelete.pullpush.io/r/Maine/comments/hjwh42/_/fwrxvki/,https://api.pullpush.io/reddit/comment/search/?ids=fwrxvki
2020-07-04,r/Maine,"I’ve got some serious problems with the Jocko circle jerk. His team was in Ramadi the same time I was, they would often come down to the Gov Center to stage for raids and to take “atmospherics”. They’d also shoot civilians for fun, which was a real bitch because we lived there and had to deal with the repercussions long after they’d fucked off back to Shark Base up by the Euphrates.

I like the guys podcast, he’s got some good advice and there is no question that he’s a stud. But when he starts into his “extreme ownership” spiel, I can’t help but get pissed. He was in charge of dudes who smoked innocent people on a whim, and for reasons that if my Marine Corporal ass used as justification I would have fried. They were SEAL’s, the super cool dudes, and so anyone they killed was assumed to have needed killing. 

But I personally saw them just drop people for looking around the corner (“Turkey peaking”), a totally normal act for civilians living in a fucking war ravaged city. Like it was no big deal, just dropping folks for fun and having a chuckle.

So when he talks about “responsibility” and “leadership”, I can’t help but get pretty cynical knowing that I’ve never heard him take responsibility for his people killing folks for fun.",https://undelete.pullpush.io/r/Maine/comments/hkfq31/_/fwva16p/,https://api.pullpush.io/reddit/comment/search/?ids=fwva16p
2020-07-07,r/Maine,"Wait...I’m lost here.

I read the article. It lists a bunch of businesses that qualified for, and then received, the Paycheck Protection Program loans. One of those businesses is a law firm that happens to employ Sara Gideons husband.

And so? Christ, tons of business across Maine applied and qualified. The headline makes it seem like something untoward happened here (and on the federal level, it is increasingly looking like things did), but reading the article leaves me confused. 

A federal program for small businesses paid out money, and some of those small businesses qualified and took the money, as was intended.

It mentions that Sara Gideon criticizes the program, but then (GASP!) a company her husband happens to work for got a loan. 

She criticized it for not being generous enough for small business! 

This shit is fucking ridiculous.",https://undelete.pullpush.io/r/Maine/comments/hmv4pw/_/fx97bk8/,https://api.pullpush.io/reddit/comment/search/?ids=fx97bk8
2020-07-07,r/tacticalgear,"I love seeing good belt kit. Everybody loves them some PC’s and chest rigs, but clearly not everyone has done 15+ klick movements in the woods. 

Good looking gear.",https://undelete.pullpush.io/r/tacticalgear/comments/hn4rmu/_/fx98if6/,https://api.pullpush.io/reddit/comment/search/?ids=fx98if6
2020-07-08,r/Maine,"When did I complain about that? I’m a huge fan of my neighbors getting unemployment, and hope to hell they get more.",https://undelete.pullpush.io/r/Maine/comments/hmv4pw/_/fx9makf/,https://api.pullpush.io/reddit/comment/search/?ids=fx9makf
2020-07-08,r/Maine,"Personal bias? You assume a lot about my personal opinions. And assume wrong every time, so far.

What immoral act? That her husband happens to be an employee of a company who applied for a federal loan that she, as a state legislator, has no power over? 

I happily ranked her last just today on my ballot, but for rational reasons and not this absurdity.",https://undelete.pullpush.io/r/Maine/comments/hmv4pw/_/fx9pi70/,https://api.pullpush.io/reddit/comment/search/?ids=fx9pi70
2020-07-08,r/Maine,"Sweet Jesus, you are a special kind of idiot. Enjoy your evening.",https://undelete.pullpush.io/r/Maine/comments/hmv4pw/_/fx9rg2b/,https://api.pullpush.io/reddit/comment/search/?ids=fx9rg2b
2020-07-09,r/SocialistRA,"I don’t hate the FAL, but in an age of quality AR10’s, SCARs, Brens, and the like they wouldn’t be my go to.",https://undelete.pullpush.io/r/SocialistRA/comments/ho2duk/_/fxf2nrb/,https://api.pullpush.io/reddit/comment/search/?ids=fxf2nrb
2020-07-09,r/liberalgunowners,"The District Attorney in my county shares “running over protester” memes on Facebook.

You’d never guess what party he is.",https://undelete.pullpush.io/r/liberalgunowners/comments/hnr66c/_/fxf594u/,https://api.pullpush.io/reddit/comment/search/?ids=fxf594u
2020-07-13,r/Maine,Goddamn fantastic song.,https://undelete.pullpush.io/r/Maine/comments/hqbvqr/_/fxzgarj/,https://api.pullpush.io/reddit/comment/search/?ids=fxzgarj
2020-07-14,r/guns,"Who got arrested for shouldering a brace? I keep seeing it referenced on gun websites, but nobody can ever point me to the actual case.",https://undelete.pullpush.io/r/guns/comments/hrahbf/_/fy369ma/,https://api.pullpush.io/reddit/comment/search/?ids=fy369ma
2020-07-16,r/SigSauer,I literally have spent the last week looking for a good kydex holster for a 4.2” railed SIG 1911 and X300. And they’ve got one. Much appreciated.,https://undelete.pullpush.io/r/SigSauer/comments/hsa8tg/_/fyazjtx/,https://api.pullpush.io/reddit/comment/search/?ids=fyazjtx
2020-07-17,r/politics,"Well Blackwater no longer exists, and its follow on Constellis (which now also owns Triple Canopy) makes most of its money on federal contracts. You’d be competing with the absolute money tree that is the federal government, and I don’t think that if you pooled money from almost every single BLM protester you’d make a dent.

They’d be better off just forming their own security companies and providing security for events and people.",https://undelete.pullpush.io/r/politics/comments/hsuq9k/_/fyd0jv9/,https://api.pullpush.io/reddit/comment/search/?ids=fyd0jv9
2020-07-17,r/Infantry,Better hope you aren't a machinegunner or mortarman. I hated math until I found out simple equations meant putting rounds into targets at long range from behind defilade. Then math became cool.,https://undelete.pullpush.io/r/Infantry/comments/ht0msa/_/fyen8jq/,https://api.pullpush.io/reddit/comment/search/?ids=fyen8jq
2020-07-17,r/politics,"You stop being non-violent. In fact, if you were logically thinking, it would be pretty obvious that the only way to best a ""violent, unethical, unempathetic minority"" would be to simply beat them at the one part that actually counts.

Or just feel great about holding the moral high ground as they keep all the institutions of power.",https://undelete.pullpush.io/r/politics/comments/ht26ok/_/fyeufw2/,https://api.pullpush.io/reddit/comment/search/?ids=fyeufw2
2020-07-17,r/politics,"To be fair here, all your platitudes sound nice and energetic, but it's very easy to speak from a place of zero responsibility. 

We're talking about people making the choice to destroy the only society they've ever known in the hope that the outcome is better. That isn't some easy decision. As ""entitled whiny horseshit"" goes, some Canadian cheerleading violence is about the epitome of it.",https://undelete.pullpush.io/r/politics/comments/ht26ok/_/fyevp3t/,https://api.pullpush.io/reddit/comment/search/?ids=fyevp3t
2020-07-17,r/politics,What? This story was literally run in the Washington Post this morning. That doesn't make any goddamn sense.,https://undelete.pullpush.io/r/politics/comments/hsw5ef/_/fyewfd1/,https://api.pullpush.io/reddit/comment/search/?ids=fyewfd1
2020-07-18,r/politics,"I do like meeting loser internet trolls in the wild. Continue on with your utterly pointless existence friend, it brings me joy you will never accomplish anything of value in the real world.",https://undelete.pullpush.io/r/politics/comments/ht26ok/_/fyf2sb5/,https://api.pullpush.io/reddit/comment/search/?ids=fyf2sb5
2020-07-18,r/politics,"You may have missed my initial comment, but I obviously agree with you.

But watching someone with no skin in the game or remote responsibility of action babble about how anyone who isn't currently picking up a gun is...well, deeply annoying. I've seen firsthand what it looks like when societies collapse and violence becomes the currency of the day, and it's not an easy thing to comprehend. 

This assclown thinks it's an easy decision to start shooting ones neighbors and cops, but I can assure you that if it was their responsibility they'd be doing exactly what they are now. Nothing, and whining about it behind a keyboard.",https://undelete.pullpush.io/r/politics/comments/ht26ok/_/fyf3ch5/,https://api.pullpush.io/reddit/comment/search/?ids=fyf3ch5
2020-07-18,r/SocialistRA,Did they delete your comment just for pointing out money spent on this shit isn't money spent on healthcare and schools? What a bunch of fucking snowflakes.,https://undelete.pullpush.io/r/SocialistRA/comments/htjljs/_/fyh7z20/,https://api.pullpush.io/reddit/comment/search/?ids=fyh7z20
2020-07-20,r/pics,"Yo Frankie, is it hot across the Gulf too? It’s blazing here by Acadia.",https://undelete.pullpush.io/r/pics/comments/huaftg/_/fyoiggi/,https://api.pullpush.io/reddit/comment/search/?ids=fyoiggi
2020-07-21,r/SocialistRA,"He was a huge part of my politics moving further left and revolutionary.

I’m feeling a serious sense of loss right now, I’m not even sure what to say.

I’m just so thankful for his intellect and knowledge, we are stronger because of him but have lost something with his passing.",https://undelete.pullpush.io/r/SocialistRA/comments/huw6c1/_/fyptikm/,https://api.pullpush.io/reddit/comment/search/?ids=fyptikm
2020-07-21,r/SocialistRA,"Now this is good content. Those VTAC barricades are easy to build, and fantastic training tools.",https://undelete.pullpush.io/r/SocialistRA/comments/huv7hu/_/fypus1y/,https://api.pullpush.io/reddit/comment/search/?ids=fypus1y
2020-07-21,r/SocialistRA,"It’s a quick way to figure out height over bore, and better than a car hood.",https://undelete.pullpush.io/r/SocialistRA/comments/huv7hu/_/fypy70k/,https://api.pullpush.io/reddit/comment/search/?ids=fypy70k
2020-07-23,r/NFA,"Second this. Awful state, harsh gun laws, no unbroken forest or idyllic coastline. It’s the worst, stay away.",https://undelete.pullpush.io/r/NFA/comments/hvzfyy/_/fyxs1jr/,https://api.pullpush.io/reddit/comment/search/?ids=fyxs1jr
2020-07-23,r/TheDepthsBelow,"Street value. I always wonder what street you’re buying your cocaine on, because it’s not the street I’m buying my cocaine on.",https://undelete.pullpush.io/r/TheDepthsBelow/comments/hwcxbh/_/fyyzmjh/,https://api.pullpush.io/reddit/comment/search/?ids=fyyzmjh
2020-07-23,r/SocialistRA,"Always an upvote for Poole. He’s a lunatic, but knows his infantry combat.",https://undelete.pullpush.io/r/SocialistRA/comments/hw7wzp/_/fyyzsia/,https://api.pullpush.io/reddit/comment/search/?ids=fyyzsia
2020-07-23,r/TheDepthsBelow,"Sigh....


https://m.youtube.com/watch?v=6i_XfgdNUUk",https://undelete.pullpush.io/r/TheDepthsBelow/comments/hwcxbh/_/fyzdmat/,https://api.pullpush.io/reddit/comment/search/?ids=fyzdmat
2020-07-24,r/HistoryPorn,"As a US Marine, may I just say we take no credit for this mouth breather who has clearly awaited their whole life for this single moment to point out such a meaningless tidbit of information. We are very sorry our glorious heritage could in any way be aligned with this absurdity.",https://undelete.pullpush.io/r/HistoryPorn/comments/hwp3ge/_/fz22umi/,https://api.pullpush.io/reddit/comment/search/?ids=fz22umi
2020-07-24,r/SocialistRA,"Well, for the sake of accuracy, TC was a separate and competing company until it got snapped up by Constellis. Constellis had already bought Academi (and by extension it’s subordinate companies like IDS), and did a contract restructure in 2017 that handed much of the physical security contracts over to TC while nuking the legacy companies. Academi itself stayed, but as the training tentacle of the Constellis leviathan. 

So now it’s all Constellis, which is a gargantuan conglomerate of investors. Curiously, back in December they missed a debt payment (they now hold liabilities upwards of 1 billion) and were in default and there was talk of bankruptcy. Not surprising they’re finding a way to milk more taxpayer dollars out of the feds to pay off their investors and board.",https://undelete.pullpush.io/r/SocialistRA/comments/hwql2e/_/fz31wv5/,https://api.pullpush.io/reddit/comment/search/?ids=fz31wv5
2020-07-24,r/SocialistRA,"I didn’t say they were. And after reading that Medium article, I’m not sold. They’re connecting the fact that Federal Protective Services hold some contracts with Constellis subsidiaries, and then jumping to the conclusion that must mean Blackwater is in Portland.

It’s just bad journalism. First and foremost, it’s not remotely necessary. FPS, CBP, USMS, and DHS law enforcement are all quite happy to bash  skulls and don’t seem to remotely mind being utilized in this manner, so I just don’t see the incentive to employ “contractors”. 

Secondly, when people say “contractors” they tend to mean the heavily armed dudes who have worked the Department of State, Department of Defense, and intel agency contracts overseas. Those are lucrative gigs, and tend to require a specific level of experience. Stateside contracts tend to require significantly less experience, and pay accordingly. Former SF guys making 200K a year working in the Gulf states likely wouldn’t be all that excited to make 45K a year on a stateside site security gig.",https://undelete.pullpush.io/r/SocialistRA/comments/hwql2e/_/fz3wpoe/,https://api.pullpush.io/reddit/comment/search/?ids=fz3wpoe
2020-07-25,r/howto,I drop a 53 lbs kettlebell on their little heads. Ends it right quick.,https://undelete.pullpush.io/r/howto/comments/hxg10x/_/fz6zi02/,https://api.pullpush.io/reddit/comment/search/?ids=fz6zi02
2020-07-27,r/Maine,Where’d you put us?,https://undelete.pullpush.io/r/Maine/comments/hywr08/_/fzg2en4/,https://api.pullpush.io/reddit/comment/search/?ids=fzg2en4
2020-07-27,r/pics,"Jesus Christ...Blackwater doesn’t even exists anymore, and it’s legacy companies (except for Academi, which now only does training) were nuked in the 2017 restructure after Constellis bought everything up.

And they aren’t contractors in Portland, not in the “Blackwater” sense. There’s no need for that, USMS, DHS, ICE, CBP, FPS, BOP, all of them have tons of badged agents more than happy to crack skulls and trample rights.

Stop spreading bullshit.",https://undelete.pullpush.io/r/pics/comments/hysq0w/_/fzg55ja/,https://api.pullpush.io/reddit/comment/search/?ids=fzg55ja
2020-07-29,r/Maine,"This article reads like a farce.

“We’re aware moving in migrant workers and housing them in close quarters shitholes is exactly the wrong thing to do during a pandemic, but you see that’s just how we’ve always done it. We have no way of making any responsible changes like providing better housing options for our workers because, you know, they might start expecting things like “privacy”, so it is quite impossible I’m afraid. 

And so we’re just going to be responsible for a Covid outbreak, but not really responsible since any of the totally reasonable options that could be expected of us would hurt our profit margins.”",https://undelete.pullpush.io/r/Maine/comments/hztyf9/_/fzlywvv/,https://api.pullpush.io/reddit/comment/search/?ids=fzlywvv
2020-07-29,r/Military,There ain’t all them shooting sounds in the original.,https://undelete.pullpush.io/r/Military/comments/hztl4o/_/fzmfhid/,https://api.pullpush.io/reddit/comment/search/?ids=fzmfhid
2020-07-29,r/ar15,"Who makes it? That screw heard sheared off, so that’s what happened. Not trying to be a dick, but that’s your answer.",https://undelete.pullpush.io/r/ar15/comments/i01brp/_/fzmfx5t/,https://api.pullpush.io/reddit/comment/search/?ids=fzmfx5t
2020-07-29,r/politics,"Come on over! We love new folks, and you’ve likely got an active chapter in your area. 

socialistra.org and r/socialistra",https://undelete.pullpush.io/r/politics/comments/i04vza/_/fzo82y7/,https://api.pullpush.io/reddit/comment/search/?ids=fzo82y7
2020-07-31,r/WTF,Most definitely Ben and Bills. It’s confused me since childhood.,https://undelete.pullpush.io/r/WTF/comments/i0w6dk/_/fzun795/,https://api.pullpush.io/reddit/comment/search/?ids=fzun795
2020-07-31,r/USMC,"At my graduation, the series Gunny lost his grip on his sword when presenting, and it went skittering across the parade deck. Poor bastard.",https://undelete.pullpush.io/r/USMC/comments/i1b6rb/_/fzwpi7p/,https://api.pullpush.io/reddit/comment/search/?ids=fzwpi7p
2020-08-01,r/Military,"I’m guessing this was a team pic, and they’ve shopped everyone else out and replaced them with background.",https://undelete.pullpush.io/r/Military/comments/i1g3zc/_/fzz6ot4/,https://api.pullpush.io/reddit/comment/search/?ids=fzz6ot4
2020-08-01,r/WarCollege,"Having also served as an infantryman in both services, your comment is spot on. When I first switched over and started running into cats at courses like RSLC from the 82nd, my first thought was “well shit, these dudes would fit right in in a Victor battalion”. 

Also, thanks for reminding me LRS is dead and gone. Hurts my heart a little.",https://undelete.pullpush.io/r/WarCollege/comments/i1ffm7/_/fzzcdi5/,https://api.pullpush.io/reddit/comment/search/?ids=fzzcdi5
2020-08-01,r/WarCollege,"Not remotely close, even though I still have USMC buddies who insist it’s true. Naturally, they are usually the ones who also sucked as Marines. Ranger batt is by far a superior unit, which is what you get with a difficult selection process and an in-unit ability to drop people back to the conventional forces. That, and a budget that would make a Marine battalion cry.",https://undelete.pullpush.io/r/WarCollege/comments/i1ffm7/_/fzzu495/,https://api.pullpush.io/reddit/comment/search/?ids=fzzu495
2020-08-02,r/politics,"Raul used to drink in a bar I frequented/worked at right on the hill. Hell of a nice guy, we used to hang on the patio bullshitting about politics and whatnot while smoking a few cigarettes. I knew the guy 6 months, and one day someone walks past and greets him as “Congressman”. He’d never even mentioned it. All around good people and a no shit public servant, if he gets seriously sick because of a goddamn oxygen thief like Gohmert I’m going to be pissed.",https://undelete.pullpush.io/r/politics/comments/i1xze0/_/g01myou/,https://api.pullpush.io/reddit/comment/search/?ids=g01myou
2020-08-02,r/politics,"Also, how does this play out in a state like Maine? You don’t need a permit to concealed carry here, literally anyone can carry a concealed pistol if they can legally own it, and we borderline have no homicides.",https://undelete.pullpush.io/r/politics/comments/i21csj/_/g01nerv/,https://api.pullpush.io/reddit/comment/search/?ids=g01nerv
2020-08-03,r/USMC,"Pack a day by the time I hit the fleet, 1-2 packs a day deployed. I don’t smoke anymore, shit is disgusting (but I loved it).",https://undelete.pullpush.io/r/USMC/comments/i2m6mj/_/g05xziq/,https://api.pullpush.io/reddit/comment/search/?ids=g05xziq
2020-08-03,r/SocialistRA,"In our chapters “Introduction to Firearms” class, we stress that if you have mental health issues that put you at risk for suicide, a gun is not for you.

Suicide by firearm is THE leading cause of gun death in America, and by a significant margin. This means that it is far, far more likely that you’ll use it on yourself (if you are at risk) than using it in self defense. Guns make suicide quicker and more successful, and so having access to one for those at risk already elevates the threat.

Our comrades in this category do the movement far more good being alive, well, and organizing in other means than they do running the risk of self-harm, and so we welcome them with open arms. There is a place for all of us in making the world a better place for all who live in it.",https://undelete.pullpush.io/r/SocialistRA/comments/i2wk80/_/g07jvpj/,https://api.pullpush.io/reddit/comment/search/?ids=g07jvpj
2020-08-04,r/Maine,North side of the bay is best side of the bay.,https://undelete.pullpush.io/r/Maine/comments/i38jdc/_/g0afrqb/,https://api.pullpush.io/reddit/comment/search/?ids=g0afrqb
2020-08-04,r/SocialistRA,Good lookin’ kit. My setup is almost identical. You looking at holsters with active retention or just kydex?,https://undelete.pullpush.io/r/SocialistRA/comments/i3dld0/_/g0bfate/,https://api.pullpush.io/reddit/comment/search/?ids=g0bfate
2020-08-04,r/SocialistRA,"I’ve got a 6354DO, the Safariland ALS is the only way to go for active retention in my book. Still have a few SLS’s floating around which are good, but on the timer the ALS is just faster and more consistent.",https://undelete.pullpush.io/r/SocialistRA/comments/i3dld0/_/g0bhal2/,https://api.pullpush.io/reddit/comment/search/?ids=g0bhal2
2020-08-05,r/USMC,All I got from this was cancer. Thanks.,https://undelete.pullpush.io/r/USMC/comments/i4247r/_/g0fnz6k/,https://api.pullpush.io/reddit/comment/search/?ids=g0fnz6k
2020-08-07,r/liberalgunowners,"Honestly, the subreddit isn’t the SRA. Not by a long shot. It’s a public subreddit where lots of people just post whatever the hell they want. My local SRA chapter looks and sounds absolutely nothing like r/socialistra. All we do is lots of range days, firearms education classes, and developing mutual aid networks in our community. Just put on a defensive handgun course two weekends ago, and we do monthly “introduction to firearms” courses for new members, as well as more advanced classes for experienced members. Helps we have a significant amount of combat veterans and firearms instructors who have put together a solid curriculum to build proficiency amongst our membership.",https://undelete.pullpush.io/r/liberalgunowners/comments/i4vv4j/_/g0mvoz3/,https://api.pullpush.io/reddit/comment/search/?ids=g0mvoz3
2020-08-08,r/tacticalgear,"If you aren’t fit, you shouldn’t own armor. Spend that money on a gym membership, tubby.

Furthermore, if you are fit, you’d likely be better off learning how to move and shoot than dropping money on armor. This fantasy of folks totally jocked up in running gunfights with cops/soldiers/their neighbors is some of the dumbest shit I’ve ever heard. It’s all fantasy, and none of it will come true (and if it does, the last thing you’ll want to be is easily identifiable in your MC black Slickster and loaded Ops Core helmet).",https://undelete.pullpush.io/r/tacticalgear/comments/i5vyeq/_/g0sfl0b/,https://api.pullpush.io/reddit/comment/search/?ids=g0sfl0b
2020-08-13,r/Maine,I love Maine.,https://undelete.pullpush.io/r/Maine/comments/i91oum/_/g1cpzpa/,https://api.pullpush.io/reddit/comment/search/?ids=g1cpzpa
2020-08-15,r/Maine,There is a confederate flag on the second truck. Which makes sense in a state that sent more men per capita to defend the Union than any other state.,https://undelete.pullpush.io/r/Maine/comments/iaaqr4/_/g1mlmaz/,https://api.pullpush.io/reddit/comment/search/?ids=g1mlmaz
2020-08-15,r/USMC,But...they didn’t. A buddy has a better PH plate “1GOTME”,https://undelete.pullpush.io/r/USMC/comments/iadk1r/_/g1nctul/,https://api.pullpush.io/reddit/comment/search/?ids=g1nctul
2020-08-15,r/USMC,"I can’t run as fast, but I’m significantly stronger. Got out at an athletic 170, now I’m 225 and cruise through heavy barbell and kettlebell workouts that would have destroyed me when I was a skinny little Marine grunt.",https://undelete.pullpush.io/r/USMC/comments/iac79w/_/g1nld0v/,https://api.pullpush.io/reddit/comment/search/?ids=g1nld0v
2020-08-19,r/Maine,"Why should it “at least pay its own bills?”

Should the Marine Corps at least bring in enough money to pay for its own equipment?

The Postal Service is just that, a service. It’s mandate is to connect the nation through a prompt and effective mail system. This allows a nation as geographically vast as ours to afford every citizen the ability to be connected. This is an important service to provide to our nation, one I would argue is right up there with defense.

The requirement to prefund pensions is what has created the illusion of it not being profitable (and it was done very much for that exact reason), but that aside, it isn’t a company making a profit, it is a government organization providing an important service to the nation. Profitability shouldn’t even be part of the discussion.

You can go hang out in the military subreddits and see tons of examples of inefficiency and waste, do you feel the United States Army should have it’s budget slashed until it can learn how to at least afford to keep its lights on?",https://undelete.pullpush.io/r/Maine/comments/icl9lw/_/g24jtp4/,https://api.pullpush.io/reddit/comment/search/?ids=g24jtp4
2020-08-19,r/Maine,"I’m well aware of the history. Until the 1970’s it wasn’t supposed to be self-sustaining without taxpayer input, and even after that requirement was put in place it was self-sustaining until the prefunding of pensions requirement was put in place in 2006.

These are recent actions, political in nature, that have put the postal service into the situation it is in now. You act as if these impositions on the USPS are the natural state of things, and so the USPS just needs to cut where it can (which is literally the purpose of these restrictions.)

My point is that these are political restrictions that run counter to the purpose of the postal service, and as a nation we should reverse them as well as more muscularly fund and support the postal service.

I spent 8 years in the infantry with 4 deployments to Iraq and Afghanistan, and can tell you firsthand the United States Postal Service does more for regular Americans on a daily basis than all the billions upon billions of dollars I watched poured away on nothing overseas. As a country, we need to reprioritize where we put money.",https://undelete.pullpush.io/r/Maine/comments/icl9lw/_/g2543vo/,https://api.pullpush.io/reddit/comment/search/?ids=g2543vo
2020-08-21,r/Maine,"https://bangordailynews.com/2020/08/19/business/the-latest-problem-caused-by-delayed-mail-deliveries-dead-chicks/


https://www.pressherald.com/2020/08/19/dead-chick-deliveries-costing-maine-farmers-thousands-of-dollars/

Better?",https://undelete.pullpush.io/r/Maine/comments/idw420/_/g2bns66/,https://api.pullpush.io/reddit/comment/search/?ids=g2bns66
2020-08-26,r/QualityTacticalGear,So....it’s a Vickers sling. Woooo.,https://undelete.pullpush.io/r/QualityTacticalGear/comments/iglt7i/_/g2uxz3c/,https://api.pullpush.io/reddit/comment/search/?ids=g2uxz3c
2020-08-28,r/WarCollege,"Frankly, Ranger school is a leadership course and not a tactical course. What you can learn about how to lead sleep deprived, half starved, miserable men in the mountains of Dahlonega or the swamps of Florida is the same as some drier version. Nobody learns skills in Ranger school, just how to be led while miserable and how to lead the miserable.",https://undelete.pullpush.io/r/WarCollege/comments/ihx028/_/g33d2wm/,https://api.pullpush.io/reddit/comment/search/?ids=g33d2wm
2020-08-28,r/WarCollege,Peer evals are ridiculous IMHO. Turns what should be a course about learning into some weird version of high school politics.,https://undelete.pullpush.io/r/WarCollege/comments/ihx028/_/g33eh56/,https://api.pullpush.io/reddit/comment/search/?ids=g33eh56
2020-09-01,r/Maine,"This fucking bullshit won’t end, will it?",https://undelete.pullpush.io/r/Maine/comments/ikhd3a/_/g3kwt7a/,https://api.pullpush.io/reddit/comment/search/?ids=g3kwt7a
2020-09-01,r/politics,"Living in white rural America, I’m afraid to tell you they actually are.",https://undelete.pullpush.io/r/politics/comments/ikl7vn/_/g3m4aj8/,https://api.pullpush.io/reddit/comment/search/?ids=g3m4aj8
2020-09-01,r/Military,"Just go into it with a plan. Whether it be a time restriction (I’m only doing this for 5 years) or a financial one (I’ll do this until I bank 350K), it’s better than just rolling in with nothing. 

You’ll meet dudes who meant to do it for a little bit, and have been on WPS since 2005 because they blew all the dough on houses, cars, boats, and ex-wives and now need the job just to pay the taxes on it all. Don’t be those guys, they hate life.

It isn’t ninja, you won’t “get some” or do high speed shit. If you want action and badassery, re-enlist and go to a selection. It’s security, you’re just a body that allows the company to maintain its contract numbers. There’s no camaraderie or brotherhood, especially above the team level. It’s about making money, and the entire culture reflects that.

Also remember this: What you do in the service is what you’ll be qualified for. There isn’t much room for advancement (outside of some minor stuff), so if you got out as an 11 series, then you’ll be qualified for jobs that require that. That’s it. No cool courses or schools to open up new opportunities. If you want to do ninja shit, you’d better have been a ninja in uniform with the DD214 to prove it.

Not a terrible gig, not a great one, and a decent way to toss some cash in the bank if you’re single and untethered.",https://undelete.pullpush.io/r/Military/comments/ikn5b1/_/g3mjjaw/,https://api.pullpush.io/reddit/comment/search/?ids=g3mjjaw
2020-09-01,r/Military,"Yeah, lots of dudes seem to think it’ll last forever. It won’t. Contracts end or shrink, injuries happen, or life tosses a frag into your plans. The ones who were smart with their money walk away with a cushion, lots of guys just end up swallowed in avoidable debt.",https://undelete.pullpush.io/r/Military/comments/ikn5b1/_/g3mpbcp/,https://api.pullpush.io/reddit/comment/search/?ids=g3mpbcp
2020-09-01,r/Military,"Flight medics with combat time are highly valued. If you’re planning on getting out anyways, it’s not a bad way to pad the bank account before starting an actual new life.",https://undelete.pullpush.io/r/Military/comments/ikn5b1/_/g3n6mcc/,https://api.pullpush.io/reddit/comment/search/?ids=g3n6mcc
2020-09-02,r/Maine,Not if the Maine GOP has anything to say about it.,https://undelete.pullpush.io/r/Maine/comments/ikswvo/_/g3p838p/,https://api.pullpush.io/reddit/comment/search/?ids=g3p838p
2020-09-02,r/todayilearned,What? Eastern Hancock county and Washington county aren’t downeast? They’re the most downeast!,https://undelete.pullpush.io/r/todayilearned/comments/ikoj1x/_/g3pnry9/,https://api.pullpush.io/reddit/comment/search/?ids=g3pnry9
2020-09-02,r/SigSauer,"Long time update, but just got my RHT holster in for my 1911. Thanks so much for the recommendation, it’s an excellent holster.",https://undelete.pullpush.io/r/SigSauer/comments/hsa8tg/_/g3prozh/,https://api.pullpush.io/reddit/comment/search/?ids=g3prozh
2020-09-04,r/USMC,I must ask: How does it feel to be retarded?,https://undelete.pullpush.io/r/USMC/comments/im5rvj/_/g3xphjs/,https://api.pullpush.io/reddit/comment/search/?ids=g3xphjs
2020-09-05,r/USMC,"Aww, little baby didn’t get combat tours like a real man and makes up for it now with loving a jingoistic tough guy con man. It’s ok, those of us who did real work will continue to pull up your slack.",https://undelete.pullpush.io/r/USMC/comments/imov2c/_/g440ydx/,https://api.pullpush.io/reddit/comment/search/?ids=g440ydx
2020-09-05,r/Maine,"Sadly, reading through Facebook tells me out of staters aren’t the problem here.",https://undelete.pullpush.io/r/Maine/comments/imr6gl/_/g444woq/,https://api.pullpush.io/reddit/comment/search/?ids=g444woq
2020-09-08,r/Maine,"Boom. Fuck off losers, we’re making America better without you.",https://undelete.pullpush.io/r/Maine/comments/iowpi6/_/g4ggo23/,https://api.pullpush.io/reddit/comment/search/?ids=g4ggo23
2020-09-08,r/Maine,My only regret is I have but one upvote to give for my country.,https://undelete.pullpush.io/r/Maine/comments/ioxh5n/_/g4gi57r/,https://api.pullpush.io/reddit/comment/search/?ids=g4gi57r
2020-09-10,r/Maine,"The only dangerous thing on Precipice are people who shouldn’t be doing it.

Although it is definitely a trail that could not be made today.

“Hey boss? I have an idea for a new trail. You know that cliff on the east side of the park? No, not the little one, that’s Beehive. I mean the big fuck off cliff. Yeah, well, how about we just pound some metal rungs straight into the cliff and then let tourists of all fitness levels climb up and down it without any supervision. Don’t worry though, we’ll put a sign out that says it’s steep!”",https://undelete.pullpush.io/r/Maine/comments/iq8zz1/_/g4qfrqn/,https://api.pullpush.io/reddit/comment/search/?ids=g4qfrqn
2020-09-10,r/politics,Dude...I know. Why do some Marines gotta be fucking morons....,https://undelete.pullpush.io/r/politics/comments/iq6vql/_/g4qk8vz/,https://api.pullpush.io/reddit/comment/search/?ids=g4qk8vz
2020-09-11,r/Military,"The New Yorker piece on him is one of the best “obituaries” I’ve ever read. If you have 20 minutes to spare today, give it a read.


https://www.google.com/amp/s/www.newyorker.com/magazine/2002/02/11/the-real-heroes-are-dead/amp",https://undelete.pullpush.io/r/Military/comments/iqr6w2/_/g4tzndc/,https://api.pullpush.io/reddit/comment/search/?ids=g4tzndc
2020-09-16,r/SocialistRA,.....why? This looks to be an answer to a question no one was asking.,https://undelete.pullpush.io/r/SocialistRA/comments/iu3iw5/_/g5ijio9/,https://api.pullpush.io/reddit/comment/search/?ids=g5ijio9
2020-09-18,r/politics,"You and me both, especially considering the amount of Trump flags around.",https://undelete.pullpush.io/r/politics/comments/iuuzes/_/g5ozbf9/,https://api.pullpush.io/reddit/comment/search/?ids=g5ozbf9
2020-09-22,r/USMC,"Fuck off. The evidence presented to the grand jury was enough to get him indicted, and for good reason. 

Everybody wants to throw around “play stupid games, win stupid prizes”, and this seems the epitome of that. Say racist shit on social media, make public statements about shooting people, go out and point guns at people, fire shots into the air, and don’t get surprised that somewhere in that somebody takes you as a threat. 

I managed multiple infantry tours in Iraq and Afghanistan without the result being putting myself in stupid situations, so don’t try to sell me “PTSD”. 

Homeboy did some stupid shit and it didn’t work out for him. That’s a choice, not “the system failed him”.",https://undelete.pullpush.io/r/USMC/comments/ixm52a/_/g67pugs/,https://api.pullpush.io/reddit/comment/search/?ids=g67pugs
2020-09-22,r/SocialistRA,"I have several buddies who took rounds to the plates and didn’t even notice it until the fight was over. Most others noticed it, but said it wasn’t too bad, like a normal punch.

One friend took a PKM burst to the back in Ramadi and he had some good bruising from the plate impacts, but the real problem was the round that snuck over the top and clipped his shoulder. 

I’m not a “you need to have armor” type (fitness and weapons proficiency are far more important), but it’s just not true that plate hits are this super traumatic event.",https://undelete.pullpush.io/r/SocialistRA/comments/ixfg1d/_/g67ux2l/,https://api.pullpush.io/reddit/comment/search/?ids=g67ux2l
2020-09-22,r/SocialistRA,"Oh yeah, he was fine. Just tissue damage through the traps.",https://undelete.pullpush.io/r/SocialistRA/comments/ixfg1d/_/g6863si/,https://api.pullpush.io/reddit/comment/search/?ids=g6863si
2020-09-22,r/Maine,"What? That doesn’t make any sense at all. The “hanging chad” dilemma was born out of uncertainty in the ballot itself, not the time it took to count it.

The RCV returns were well documented and the data was publicly available, it just took a little longer to count. You’ve come up with a shit corollary.",https://undelete.pullpush.io/r/Maine/comments/ixwqsw/_/g69m69n/,https://api.pullpush.io/reddit/comment/search/?ids=g69m69n
2020-09-23,r/QualityTacticalGear,"Is this a fucking joke? AKP patches just fly around here? I’ll make sure to post kit with swastikas and then say “hey bro, it’s just gear”

Joke of a fucking subreddit.",https://undelete.pullpush.io/r/QualityTacticalGear/comments/ixypkb/_/g6a6gbi/,https://api.pullpush.io/reddit/comment/search/?ids=g6a6gbi
2020-09-23,r/QualityTacticalGear,"Islamist authoritarian regimes that spend their time demonizing and murdering allies I fought beside won’t get a shred of leniency from me. This subreddit might be ok with Islamic fascism creeping in through gear pics, but I’ll still bitch about it.",https://undelete.pullpush.io/r/QualityTacticalGear/comments/ixypkb/_/g6ace66/,https://api.pullpush.io/reddit/comment/search/?ids=g6ace66
2020-09-23,r/USMC,I love how you got downvoted for step by stepping through the whole thing. These dumb fucks feelings get hurt when they can’t play the victim card.,https://undelete.pullpush.io/r/USMC/comments/ixm52a/_/g6adws0/,https://api.pullpush.io/reddit/comment/search/?ids=g6adws0
2020-09-23,r/QualityTacticalGear,"Turkish Justice and Development Party (Adalet ve Kalkınma Partisi) is AKP. I don’t think you know what your internet joke is, but’s that’s the AKP that exists in the real world.",https://undelete.pullpush.io/r/QualityTacticalGear/comments/ixypkb/_/g6agp1e/,https://api.pullpush.io/reddit/comment/search/?ids=g6agp1e
2020-10-06,r/Maine,"Don’t buy into that bullshit. I did 4 tours in the infantry to Iraq and Afghanistan, saw all kinds of awful things, have a PTSD diagnosis and STILL manage not to beat defenseless animals to death for fun.

That’s just cops giving excuses for their garbage behavior.",https://undelete.pullpush.io/r/Maine/comments/j64xis/_/g7xtg04/,https://api.pullpush.io/reddit/comment/search/?ids=g7xtg04
2020-10-08,r/SocialistRA,*Quigley Intensifies*,https://undelete.pullpush.io/r/SocialistRA/comments/j70a6e/_/g82bwik/,https://api.pullpush.io/reddit/comment/search/?ids=g82bwik
2020-10-08,r/Maine,"Hell, just go find a pit off the Stud Mill Road. It’s Maine, no reason to pay people so you can shoot.

When it’s too cold, Maine Military has a 25 yard indoor range. If you want more out of a range than just a spot to zero a rifle, Hamden Rifle/Pistol Club is pretty excellent but requires membership.",https://undelete.pullpush.io/r/Maine/comments/j725ef/_/g82dy0i/,https://api.pullpush.io/reddit/comment/search/?ids=g82dy0i
2020-10-08,r/Maine,"Not just them. All the other cops they shared this with who said nothing about it.

“BuT mUh BAd ApPleS”",https://undelete.pullpush.io/r/Maine/comments/j7e0gz/_/g84g7lp/,https://api.pullpush.io/reddit/comment/search/?ids=g84g7lp
2020-10-10,r/SRAWeekend,"If you’re in a situation that’s going to warrant getting jocked up in kit, it’s likely it won’t always be daytime. Toss a light on that boomstick. And while the tacticalgear losers are mostly fascist sympathizing trash, they weren’t wrong about your optic. Drop the 150 on a Holosun if money is tight, but ditch the Sightmark if you think you’ll ever need to use that carbine in conjunction with your kit.",https://undelete.pullpush.io/r/SRAWeekend/comments/j8cdl3/_/g8b8gsr/,https://api.pullpush.io/reddit/comment/search/?ids=g8b8gsr
2020-10-13,r/SRAWeekend,"Just wanted to say I love your shop. Defend equality sticker on the truck and antifa supersoldier on my armor as well, keep up the good fight.

And that thread over at r/tacticalgear has me rolling.",https://undelete.pullpush.io/r/SRAWeekend/comments/ja4qee/_/g8q3scg/,https://api.pullpush.io/reddit/comment/search/?ids=g8q3scg
2020-10-13,r/Maine,"And nothing of value was lost.

Seriously....I never got the hype.",https://undelete.pullpush.io/r/Maine/comments/jakok4/_/g8q44e2/,https://api.pullpush.io/reddit/comment/search/?ids=g8q44e2
2020-10-15,r/SocialistRA,"Howard Leights are great active electronic protection for the price. As an instructor, it is so much easier when students have good electronic ear pro since they can clearly hear me and I can clearly hear them.

As others mentioned, it’s good to use them in tandem with plugs at indoor ranges.

Eye pro is pretty user specific, anything from safety glasses to the priciest Smith has to offer works. You just want something shatter proof.",https://undelete.pullpush.io/r/SocialistRA/comments/jbp95e/_/g8xb9vh/,https://api.pullpush.io/reddit/comment/search/?ids=g8xb9vh
2020-10-19,r/USMC,"Hey, I resemble that remark...

We had ourselves a grand old time after Ramadi.",https://undelete.pullpush.io/r/USMC/comments/jdrnfi/_/g9bjma5/,https://api.pullpush.io/reddit/comment/search/?ids=g9bjma5
2020-10-21,r/USMC,"Neary was my Battalion Commander for both of my Iraq tours. You won’t find an officer more universally hated by the men who served under him in combat. I don’t know a single 3/8 OIF guy who isn’t looking forward to the day we can go piss on his grave.

Doesn’t remotely surprise me that Marines in his current command happily found something to throw him under the bus for.

Couple highlights: 

Pulling over a CASEVAC run to yell at them for speeding. Marine bleeds out in the back before getting to Charlie Surg. 

Referring to dead Marines as “good pieces of gear”.

When interacting with Marines who had just been seriously wounded, his first question was “do you have all your equipment?”

Insisting that Marines down at the Gov Center weren’t actually getting in firefights on a daily basis and denying support. Even though he rarely left Hurricane Point to see what was actually happening.

Insisting infantry Marines conduct morning foot patrols along Michigan and Mobile to “clear IED’s”. Reconnaissance by dead Marine. In Ramadi, he made us do this in HMMVW’s prior to armor moving along the routes, because god forbid the tanks get their paint scratched.

Being an all around cunt about his men and their welfare. There used to be shouting matches between him and the battalion XO that you could hear in the hallway at Hurricane Point, the XO always trying to talk him out of some pointless bullshit that would get Marines killed for no good reason.

Neary gave a shit about one thing, and that was the career of Stephen Neary. We all fantasized at length of ways we could get away with killing the man. If it had been 1970, I’ve no doubt some angry LCPL would have murdered the sonofabitch, and it would have been a better Marine Corps for it.",https://undelete.pullpush.io/r/USMC/comments/jeve3o/_/g9jluxw/,https://api.pullpush.io/reddit/comment/search/?ids=g9jluxw
2020-10-21,r/USMC,"Yeah, this news is being shared around amongst 3/8 Iraq guys with a “what the hell took so long” theme.

We’re just happy he’s finally getting hit with something.",https://undelete.pullpush.io/r/USMC/comments/jeve3o/_/g9k5j8l/,https://api.pullpush.io/reddit/comment/search/?ids=g9k5j8l
2020-10-21,r/USMC,"Having served under this fuck for two combat tours, I can tell you without hesitation he is NOT *one of the good ones*.

I’m just glad his garbage leadership has finally gotten around to biting him in the dick. There is no question in my mind subordinates who hated him for other reasons took the opportunity when it presented itself.",https://undelete.pullpush.io/r/USMC/comments/jeve3o/_/g9k63k5/,https://api.pullpush.io/reddit/comment/search/?ids=g9k63k5
2020-10-21,r/USMC,"In college I made friends with a dude who was 1-6 Infantry (Army) who was also in Ramadi in 2006. When we figured out we were in the same place at the same time, he asked me “Hey dude, what does ‘Neary Kills Marines’ mean? It was scrawled in every portashitter on Blue Diamond and some on Camp Ramadi, and I never got it”.

Neary was reviled by almost every Marine who served under him in 3/8, to the point of outright hatred and rage that still manifests itself almost 15 years later. He quite literally got Marines killed over deeply stupid shit over the course of two deployments, and his attitude about their deaths could not have been more callous or sickening.

It’s no surprise to those of us who suffered under his garbage leadership from 2004-2006 that subordinates have figured out a way to fuck him back. 

The only surprise is that it took this long, and that the Marine Corps made that piece of human garbage a two star.",https://undelete.pullpush.io/r/USMC/comments/jeve3o/_/g9kdau6/,https://api.pullpush.io/reddit/comment/search/?ids=g9kdau6
2020-10-21,r/Maine,"Hmmm....it’s like this thing started in the late 1960’s that effected black Americans more than any others. Something about drugs? Like...maybe a war about them?

This racist motherfucker even identifies the timeframe, but can’t make the leap. “Blacks do crime because they bad at being dads, cops gotta shoot ‘em!”",https://undelete.pullpush.io/r/Maine/comments/jfmfbo/_/g9lalr5/,https://api.pullpush.io/reddit/comment/search/?ids=g9lalr5
2020-10-21,r/liberalgunowners,"Yut yut rah. 3/8, 2004-2008.",https://undelete.pullpush.io/r/liberalgunowners/comments/jfji2o/_/g9ldfl2/,https://api.pullpush.io/reddit/comment/search/?ids=g9ldfl2
2020-10-27,r/Maine,"Sadly, you’re pretty SOL. Willeys in Ellsworth isn’t hyper-psycho like Maine Military, but they fuck you on prices. Old Town Trading Post is your standard rednecky hunting store, but they have limited options.

Your best bet is find something online and pay Willeys the $30 transfer fee.",https://undelete.pullpush.io/r/Maine/comments/jj0pop/_/gaaac5s/,https://api.pullpush.io/reddit/comment/search/?ids=gaaac5s
2020-10-29,r/Maine,Oh look. Republicans committing fraud. Who ever could have guessed.,https://undelete.pullpush.io/r/Maine/comments/jjzujx/_/gahcwal/,https://api.pullpush.io/reddit/comment/search/?ids=gahcwal
2020-11-02,r/politics,Always an upvote for Phil Ochs.,https://undelete.pullpush.io/r/politics/comments/jmn1bb/_/gaxb1cp/,https://api.pullpush.io/reddit/comment/search/?ids=gaxb1cp
2020-11-02,r/Military,"I remember a hurricane party on Lejeune back in 2005, Weapons and Kilo 3/8 had barracks across from each other with the quad in between. The barracks running perpendicular was filled with pogs and engineers.

We were in our 5 month downtime between Fallujah and Ramadi, and the boys were pretty much ungovernable savages at this point. Hurricane rolls in, power goes down, and everyone is on the catwalks getting hammered and talking shit. Devolves into a full scale company on company brawl in the quad until the pog barracks duty comes out to tell us all to go the fuck back to our rooms.

Chaos ensued. The two companies immediately stop beating each other and turn on the pog barracks. Duty gets pelted with beer bottles and dip cans, a window gets broken, shit is escalating.

MP’s roll up in full riot gear, cracking skulls and stacking on doors of party goers who had retreated to their rooms. Abject chaos.

Good times.",https://undelete.pullpush.io/r/Military/comments/jmt924/_/gaxgzd5/,https://api.pullpush.io/reddit/comment/search/?ids=gaxgzd5
2020-11-09,r/politics,"It’s easy. Gideon was a terrible candidate to run. She does well with the southern Maine liberal types who run the party, but she’s a wealthy, run of the mill politico type who ISN’T EVEN FROM MAINE. That last bit doesn’t matter much in some places, but we’re still pretty provincial around these parts.

That wasn’t the real problem though. Think about this:

Most of her voting base is southern Maine. That means a substantial portion of the votes for Collins come from District 2. But in this same election, ME-2 re-elected Democrat Jared Golden with a substantial margin. Golden was a good candidate, he bumped off incumbent Poliquin in 2018, and has maintained a base of support in a district that just gave its 1 electoral college vote to Trump.

Gideon is a rich lady from Freeport, married to a wealthy attorney, and with the the standard corporate Democrat positions. I voted for her happily, but didn’t have my hopes up. Just the thought of her connecting with a lobsterman is laughable.

The national and state Dems really need to get their shit together on choosing candidates that these constituencies like, not necessarily candidates that look and sound like them.",https://undelete.pullpush.io/r/politics/comments/jr467w/_/gbrcqbw/,https://api.pullpush.io/reddit/comment/search/?ids=gbrcqbw
2020-11-09,r/USMC,They doing Cookies this year?,https://undelete.pullpush.io/r/USMC/comments/jr5t1z/_/gbrl00h/,https://api.pullpush.io/reddit/comment/search/?ids=gbrl00h
2020-11-09,r/politics,"Gideon was a terrible candidate, that’s how. Maine Dems and the national party need to do a better job choosing candidates in rural states that don’t reflect the corporate politician make up of their usual choices.

She was a rich lady from out of state, and who lives in what lots of Mainers consider northern Massachusetts. If your candidate can’t have a conversation with a lobsterman, they probably aren’t going to win in Maine.",https://undelete.pullpush.io/r/politics/comments/jr5eig/_/gbruidy/,https://api.pullpush.io/reddit/comment/search/?ids=gbruidy
2020-11-09,r/politics,"Frankly, don’t be too mad at us. ME-2 just re-elected a Democratic congressman by a large margin.

Blame the party for choosing a garbage candidate. Democrats can win in Maine, and often do (we have a blue legislature and Collins is our only republican rep), but running a rich lady from away is about as dumb a choice as can be made.",https://undelete.pullpush.io/r/politics/comments/jr5eig/_/gbrv1a0/,https://api.pullpush.io/reddit/comment/search/?ids=gbrv1a0
2020-11-09,r/politics,Likely because nobody has thought to ask him.,https://undelete.pullpush.io/r/politics/comments/jr467w/_/gbrv9if/,https://api.pullpush.io/reddit/comment/search/?ids=gbrv9if
2020-11-19,r/CombatFootage,"Rest In Peace, Bobby Shaftoe.",https://undelete.pullpush.io/r/CombatFootage/comments/jx2in5/_/gcts9mm/,https://api.pullpush.io/reddit/comment/search/?ids=gcts9mm
2020-11-29,r/Maine,"I grew up in Sullivan and we’ve called Cutler public lands “the bold coast” trail since I was a kid (mid-30’s now).

It’s not new, but it has certainly gotten more popular.",https://undelete.pullpush.io/r/Maine/comments/k2wd74/_/ge0tu9a/,https://api.pullpush.io/reddit/comment/search/?ids=ge0tu9a
2020-12-05,r/USMC,?,https://undelete.pullpush.io/r/USMC/comments/k6x0x5/_/genp7w6/,https://api.pullpush.io/reddit/comment/search/?ids=genp7w6
2020-12-05,r/Maine,"Take that up with the Senate, the Dem house has passed relief bills but they aren’t going anywhere in the Senate. It’s not that weed is a priority, it’s that they’ve already passed relief bills and McConnell is just refusing to vote on them, so may as well pass other legislation.",https://undelete.pullpush.io/r/Maine/comments/k77ktk/_/geqpgt5/,https://api.pullpush.io/reddit/comment/search/?ids=geqpgt5
2020-12-07,r/CombatFootage,"That’s not “suppressing fire”, that’s wasting ammunition and it sure as shit is worse than not firing, especially at a range like that.

Suppressing fire still needs to have effects on the target area, like dirt getting kicked up, rocks breaking, branches snapping, and rounds cracking. Those who have ever been effectively suppressed know how goddam terrifying real suppressive fire is, and that it is accurate.

HIS FUCKING SCOPE CAPS ARE CLOSED. Engaging across a valley with rapidly fired shots. That dude doesn’t even know where the enemy is, let alone putting any kind of accurate fire towards them. He’s just wasting ammunition which could very well come in handy later, and if he was more judicious with his firing he could likely get away with carrying less and be more maneuverable.

This is amateur hour bullshit, and sadly I’m not surprised to see it upvoted. But dumping rounds like this isn’t “suppressive fire”, it’s making noise for the benefit of scared and improperly trained soldiers.",https://undelete.pullpush.io/r/CombatFootage/comments/k840zw/_/gextzml/,https://api.pullpush.io/reddit/comment/search/?ids=gextzml
2021-01-06,r/politics,"This is the problem. You think it's still a funny joke, while they dismantle democracy. By the time you realize it's too late, quirky humor won't save you from their guns.",https://undelete.pullpush.io/r/politics/comments/kr96ni/_/gi90nwp/,https://api.pullpush.io/reddit/comment/search/?ids=gi90nwp
2021-01-08,r/Maine,"Really? Don’t shout? SUSAN COLLINS INACTION JUST GOT A CAPITOL HILL POLICE OFFICER MURDERED.

Fuck these people.",https://undelete.pullpush.io/r/Maine/comments/kt0s5v/_/gika3wu/,https://api.pullpush.io/reddit/comment/search/?ids=gika3wu
2021-01-08,r/Maine,Behave like a traitor and you get treated like a traitor.,https://undelete.pullpush.io/r/Maine/comments/kt0s5v/_/gikjeo9/,https://api.pullpush.io/reddit/comment/search/?ids=gikjeo9
2021-01-12,r/Maine,Born and raised. Fuck outta here with your fascist handwringing.,https://undelete.pullpush.io/r/Maine/comments/kv40sh/_/giymzka/,https://api.pullpush.io/reddit/comment/search/?ids=giymzka
2021-01-12,r/USMC,"Shit, half my battalion seems to think these folks are simultaneously heroes/it was ANTIFA. Fucking morons.",https://undelete.pullpush.io/r/USMC/comments/kve849/_/giz8bhm/,https://api.pullpush.io/reddit/comment/search/?ids=giz8bhm
2021-01-13,r/Military,"“My coup attempt failed, so now I’m going to say I didn’t really mean it! Please be nice to me, my life is in shambles after I tried to overthrow the democratically elected government!”

These fucking pussies. That dude did 24 years in NSW and still turns out to be a bitch.",https://undelete.pullpush.io/r/Military/comments/kwgkdo/_/gj424r6/,https://api.pullpush.io/reddit/comment/search/?ids=gj424r6
2021-01-13,r/Military,"“Please stop being mean to me after the coup attempt I bragged about being in failed!”

What a fucking worthless pussy. And a traitor.",https://undelete.pullpush.io/r/Military/comments/kwgsiw/_/gj439kl/,https://api.pullpush.io/reddit/comment/search/?ids=gj439kl
2021-01-13,r/Maine,"Keep it up folks! I love driving past you guys, gives me hope.",https://undelete.pullpush.io/r/Maine/comments/kwh6tl/_/gj45zp0/,https://api.pullpush.io/reddit/comment/search/?ids=gj45zp0
2021-01-13,r/SocialistRA,"It’s Arfcom. Its forums are literally filled with people talking about revolution and killing liberals.

It’s not a gun thing, it’s a “we don’t want to see screenshots of this shit on the news saying we host this content” thing.",https://undelete.pullpush.io/r/SocialistRA/comments/kwlkby/_/gj58ppy/,https://api.pullpush.io/reddit/comment/search/?ids=gj58ppy
2021-01-14,r/Qult_Headquarters,Telegram. It’s where a lot have migrated. Tons of Q/Trump conspiracy channels.,https://undelete.pullpush.io/r/Qult_Headquarters/comments/kx43ia/_/gj874kx/,https://api.pullpush.io/reddit/comment/search/?ids=gj874kx
2021-01-15,r/videos,"It’s also the subject it covers. BOB follows one rifle company over 12 months (June 1944-May 1945, not counting the one episode at the beginning).

The Pacific covers the entire 1st Marine Division from 1941-1945, in the same amount of episodes. Honestly, it impresses me they managed to pull it off at all.",https://undelete.pullpush.io/r/videos/comments/kxgp3u/_/gjb3sqr/,https://api.pullpush.io/reddit/comment/search/?ids=gjb3sqr
2021-01-15,r/politics,"No, it’s not. Just enforce the goddamn laws we already have.",https://undelete.pullpush.io/r/politics/comments/kxkn9t/_/gjb8bak/,https://api.pullpush.io/reddit/comment/search/?ids=gjb8bak
2021-01-17,r/USMC,"Absolutely. I’m a vegetable growing, psychedelics taking socialist these days. After the war, I’ve pretty much stopped believing in any of the patriotic nonsense that got me there in the first place, and am a firm believer that the best thing a person can do is help their neighbors and live a loving life.

Still got the guns though, I don’t trust the fascists to act politely.",https://undelete.pullpush.io/r/USMC/comments/kz8dwn/_/gjlvk85/,https://api.pullpush.io/reddit/comment/search/?ids=gjlvk85
2021-01-23,r/Maine,"I went yesterday at Sand Beach. Chilly, but had the beach to ourselves.",https://undelete.pullpush.io/r/Maine/comments/l2xzmh/_/gk9ideg/,https://api.pullpush.io/reddit/comment/search/?ids=gk9ideg
2021-01-24,r/politics,"Kills me LRS is all gone. Best job I had in the Army.

And yeah, we never called ourselves any type of Rangers despite having a ton of tabs in the det.

Every infrantryman knows the difference between a tab and a scroll.",https://undelete.pullpush.io/r/politics/comments/l3n83m/_/gkh51qc/,https://api.pullpush.io/reddit/comment/search/?ids=gkh51qc
2021-01-27,r/Maine,Yup. It was ridiculous.,https://undelete.pullpush.io/r/Maine/comments/l5d80l/_/gkw325k/,https://api.pullpush.io/reddit/comment/search/?ids=gkw325k
2021-01-27,r/PublicFreakout,Goddamnit Belfast...,https://undelete.pullpush.io/r/PublicFreakout/comments/l63xi0/_/gky3e2x/,https://api.pullpush.io/reddit/comment/search/?ids=gky3e2x
2021-01-27,r/PublicFreakout,"These folks are such goddamned assclowns. I’ve heard a number of the local businesses have seen a sharp decline in customers, because who the hell wants to walk through this mess of racist petri dishes.

Ironic considering they want to kill Mills over “hurting business”.",https://undelete.pullpush.io/r/PublicFreakout/comments/l63xi0/_/gky5jdd/,https://api.pullpush.io/reddit/comment/search/?ids=gky5jdd
2021-01-27,r/Maine,"Sullivan checking in. Fuck off, racist.",https://undelete.pullpush.io/r/Maine/comments/l62rdp/_/gl05qo8/,https://api.pullpush.io/reddit/comment/search/?ids=gl05qo8
2021-01-29,r/wallstreetbets,"RH (fuck em) just just opened it back up. In for 1 share, I’ll ride it to the dirt OR TO THE MOON 🚀🚀🚀🚀🌙",https://undelete.pullpush.io/r/wallstreetbets/comments/l7feld/_/gl6tl87/,https://api.pullpush.io/reddit/comment/search/?ids=gl6tl87
2021-01-29,r/politics,"I generally don’t fuck with individual stocks or high risk investment, but I bought one share the moment RH opened it back up, and will hold it into the dirt or 🚀🚀🚀🌙.

Fuck em, I’m here for blood.",https://undelete.pullpush.io/r/politics/comments/l6p84y/_/gl6wpxp/,https://api.pullpush.io/reddit/comment/search/?ids=gl6wpxp
2021-01-31,r/USMC,"Yup. It was a good experience, but this was also back when there were wars to fight, so take this with a grain of salt.

The Army is huge. Bigger than you can really imagine. There are all kinds of units, in all kinds of places, of all kinds of quality. If you can get to a good unit that does a job you like in a place you want to be, the Army can be a great experience.

But there’s lots of possibility to end up in a shit unit doing absolutely nothing is the middle of assfuck Kansas or some damned place. It can be a crap shoot.

If you want to do the SOF thing, the Army has lots of places to go. Things may have changed from over a decade ago, but the National Guard SF Groups were the way to go for prior service Marines. 2/19 was like 5th MARDIV. If you’re E5 or below, the Ranger Regiment may also be an option. But this info is old, so I’d go chat with a recruiter and call around to the SF Groups.

If you do it, just make sure you take the Marine Corps colored glasses off. Nobody will give a shit that the Corps did it another way, or that everybody was better in the Corps. Understand the Army is bigger and does things differently, sometimes better and sometimes worse. 

Just like in the Corps, if you focus on your job and being a good leader, things may go well. But also just like in the Corps, you might do all that and just have shitty leadership, so it sucks anyways. Same crapshoot, different hats.",https://undelete.pullpush.io/r/USMC/comments/l9axbg/_/glh9j6l/,https://api.pullpush.io/reddit/comment/search/?ids=glh9j6l
2021-02-01,r/Military,"2004 era USMC Donkey Dick, 1 each",https://undelete.pullpush.io/r/Military/comments/l9ioef/_/gljsdf4/,https://api.pullpush.io/reddit/comment/search/?ids=gljsdf4
2021-02-03,r/Military,"The Maine VA is full of the opposite of these people. After dealing with Virginia and DC VA systems, it was a shock to move up here.

High quality of care, minimal wait times, incredibly helpful staff who, when shit gets fucked up, will actively try to fix it for you.

Completely changed my position on the VA. 

Keep it up, Maine.",https://undelete.pullpush.io/r/Military/comments/lbmyci/_/glvpaj5/,https://api.pullpush.io/reddit/comment/search/?ids=glvpaj5
2021-02-03,r/Military,"My assumption is because we have such a small population they just aren’t over run.

The DC VA was obviously understaffed and underfunded, with very obvious outcomes. Up here, they seem to have the people, the time, and the money to provide excellent service.

It’s as if a properly funded and staffed organization can effectively accomplish its mission...",https://undelete.pullpush.io/r/Military/comments/lbmyci/_/glwvjol/,https://api.pullpush.io/reddit/comment/search/?ids=glwvjol
2021-02-05,r/WarCollege,"I served as MG Section Leader, Kilo Company, 3rd Battalion 8th Marines in Ramadi from March-October 2006. We replaced 3/7 Marines, and were replaced by 1/6 Marines.

As the professor mentions, 3/8 Marines primary function was to secure the downtown area surrounding the Government Center, the area north of it to the Euphrates, and west running along Route Michigan to Hurricane Point, where the battalion HQ was.

I’m going to take issue with some of the claims in this presentation. First and foremost, I don’t know what the rest of the brigade was up to, but downtown at the Gov Center (where my company lived), we spent not an ounce of energy in 2006 attempting to connect with the local population. In my 4 combat deployments, none was as devoid of contact with the locals as my Ramadi tour. We spoke to no Iraqis on a regular basis, didn’t work with IP or IA elements in any real fashion (besides some Shia IA from out of town who liked shooting the local residents more than we did), and made almost zero attempt to fix this. 

I know about Capt. Pat and what he was trying to do, and I personally applaud his attempts. But downtown we weren’t making friends. We were killing people, and that’s it. 

By late April we were taking so many casualties we ceased all daylight patrolling. The average time to contact for a patrol after leaving the Gov Center was 8 minutes. For the summer, we effective bunkered down at the Gov, OP Horea to the west by CP 296, and we established OP Sunset just southwest of the Gov Center. We maintained this posture for the entirety of the deployment, effectively just trying to exist in the buildings we held and killing who ever came down to disagree with our presence.

By late summer, we had leveled the blocks surrounding the Gov Center with explosives and bulldozers as to take fighting positions away from the enemy. Early in the deployment there were some meetings of Iraqi officials at the Gov Center, and even a police contingent. But as the violence increased the cops stopped coming to work and no Iraqis had any more meetings behind the sandbagged exterior of the Gov Center.

I am always amused by military academics using Ramadi as some kind of success story for counter-insurgency. We paid off the tribes. That’s it. We paid them enough to stop shooting at us long enough for some O6’s and above to claim “victory”, go home, and have academics 15 years later talking about how smart they all were.

Of course, we stopped paying the tribes once we were gone, and it was no surprise to see Ramadi fall quickly to ISIS in the early days of the Caliphate.

You’ll have to excuse me, but the worst 8 months of my life were spent slogging through heat, killing, and misery, and it was very obvious to us on the ground there was no point to what we were doing. It’s curious to see that get turned into some fantastical COIN story after the fact.",https://undelete.pullpush.io/r/WarCollege/comments/ld9ifi/_/gm5sv49/,https://api.pullpush.io/reddit/comment/search/?ids=gm5sv49
2021-02-08,r/Maine,"Not that I’m aware of, at least not even close to thy scale. Here in Maine, the vast majority of oysters are farmed and begin their lives in one of the three state approved hatcheries before getting grown out in floating bags, trays, or cages. Some then get spread on the bottom to finish grow out, and some spend their whole growth period in floating gear.

Because of this, there isn’t much need to dump culch back in the water to promote wild growth. Many of the oysters farmed in the western part of the coast are triploid, which means they cannot spawn (and therefore put all energy into shell and meat growth).

We only use diploid seed at my farm, but that’s because our water temperatures in the eastern part of the state tend to not get high enough for them to go reproductive anyways. This is changing though, and we’ll likely be using a mix within a few years.

In the gulf, because of the water temps, lots of oyster growth still relies on wild reproduction (even on farms), and so recycling shells to give spat a place to set makes sense. Here in Maine though, unless the whole thing was paid for by an outside organization, it wouldn’t have much use to farmers or even our small wild oyster population.",https://undelete.pullpush.io/r/Maine/comments/lfjnzf/_/gmme4du/,https://api.pullpush.io/reddit/comment/search/?ids=gmme4du
2021-02-11,r/politics,"You misspelled “United States”. If we as a country continue to not deal with this threat, it’s as much our responsibility as it is the Republican Party.",https://undelete.pullpush.io/r/politics/comments/lhbu0v/_/gmy1y86/,https://api.pullpush.io/reddit/comment/search/?ids=gmy1y86
2021-02-12,r/funny,"Doesn’t remotely make me feel bad. I catch them in the bay and toss them in the pot at home, and shall continue to do so. Clearly nobody in this thread lives in Maine, who the hell stabs lobsters in the head? Toss them in the steamer, they’re dead in 2 minutes and cooked in 8-9. 

Then all you need is drawn butter and some cracking utensils, and you’ve got a wicked good suppah bud.",https://undelete.pullpush.io/r/funny/comments/lih85k/_/gn3un7k/,https://api.pullpush.io/reddit/comment/search/?ids=gn3un7k
2021-02-12,r/funny,Gotta love the flatlanders getting sentimental about the bugs. Obviously you’ve never hauled a trap or baited a bag I see.,https://undelete.pullpush.io/r/funny/comments/lih85k/_/gn3yfsz/,https://api.pullpush.io/reddit/comment/search/?ids=gn3yfsz
2021-02-12,r/funny,Just wait til you learn how we eat oysters 😉,https://undelete.pullpush.io/r/funny/comments/lih85k/_/gn3z834/,https://api.pullpush.io/reddit/comment/search/?ids=gn3z834
2021-02-12,r/funny,"It’s more psychotic to be so disconnected from nature, you anthropomorphize everything because you don’t understand how it works. I’ve worked on a lobster boat, have my 5 trap license for personal use, and work on the water. Seeing a bunch of people who have barely seen a wild animal get all up in arms over if lobsters have feelings is quite amusing.",https://undelete.pullpush.io/r/funny/comments/lih85k/_/gn42bzx/,https://api.pullpush.io/reddit/comment/search/?ids=gn42bzx
2021-02-12,r/funny,"Not in the “vertebrates that feel pain” kind of way. Some academics say they might, most say they don’t.  If you’ve watched them rip each other to bits in the live tank when the third man banded wrong and not even register that arms and tails are getting taken off, you might be slightly less certain. 

But I get it, people who aren’t close to nature tend to anthropomorphize the hell out of everything.",https://undelete.pullpush.io/r/funny/comments/lih85k/_/gn42rhc/,https://api.pullpush.io/reddit/comment/search/?ids=gn42rhc
2021-02-12,r/funny,Some folks live in a very weird fantasy world when it comes to food.,https://undelete.pullpush.io/r/funny/comments/lih85k/_/gn46wwv/,https://api.pullpush.io/reddit/comment/search/?ids=gn46wwv
2021-02-12,r/funny,"Ah yes. Found the vegan. Well, when I’m visited by said fantastical alien species, I’ll be sure to let you know. Until then, I’ll continue to enjoy some of the most sustainably harvested animal protein on earth.",https://undelete.pullpush.io/r/funny/comments/lih85k/_/gn478g1/,https://api.pullpush.io/reddit/comment/search/?ids=gn478g1
2021-02-12,r/funny,"What argument? That they feel pain? Some scientists say they might be able to, kind of. Most say they don’t. What fallacy? My views on meat are pretty consistent. I don’t buy it from anywhere I don’t know exactly where it came from (luckily I live in a place full of small farms), and the bulk of the animal protein I eat is bivalves or crustaceans, with some fish thrown in for variety. All of which I catch or grow, or buy off someone who did the same.

Go cry to these mythical aliens you seem to know so well, you won’t be changing any minds on this end.",https://undelete.pullpush.io/r/funny/comments/lih85k/_/gn48129/,https://api.pullpush.io/reddit/comment/search/?ids=gn48129
2021-02-13,r/funny,"Well, that’s literally not true. So there’s that...",https://undelete.pullpush.io/r/funny/comments/lih85k/_/gn4t5x8/,https://api.pullpush.io/reddit/comment/search/?ids=gn4t5x8
2021-02-13,r/funny,"Negative Ghostrider, I don’t feel bad because I’ve handled many a lobster in my life, spoken to biologists, read the studies, and nothing points to them feeling pain in any similarity to vertebrates.

Source: Live in Maine, worked on lobster boats, farm shellfish.",https://undelete.pullpush.io/r/funny/comments/lih85k/_/gn50bxx/,https://api.pullpush.io/reddit/comment/search/?ids=gn50bxx
2021-02-13,r/funny,"There are a few studies that say they might experience something *kind* of like pain. The bulk of marine scientists don’t think that’s the case, but animal rights folks love pointing to the outliers so they can make everyone feel bad.

I’m not backpedaling. I don’t feel bad because there’s literally no reason to feel bad. These aren’t cows or dogs or even fin fish. I steam them because they taste good and are an ecologically sustainable fishery (as well as the bay in front of my home being full of them).

You said they feel pain like humans. That’s not even remotely true, not even claimed in studies that say they may feel pain of some kind. I don’t have to tell myself stories about them not suffering, since they don’t.

Don’t saddle me with some weird guilt you have from working in a fuckshow industry like a slaughterhouse. There’s just no comparison between mammals and crustaceans like lobster.",https://undelete.pullpush.io/r/funny/comments/lih85k/_/gn52eja/,https://api.pullpush.io/reddit/comment/search/?ids=gn52eja
2021-02-13,r/funny,"The original comment “boiling lobsters is a horrific act. If this makes you feel bad, it should.”

Since it’s *not*, I don’t feel bad, and shall continue to not feel bad.

Not sure why this is so difficult to grasp. But since you think they feel pain like humans, despite the fact that being completely false, we should indeed just move right along in life.",https://undelete.pullpush.io/r/funny/comments/lih85k/_/gn5301w/,https://api.pullpush.io/reddit/comment/search/?ids=gn5301w
2021-02-13,r/funny,Ok bub lol,https://undelete.pullpush.io/r/funny/comments/lih85k/_/gn536a0/,https://api.pullpush.io/reddit/comment/search/?ids=gn536a0
2021-02-20,r/PublicFreakout,"You’re doing good work. Nothing makes my skin crawl more when I get a “thank you for your service”. I used to ignore it, but these days I tell people not to thank me, I didn’t do anything good for America when I was in uniform.",https://undelete.pullpush.io/r/PublicFreakout/comments/lo88uj/_/go645gt/,https://api.pullpush.io/reddit/comment/search/?ids=go645gt
2021-03-02,r/USMC,"Man, she got me through both Fallujah and Ramadi. This meme gets it.",https://undelete.pullpush.io/r/USMC/comments/lw4o36/_/gpfharj/,https://api.pullpush.io/reddit/comment/search/?ids=gpfharj
2021-03-03,r/USMC,Kilo,https://undelete.pullpush.io/r/USMC/comments/lw4o36/_/gphuu5n/,https://api.pullpush.io/reddit/comment/search/?ids=gphuu5n
2021-03-03,r/USMC,Rah broski. Glad you made it.,https://undelete.pullpush.io/r/USMC/comments/lw4o36/_/gphvmui/,https://api.pullpush.io/reddit/comment/search/?ids=gphvmui
2021-03-04,r/CombatFootage,"Did you just accuse Bill Ehrhart of stolen valor? Are you a retard? I’d love to see that “evidence”, the guy has a well documented 13 months in Vietnam as an infantryman.",https://undelete.pullpush.io/r/CombatFootage/comments/lxn4o5/_/gpob2n2/,https://api.pullpush.io/reddit/comment/search/?ids=gpob2n2
2021-03-11,r/USMC,"Oh shit!!! You’ve got the Hot Rod Cock from Manas! 

One morning, just as we were about to board our flight back to the land of The Big PX, the company was formed up at Manas. My morning coffee and cigarette had gotten the bowels moving, so I hoofed it to the closet porta shitters to rid myself of some evil.

It was just before sunrise, so the porta john was dark inside. As I sat there expelling Texas Pete soaked eggs and a contraband beer from my booty hole, the early morning light began to creep past the blue exterior. 

There before me, backlit by the earliest rays of life giving sunshine as it spread across Central Asia, was the most beautiful sight these cynical old infantry eyes have ever seen.

It was beautiful. Engorged and veiny, it rode towards its penetrative glory upon two smoking hot rod wheels, smoke and fire enshrouding its tumescence, winged like Nike as it pushed ever forward towards its conquests.

I sat there in sheer awe, my feelings of happiness  to be going home washed aside by the soul filling joy to be allowed to witness such glory.

I finished up, and ran back to the formation to inform my comrades of the beauty I had seen, and to have them share in the wonder. Alas, they were already moving, and so I had to rave like a lunatic explaining to them what I had seen. 

And here I see it again! Thank you for bringing me this journey into nostalgia.",https://undelete.pullpush.io/r/USMC/comments/m2e3ri/_/gqkzk5e/,https://api.pullpush.io/reddit/comment/search/?ids=gqkzk5e
2021-03-11,r/Maine,"“...and women.”

I smell a lie.",https://undelete.pullpush.io/r/Maine/comments/m2tozq/_/gql5nrt/,https://api.pullpush.io/reddit/comment/search/?ids=gql5nrt
2021-03-14,r/WarCollege,"I picked up a Redi-Mod from BFG (heavily weight reduced) for my rifle squad leader tour in Afghan in 10-11. We spent a lot of time living with ANP at a remote police station, and while I didn’t always have my armor on, I did always have my rifle (which had a tourniquet banded to the buttstock). No matter if I was jocked up for patrol or swilling chai with the cops, I had at a minimum a TQ and 60 rounds of ammunition.

Reloads are also smooth as butter, and if you partially expend a magazine you can just replace the one in the gun, instead of having a partially full mag wasting space on the side of your rifle.

Great piece of kit.",https://undelete.pullpush.io/r/WarCollege/comments/m4rccb/_/gqwmbyg/,https://api.pullpush.io/reddit/comment/search/?ids=gqwmbyg
2021-03-19,r/leftistveterans,"Excellent article.

There’s also the Foucault’s Boomerang aspect, it fascinates me to see how the culture of beards, tats, and “badassness” has been exported out of the military through our society’s unnatural veneration of SOF. On January 6, it wasn’t remotely surprising to see high cut helmets, plate carriers, and morale patches galore.

20+ years of vague overseas conflict in which the “heroes” are hyper masculine Mavericks who must “do what it takes” to kill some undefined enemy has really fucked up our culture.",https://undelete.pullpush.io/r/leftistveterans/comments/m87glq/_/grgzbb6/,https://api.pullpush.io/reddit/comment/search/?ids=grgzbb6
2021-03-24,r/politics,Jesus H Christ...liberals move so quick to embrace a police state when it fits their purposes.,https://undelete.pullpush.io/r/politics/comments/mc23od/_/gs1opdx/,https://api.pullpush.io/reddit/comment/search/?ids=gs1opdx
2021-03-26,r/USMC,"This was funny as shit when it happened, on Michigan on the north side of Nasser Wa Salaam by Camp India.

The driver was a good buddy of mine, comm guy who managed to be in the most fucked up places at the wrong time for two deployments.",https://undelete.pullpush.io/r/USMC/comments/mdohf6/_/gsb2a24/,https://api.pullpush.io/reddit/comment/search/?ids=gsb2a24
2021-03-26,r/USMC,Oh who knows. The Gunny who was running that platoon had some pretty crazy ass ideas. This was one of them.,https://undelete.pullpush.io/r/USMC/comments/mdohf6/_/gsb8k7x/,https://api.pullpush.io/reddit/comment/search/?ids=gsb8k7x
2021-03-30,r/SocialistRA,Fuck him and take his money.,https://undelete.pullpush.io/r/SocialistRA/comments/mg1wex/_/gssri62/,https://api.pullpush.io/reddit/comment/search/?ids=gssri62
2021-03-30,r/SocialistRA,This is the way.,https://undelete.pullpush.io/r/SocialistRA/comments/mg1wex/_/gssrrju/,https://api.pullpush.io/reddit/comment/search/?ids=gssrrju
2021-03-30,r/Maine,"I called yesterday and have an appointment tomorrow for J&amp;J. Granted I gotta drive to Rumford, but it’s worth it.",https://undelete.pullpush.io/r/Maine/comments/mgkhqv/_/gsufbgh/,https://api.pullpush.io/reddit/comment/search/?ids=gsufbgh
2021-03-31,r/WarCollege,“The Command of the Ocean” by N.A.M. Rodger.,https://undelete.pullpush.io/r/WarCollege/comments/mhb5ax/_/gsz24yf/,https://api.pullpush.io/reddit/comment/search/?ids=gsz24yf
2021-04-06,r/Military,"Bartending in college, overseas contracting, now shellfish aquaculture.",https://undelete.pullpush.io/r/Military/comments/mkxo15/_/gtl0eoa/,https://api.pullpush.io/reddit/comment/search/?ids=gtl0eoa
2021-04-09,r/SocialistRA,Muzzle awareness and trigger discipline.,https://undelete.pullpush.io/r/SocialistRA/comments/mn9r89/_/gtxbtk0/,https://api.pullpush.io/reddit/comment/search/?ids=gtxbtk0
2021-04-10,r/Military,"All of them, in fact.",https://undelete.pullpush.io/r/Military/comments/mnsv1j/_/gu0gchk/,https://api.pullpush.io/reddit/comment/search/?ids=gu0gchk
2021-04-12,r/PublicFreakout,"Every small town is “shocked” when its cops do the thing that cops do everywhere else. It’s almost as if there is a problem that extends deep into the profession as a whole....like, into the system itself. 

Hmmm...there’s a word for this...",https://undelete.pullpush.io/r/PublicFreakout/comments/mpgf3q/_/gua5qml/,https://api.pullpush.io/reddit/comment/search/?ids=gua5qml
2021-04-13,r/PublicFreakout,"Anybody who has spent even a modicum of time around guns as part of their living knows this.

I knew there was no such thing as an “accidental discharge” by the end of range week at Parris Island. I was also a 19 year old moron. Fuck these cops.",https://undelete.pullpush.io/r/PublicFreakout/comments/mpiuig/_/gubh69h/,https://api.pullpush.io/reddit/comment/search/?ids=gubh69h
2021-04-13,r/politics,"This is not to defend Marines (full disclosure, I did 4 years in the grunts and am happily vaccinated with J&amp;J), but here’s my take:

When you’re in the Corps, there’s very little you have control over. Your schedule, your life, even your free time all have restrictions on them. So you’ve got a bunch of 19 year old kids who rarely have any agency over themselves. It isn’t surprising that when one opportunity arises to make a choice to buck the rules, a large minority will take it.

Back in 2004/2005, the anthrax vaccine came down. For a while there it was voluntary, and a lot of the guys in my unit used that opportunity to tell command to get fucked. Not really for any ideological reasons, just because this was the first time they could. Soon after it became mandatory, and everybody got it with only minor complaint.

Don’t underestimate the power of 19 year olds taking the one chance they’ve had for a bit to feel some form of control over themselves.",https://undelete.pullpush.io/r/politics/comments/mptvn1/_/gud4jvf/,https://api.pullpush.io/reddit/comment/search/?ids=gud4jvf
2021-04-14,r/USMC,"Read the name and burst out laughing. Keep up the good fight Sir, your content never fails to get a hearty chuckle out of this bitter old infantryman.",https://undelete.pullpush.io/r/USMC/comments/mqw0yw/_/gujkfis/,https://api.pullpush.io/reddit/comment/search/?ids=gujkfis
2021-04-15,r/Maine,"Bullshit. NSC 131 posted both on their Telegram channels, a friend monitors that garbage and I’ve seen both photos there. 

It’s literally the same people in both pictures, a fact they aren’t trying to hide but for some reason you are.

Edit: Just had them send me a screenshot, the caption is literally “New England 131 lads hiking and shooting in Bristol NH”",https://undelete.pullpush.io/r/Maine/comments/mr11ld/_/gujtbiw/,https://api.pullpush.io/reddit/comment/search/?ids=gujtbiw
2021-04-15,r/Maine,"Don’t listen to Ninjakicks bullshit. It’s the same group, they literally posted both to their public Telegram channels.",https://undelete.pullpush.io/r/Maine/comments/mr11ld/_/gujtwai/,https://api.pullpush.io/reddit/comment/search/?ids=gujtwai
2021-04-15,r/Maine,"You ought to take that up with NSC 131, as they are *literally* the ones posting both pictures claiming it’s their members. 

Your weird insistence on muddying waters around Nazis and far right folks is getting pretty telling.",https://undelete.pullpush.io/r/Maine/comments/mr11ld/_/gujufib/,https://api.pullpush.io/reddit/comment/search/?ids=gujufib
2021-04-15,r/Maine,"New Hampshire in this one, actually. But NSC 131 does claim to have a Maine chapter.",https://undelete.pullpush.io/r/Maine/comments/mr11ld/_/gujwcrc/,https://api.pullpush.io/reddit/comment/search/?ids=gujwcrc
2021-04-15,r/Maine,"That’s pretty ridiculous, as the very vocal Nazis at NSC 131 have these posted on their public Telegram channel with captions giving locations and descriptions of what they are up to.

The energy these subreddits are putting into glossing over the fact we have organized Nazis in New England is pretty goddamn concerning.",https://undelete.pullpush.io/r/Maine/comments/mr11ld/_/gulbqrx/,https://api.pullpush.io/reddit/comment/search/?ids=gulbqrx
2021-04-22,r/Military,"That CAG dude and former supply fella is such a weird story. Two dead dudes, one in only silkies and a woobie, buncha shell casings and no weapons.

Then you find out the CAG guy had smoked his best friend in front of their daughters 2 years prior, had a bunch of legal issues in between like drugs/weapons/harboring fugitives. And then you find out that he hadn’t been charged with ANYTHING until a hit and run just before he winds up dead.

What in the goddamn fuck is going on down at Bragg.",https://undelete.pullpush.io/r/Military/comments/mw9rvt/_/gvhos4g/,https://api.pullpush.io/reddit/comment/search/?ids=gvhos4g
2021-04-23,r/HistoryPorn,"And not a thing of value was lost. These cunts were firing indiscriminately into civilian homes, just trying to kill blacks.

No quarter for fascists. Good on the constable.",https://undelete.pullpush.io/r/HistoryPorn/comments/mwry0j/_/gvk86eh/,https://api.pullpush.io/reddit/comment/search/?ids=gvk86eh
2021-04-24,r/USMC,....did you mean Tarawa?,https://undelete.pullpush.io/r/USMC/comments/mxi93p/_/gvorcgg/,https://api.pullpush.io/reddit/comment/search/?ids=gvorcgg
2021-04-24,r/USMC,"And I believe that according to Marine Corps lore, the original quote was along the lines of “1 million men 100 years”, but 18,000 Marines did it in 76 hours.",https://undelete.pullpush.io/r/USMC/comments/mxi93p/_/gvovs0q/,https://api.pullpush.io/reddit/comment/search/?ids=gvovs0q
2021-04-24,r/Maine,"This is the answer. We find the best sites this way, but do tend to only share them with friends.",https://undelete.pullpush.io/r/Maine/comments/mx6scc/_/gvqdadx/,https://api.pullpush.io/reddit/comment/search/?ids=gvqdadx
2021-04-25,r/USMC,"As a Marine and a Mainer, this is pretty amazing. Semper Fi to your bad ass uncle. 

Also, Lewiston’s French connections still blow my mind, even though I know the history.",https://undelete.pullpush.io/r/USMC/comments/mxspmc/_/gvs2aaw/,https://api.pullpush.io/reddit/comment/search/?ids=gvs2aaw
2021-04-25,r/USMC,I’ll make a trip next time I’m down there to pay respects.,https://undelete.pullpush.io/r/USMC/comments/mxspmc/_/gvs2wxc/,https://api.pullpush.io/reddit/comment/search/?ids=gvs2wxc
2021-04-25,r/Maine,"It’s Sullivan. We’re one big granite quarry, really.",https://undelete.pullpush.io/r/Maine/comments/my988v/_/gvu64cw/,https://api.pullpush.io/reddit/comment/search/?ids=gvu64cw
2021-04-26,r/Maine,"Hey, you can see my oyster farm! Nice photo.",https://undelete.pullpush.io/r/Maine/comments/myy99r/_/gvyw8lv/,https://api.pullpush.io/reddit/comment/search/?ids=gvyw8lv
2021-05-04,r/SRAWeekend,"We had the M14 EBR’s in Afghan as DMR guns, they quickly got left in the hooch after just a few months because of how goddamn awful they are. Finicky, lose zero almost immediately, long, heavy, and parts replacement was damned near impossible.

An M4 with an ACOG and a magazine of MK262 was more effective. When I saw units rolling around with those EBR’s, it was a sign they didn’t shoot much and just liked the look of the thing.",https://undelete.pullpush.io/r/SRAWeekend/comments/n4p25r/_/gwxb70b/,https://api.pullpush.io/reddit/comment/search/?ids=gwxb70b
2021-05-06,r/Military,"That’s about as not true as statements come. Being a contractor is generally boring as shit, even on cool sounding details in high threat areas.

The whole “Blackwater hit squads” narrative is complete bullshit. It’s all security, totally reactive, and offensive tactics are so rare that when they do happen it turns into a Michael Bay movie (looking at you, 13 Hours).

Even in the Wild West days of B-Dubs in Baghdad, nobody was acting as “hit men”. The big events were almost entirely massive fuck ups from ill prepared and untrained amateurs like Nisoor Square. Closest you could ever get was Balckwater Air in Baghdad in the early years, and they weren’t operating as some super secret assault force, they were just totally unsupervised and acting far outside of their mandate.

Christ, even the OGA contracts are defensive security. The only people who keep this whole “secret war fighter” idiocy going are ignorant civilians and insecure former infantrymen who want everyone to think they’re ninjas.

It’s stupid.

And I say this as a guy who did the security contractor thing for a bit.",https://undelete.pullpush.io/r/Military/comments/n6fatx/_/gx6zlbx/,https://api.pullpush.io/reddit/comment/search/?ids=gx6zlbx
2021-05-07,r/Military,"WPS wasn’t when I bounced in ‘18, although it may have improved. OGA has always paid pretty good, but you’d better have years of combat experience under your belt.",https://undelete.pullpush.io/r/Military/comments/n6fatx/_/gx7tuho/,https://api.pullpush.io/reddit/comment/search/?ids=gx7tuho
2021-05-12,r/SocialistRA,"I did 4 years in the Marine Corps infantry and 4 years Army infantry, with 4 total combat tours to Iraq and Afghanistan.

I was left-ish when I was in, vehemently opposed to the war in Iraq but somewhat supportive of Afghanistan (although when I left there in 2011 I was fully against our presence in the country.)

It was always difficult to square my politics with the job, something made harder because if I’m being honest I really loved the work at the time. I often rationalized it by thinking it was better I was an NCO where the metal meets the meat, and could influence my guys to do the right thing as a opposed to embracing the baser instincts of people at war. 

But it was difficult, every day was a stark reminder of the ethical horror show that imperialist adventures always turn into. It was also deeply disheartening to see men I liked and respected conduct themselves in awful ways, because frankly morally bankrupt military campaigns always seem to extend that rot down to the people tasked with doing the fighting.

Every platoon has the resident lefty, and I was mine, and wasn’t alone. There was no real contention, just the usual shit talking that occurs in combat units. Most of the guys I served with really didn’t care one way or another about the politics of it all, they were there to fight and that was about it. Hardcore flag waving nationalist types were about as common as those who felt it was all bullshit, with most falling on the side of apathy. This has definitely resulted in a long term issue for a lot of guys I fought besides as it becomes increasingly clear the wars were a waste of our time and dead friends/violence we committed was all for naught. 

At least my pre-existing cynicism meant I never felt let down by the experience, while a lot of guys I served with have struggled with that over the years.

My time in America’s imperial wars definitely radicalized me further, and I’m significantly more left today than I was back then. It is difficult to see all that horror, as well as all the grift and corruption, and not find the entire thing utterly bankrupt.

I did used to love America, or at least the idea of it. These days I’m pretty disgusted by it all.",https://undelete.pullpush.io/r/SocialistRA/comments/naxfqw/_/gxwg7xu/,https://api.pullpush.io/reddit/comment/search/?ids=gxwg7xu
2021-05-12,r/SocialistRA,"It’s gotten stronger with some guys over the years, as we kind of move beyond it and try to create new lives separate from our military experience. Lots of guys haven’t done that though, and there’s a lot of the “high school football star” syndrome going around. Those guys I’ve mostly fallen out of touch with since I’m not all that interested in reliving glory days that weren’t all that glorious to begin with.

Then there’s the guys who went full on Trump/Blue Lives Matter/Q/etc etc. They’re totally insufferable, and (generally speaking) weren’t very good Marines in the first place",https://undelete.pullpush.io/r/SocialistRA/comments/naxfqw/_/gxwhvgf/,https://api.pullpush.io/reddit/comment/search/?ids=gxwhvgf
2021-05-19,r/USMC,"Better than the alternative. Rule #1 should really be “Know the condition of your weapon at all times and treat it like it’s loaded until you know”.

I’m in the habit of constantly checking my weapon, and it’s a hell of a lot better than ND’ing because I got complacent.",https://undelete.pullpush.io/r/USMC/comments/ng2ntn/_/gyoq4y5/,https://api.pullpush.io/reddit/comment/search/?ids=gyoq4y5
2021-05-19,r/USMC,"That’s the thing though, I’d much rather a guy actually know the condition of his weapon at all times than just “treating it like it’s loaded” and not being aware.

Plus, we don’t *really* treat every weapon as if it’s loaded. I’ve pointed many an unloaded rifle at people, and dry fire towards my wall regularly.",https://undelete.pullpush.io/r/USMC/comments/ng2ntn/_/gypkrdh/,https://api.pullpush.io/reddit/comment/search/?ids=gypkrdh
2021-05-22,r/USMC,I got a good out loud chuckle from this. Well played.,https://undelete.pullpush.io/r/USMC/comments/nikqp0/_/gz2qf7p/,https://api.pullpush.io/reddit/comment/search/?ids=gz2qf7p
2021-05-25,r/politics,"Our state CDC has done an excellent job this entire time, one of the reasons we didn’t get hit very hard compared to other places. I find it hard to believe their decision to lift the mask requirement is anything but responsible, considering our vaccination rate, Federal CDC guidance, and staggeringly low infection rates.

I trusted in Dr. Shah when he told me to wear a mask, and I trust him when he tells me it’s no longer necessary.",https://undelete.pullpush.io/r/politics/comments/nkc0di/_/gzdtwpu/,https://api.pullpush.io/reddit/comment/search/?ids=gzdtwpu
2021-05-28,r/Maine,Of course it does.,https://undelete.pullpush.io/r/Maine/comments/nmuw8g/_/gzqvv43/,https://api.pullpush.io/reddit/comment/search/?ids=gzqvv43
2021-06-01,r/USMC,"Spent years telling myself it wasn’t the booze, it was the war/coming home/society/etc etc.

Then I quit drinking, and turns out: Yup, it was mostly the booze. But goddamn is it hard.",https://undelete.pullpush.io/r/USMC/comments/nph1j8/_/h06obzq/,https://api.pullpush.io/reddit/comment/search/?ids=h06obzq
2021-06-02,r/Qult_Headquarters,"In this context it’s a reference to the Intelligence Support Activity, “The Activity”, or Task Force Orange (as it’s more popularly called now). It’s got a slightly complicated history with some serious re-orgs over the years, but the TLDR is it is the intelligence element of Joint Special Operations Command. 

It’s a joint unit, technically belongs to the Army but recruits from across the branches. Less known than its sister units within JSOC (CAG/Delta and SEAL Team Six/DevGru), its mission set is primarily deep cover intelligence gathering with some occasional direct action missions. 

Once upon a time it provided intelligence capabilities to the more kinetic elements of JSOC, but they all have their own intel elements now, so it kind of just goes after its own niche missions within the greater JSOC sphere.

What it most certainly IS NOT is some rogue group of former soldiers and intel people working for Vallely, it’s an official military unit that falls under all the authorities that entails. He is a grifter, trying to convince rubes of his importance and connections so he can sell his “intelligence” group. He likely had connections to the unit back when he was an Army intelligence officer, it was being formed during the 1980’s in the wake of the Desert One debacle, but since he retired in 1993 I am very doubtful of his awareness of the current state of the unit (it’s not even in NoVA anymore). 

His whole little “I have a group called the Army of Northern Virginia” schtick in the documentary is just performative self promotion, the guy is a hack just trying to sell his garbage product. Sadly both supporters and detractors fall for it, primarily from an ignorance of how the high level military intelligence world actually works. It’s just bullshit.",https://undelete.pullpush.io/r/Qult_Headquarters/comments/nq8k0b/_/h0b1ls9/,https://api.pullpush.io/reddit/comment/search/?ids=h0b1ls9
2021-06-04,r/USMC,"Yeah, in 2005 we ran into some jokers in black suburbans on Mobile between Baghdad and Fallujah, just ramming civvie cars and letting off rounds at folks for fun. Acted like a bunch of cunts. Around the same time some group of assclowns even threw rounds at Marine posts in Fallujah. Wild West idiocy, fucking amateurs acting like Delta Force.

That said, we had some SOC-SMG dudes on our little ING/IA compound guarding the construction crews, they were a weird mix of former cops/Force guys/SEALs/infantry. Good guys all around, easy going and let us use their internet and sat phones to cyber fuck our girlfriends back home. Occasionally threw us a bottle of booze here and there. And on the couple occasions weird shit went down, they were always helpful and never tried to take the lead.

Back in those days, it was real hit or miss between companies and even teams. But that’s what you get with piles of cash on the table and no oversight.",https://undelete.pullpush.io/r/USMC/comments/nrqe9a/_/h0k4enf/,https://api.pullpush.io/reddit/comment/search/?ids=h0k4enf
2021-06-06,r/politics,"But....you literally can....I do it all the time. I’ve got 300 BLK, 9mm, 22lr, and 5.56 uppers that get traded out on the same lower.

Way to have absolutely no idea what you’re taking about.",https://undelete.pullpush.io/r/politics/comments/nswujf/_/h0qwsde/,https://api.pullpush.io/reddit/comment/search/?ids=h0qwsde
2021-06-07,r/USMC,NG SF Groups are like 5th MARDIV. Amazing how many Marine grunts I ran into.,https://undelete.pullpush.io/r/USMC/comments/nuheli/_/h0xsbta/,https://api.pullpush.io/reddit/comment/search/?ids=h0xsbta
2021-06-08,r/politics,"AR doesn’t stand for “assault rifle”. Jesus Christ, you can literally look it up on Wikipedia...",https://undelete.pullpush.io/r/politics/comments/nv6v45/_/h12n193/,https://api.pullpush.io/reddit/comment/search/?ids=h12n193
2021-06-09,r/Military,War is hell. Murdering civilians for fun is something else.,https://undelete.pullpush.io/r/Military/comments/nvhs29/_/h15lere/,https://api.pullpush.io/reddit/comment/search/?ids=h15lere
2021-06-09,r/Maine,"Remnants of America’s first flirtation with the military industrial complex ;)

It was part of a decades long national program that took place starting around the 1840’s to fortify the eastern seaboard (Fort Gorges in Portland and Fort Sumter in Charleston are other ones folks may recognize), but just around the time many of them were getting finished up improvements in naval artillery and tactics began to render static shore batteries obsolete. Most of the forts that didn’t see action in the Civil War never saw any at all, and never against the foreign naval threat they were built for.

But it does mean we’ve ended up with some real cool forts in odd places.",https://undelete.pullpush.io/r/Maine/comments/nvwn78/_/h17ri40/,https://api.pullpush.io/reddit/comment/search/?ids=h17ri40
2021-06-11,r/Military,I had a 90% rating with TBI and PTSD connected anxiety and depression when I applied for a contracting gig that required a clearance to work overseas for DOS. Never was an issue.,https://undelete.pullpush.io/r/Military/comments/nxijhc/_/h1ewh25/,https://api.pullpush.io/reddit/comment/search/?ids=h1ewh25
2021-06-11,r/USMC,"I never hated MRE’s except for a few shitty ones (whoever thought that breakfast omelette thing was a good idea should be waterboarded). Marines and soldiers will complain about everything, but the whining about MRE’s always seemed ridiculous.

It’s not my go to food, but it’s also not C Rats. Could be worse.",https://undelete.pullpush.io/r/USMC/comments/nwxo6r/_/h1ezoa4/,https://api.pullpush.io/reddit/comment/search/?ids=h1ezoa4
2021-06-11,r/Military,"Yup. I told them what I was required to by law, nothing more nothing less. I didn’t lie about anything, both my employer and the clearance folks were aware.

ADA is a thing.",https://undelete.pullpush.io/r/Military/comments/nxijhc/_/h1f0t3g/,https://api.pullpush.io/reddit/comment/search/?ids=h1f0t3g
2021-06-11,r/Military,"I just had to submit a letter from my shrink saying I was fine to work in high stress situations while armed. But I submitted that to the employer, didn’t even come up in the clearance process itself. There were questions about self harm/harm to others, but those didn’t apply so I just answered them truthfully.",https://undelete.pullpush.io/r/Military/comments/nxijhc/_/h1f1cia/,https://api.pullpush.io/reddit/comment/search/?ids=h1f1cia
2021-06-11,r/Military,"I’m looking at the CIA employment requirements right now, and there’s nothing here mentioning PTSD as a disqualifier. Anecdotally, I personally know people who have held employment there with similar disabilities. I’m going to guess FBI is the same.

There’s a lot of bullshit thrown around in the military/veteran community about how a PTSD diagnosis will fuck your future employment. It’s simply not true. The ADA protects applicants pretty thoroughly against discrimination due to disability, and also protects them from having to disclose certain things to employers.

A PTSD rating alone won’t screw you. Now, if there is a history of misconduct and behavior tied to that diagnosis, you may find yourself having to answer for that. But a rating alone won’t do it, especially with federal employment. All federal agencies, despite what people may say, are required to meet EEO and ADA guidelines. 

When I was on contract I heard many guys talk about how they refused to get a VA rating so they wouldn’t lose their clearance. Meanwhile, I was there on the same job, with the same clearance, and a 90% rating for PTSD and TBI. 

I’d recommend looking over the websites of the agencies you’re interested and actually reading what they say on the topic. Or don’t and just don’t get a rating/don’t apply and stick to asking Reddit. It’s a free country.

Also maybe give this a read.

https://silentprofessionals.org/will-ptsd-disqualify-me-from-employment/",https://undelete.pullpush.io/r/Military/comments/nxijhc/_/h1fnmme/,https://api.pullpush.io/reddit/comment/search/?ids=h1fnmme
2021-06-16,r/Maine,"You’ll rarely finding me defending lobstermen on the whole, but this whale thing is absurd. There is very little to no evidence that Maine lobster gear is the culprit for right whale entanglements or mortality, and plenty that it’s primarily from the Canadian fisheries. The proposed changes like 4 trap trawl minimums and “lineless fishing” are ridiculous, and all to fix a problem that doesn’t seem to actually be occurring.

Hell, the recent Bi-Op from the NMFS had a “no jeopardy” finding when it came to the impact Maine lobstering has on the right whale population.

This lady in California is a goddamned idiot.",https://undelete.pullpush.io/r/Maine/comments/o0v6kb/_/h1yousq/,https://api.pullpush.io/reddit/comment/search/?ids=h1yousq
2021-06-20,r/Military,"We’re a country with no honor, this is par for the course. Abandoning our allies who spent years fighting on our behalf is American as apple pie.

Every Afghan who’s worked for American forces should have been on a plane months ago if they wanted it. Just get them out of the goddamned country and sort out immigration/security shit later, we owe it to them.

But it won’t happen, they’ll get abandoned, and one more generation of people who put faith in American loyalty will learn the hard way that we dont have an ounce of it ourselves.",https://undelete.pullpush.io/r/Military/comments/o40lkp/_/h2fb5d4/,https://api.pullpush.io/reddit/comment/search/?ids=h2fb5d4
2021-06-20,r/Military,Yut,https://undelete.pullpush.io/r/Military/comments/o44sxr/_/h2fd1yj/,https://api.pullpush.io/reddit/comment/search/?ids=h2fd1yj
2021-06-22,r/Military,"UCP really was the worst goddamned idea…

But battle pipes will always get an upvote.",https://undelete.pullpush.io/r/Military/comments/o5ouww/_/h2novoq/,https://api.pullpush.io/reddit/comment/search/?ids=h2novoq
2021-06-22,r/Military,"While I get where you’re coming from, if you think infantry combat is purely “pulling a trigger”, it’s clear you’ve never been in infantry combat.",https://undelete.pullpush.io/r/Military/comments/o5lqjq/_/h2nq459/,https://api.pullpush.io/reddit/comment/search/?ids=h2nq459
2021-06-22,r/Military,"Pretty sure the Canucks, Brits, and some Scandinavian countries have had the grunts open to women for a number of years (with the same standards). What I’ve heard anecdotally is very few women end up in the infantry, but the ones who do are studs.",https://undelete.pullpush.io/r/Military/comments/o5lqjq/_/h2nqh0j/,https://api.pullpush.io/reddit/comment/search/?ids=h2nqh0j
2021-06-22,r/USMC,I like how our gay antics make him so uncomfortable he hates us. I’m doubling down on gay chicken next time in honor of this Air Force pussy.,https://undelete.pullpush.io/r/USMC/comments/o5nrp7/_/h2nrzu2/,https://api.pullpush.io/reddit/comment/search/?ids=h2nrzu2
2021-06-22,r/Military,"Someone clearly doesn’t understand war in any way. Or has read a current news article, I suppose.",https://undelete.pullpush.io/r/Military/comments/o5lqjq/_/h2oxov7/,https://api.pullpush.io/reddit/comment/search/?ids=h2oxov7
2021-06-24,r/Maine,"The lobster boat behind it really sealed the deal for me.

Also, the moose made it safe ashore in Hancock, just in case anyone gets worried. Only took it about 30 minutes to get from Sorrento across Sullivan Harbor, saw it while on the way out to the farm and shadowed in the skiff to make sure it made it safe and sound.",https://undelete.pullpush.io/r/Maine/comments/o6qari/_/h2u2xit/,https://api.pullpush.io/reddit/comment/search/?ids=h2u2xit
2021-06-24,r/Maine,I was more worried about it getting hit while swimming through the channel. I barely saw the thing until we were right on it.,https://undelete.pullpush.io/r/Maine/comments/o6qari/_/h2u64yn/,https://api.pullpush.io/reddit/comment/search/?ids=h2u64yn
2021-06-24,r/Maine,"Sullivan Harbor, between Sorrento and Hancock.",https://undelete.pullpush.io/r/Maine/comments/o6qari/_/h2vb5je/,https://api.pullpush.io/reddit/comment/search/?ids=h2vb5je
2021-06-24,r/USMC,Hahahahahaha….it’s funny because we’re in a cult.,https://undelete.pullpush.io/r/USMC/comments/o6zubu/_/h2vn5zp/,https://api.pullpush.io/reddit/comment/search/?ids=h2vn5zp
2021-06-24,r/Maine,"Ah man, that’s a bummer.

Edit: Sounds like it’s definitely the same moose. Got chased by a dog in Sorrento, jumped into the water to go to Hancock when we saw it, roamed around Hancock until it got hit last night. Real sad.",https://undelete.pullpush.io/r/Maine/comments/o6qari/_/h2vtfu5/,https://api.pullpush.io/reddit/comment/search/?ids=h2vtfu5
2021-06-26,r/Military,"The division wizard came down to the Gov Center in Ramadi back in ‘06, told us NCO’s that if we or our Marines hadn’t picked up smoking, we oughta.

He clarified it was the only time a medical professional was going to tell us to smoke, and that we all needed to quit when we got home. But having a cigarette was a way to build in a moment to yourself, an action you could take specifically for a couple minutes to relax. In a place like Ramadi, there weren’t many of those.

That was also right around the time I realized how goddamned fucked we all were.",https://undelete.pullpush.io/r/Military/comments/o81b57/_/h33db64/,https://api.pullpush.io/reddit/comment/search/?ids=h33db64
2021-06-26,r/USMC,"Let’s take this moment for a PSA: PUT YOUR CLAIM IN NOW. Not next year. Not when things really start to fall apart. Start getting evidence together (med records, civilian diagnoses, lay statement for you combat vets) and get that packet submitted.

Especially if you saw combat in the recent unpleasantness. It doesn’t make you a leech or a pussy. This country pumped billions of dollars into the bank accounts of defense contractors, all on the backs of your suffering and sacrifice. If the shareholders of CACI, L3, BAE, Boeing, Lockheed, etc all get to walk away from this shit with yachts and second homes, those of you who ate the mud and did the killing deserve some basic support.

They won’t just give it to you, it’ll take patience and work. Contact the DAV, find a VSO, whatever. But make the system pay for leaving you with aching joints and a drinking problem, and get treatment for those things.",https://undelete.pullpush.io/r/USMC/comments/o81oiq/_/h33gfa9/,https://api.pullpush.io/reddit/comment/search/?ids=h33gfa9
2021-06-26,r/USMC,"Hell, I did a bunch of infantry tours to Iraq and Afghan and am in complete agreement with you.

None of this bullshit was worth the people we lost to it. Waste of time (unless you’re a politician or a defense industry stockholder, then it was well worth all the suffering.)",https://undelete.pullpush.io/r/USMC/comments/o7q7u8/_/h33isht/,https://api.pullpush.io/reddit/comment/search/?ids=h33isht
2021-06-27,r/Maine,The harbor looked like daylight that night. Sat down on the ramp for a while just enjoying the view.,https://undelete.pullpush.io/r/Maine/comments/o8zlct/_/h399at1/,https://api.pullpush.io/reddit/comment/search/?ids=h399at1
2021-06-29,r/Military,How many Afghan tours you do there bud?,https://undelete.pullpush.io/r/Military/comments/o9z97l/_/h3h4sy4/,https://api.pullpush.io/reddit/comment/search/?ids=h3h4sy4
2021-06-29,r/Military,"Well if you had, you’d maybe know that these guys barely get paid, get abused and exploited by their commanders, and the “country” they are being asked to die for exists primarily for wealthy and powerful Afghans to extract foreign money to fill their coffers. The ANA and ANP I fought besides barely had enough gas and ammunition to conduct basic operations because it was being stolen and sold by their commanders.

These guys aren’t cowards, they’re just not dumb enough to die for a bullshit cause.",https://undelete.pullpush.io/r/Military/comments/o9z97l/_/h3hqn79/,https://api.pullpush.io/reddit/comment/search/?ids=h3hqn79
2021-07-02,r/Maine,"Well done. The 2nd Maine suffered under serious abuse from bureaucratic incompetence, and their strike/protest/mutiny is admirable. Not to mention the courage the men of the 2nd displayed in combat, both under their flag and that of the 20th.

One of my favorite characters from Maine’s participation in the war was originally a 2nd Maine man, Andrew Tozier. He was color bearer for the 20th Maine on Little Round Top and served with distinction in the war. Upon return he went on a fantastic multi-year crime spree, which included cattle rustling in Cherryfield that he drove to market in Augusta. 

He was eventually caught and imprisoned, but it just so happened the Governor was his former CO, Joshua Chamberlain. Remembering Tozier’s courageous service during the war, Chamberlain granted him a pardon. The men became close friends for the rest of their lives, with their families living close to each other. In 1898, at the recommendation of Chamberlain, Tozier received the Medal of Honor for his actions on Little Round Top on July 2, 1863.",https://undelete.pullpush.io/r/Maine/comments/oc776n/_/h3spwoy/,https://api.pullpush.io/reddit/comment/search/?ids=h3spwoy
2021-07-02,r/USMC,"Get your degree for sure, but if you like the infantry and want to do the next level of that kind of work, C is your best bet.",https://undelete.pullpush.io/r/USMC/comments/oc7oqz/_/h3ss4gc/,https://api.pullpush.io/reddit/comment/search/?ids=h3ss4gc
2021-07-04,r/Military,Drive 1114’s down a road in Ramadi to sweep for IED’s so the tanks behind us wouldn’t get hit.,https://undelete.pullpush.io/r/Military/comments/odbol5/_/h40dpnj/,https://api.pullpush.io/reddit/comment/search/?ids=h40dpnj
2021-07-05,r/USMC,"To be fair, they did fight the only successful war of independence against slavery, and therefore spent the next 200 years getting fucked and ignored by every other country. And that’s not even an exaggeration.",https://undelete.pullpush.io/r/USMC/comments/odo9ye/_/h43iff4/,https://api.pullpush.io/reddit/comment/search/?ids=h43iff4
2021-07-06,r/Maine,"I own an oyster farm on Frenchman Bay, just across from these proposed sites, and here’s why it’s not just a NIMBY issue:

1. Finfish aquaculture in at sea pens creates massive amounts of waste run off. AA claims it’s going to wrap the nets in plastic and then pump water through filters, but requires a massive amount of energy to do so and hasn’t been done successfully at this scale. Recirculating aquaculture systems like the yellowfin project in Jonesport, Nordic down in Belfast, and Whole Oceans in Bucksport are the finfish models Maine should be supporting, not massive at sea pens.
If we’re going to farm salmon (which I don’t even think we should), there are significantly better ways to do so.

2. The company (America Aquafarms) is a Norwegian company run by a guy who has been to prison for fraud. They can’t even do this kind of model in Norway, hence why they are here. These things do not engender confidence.

3. The future of Maine’s working waterfronts is uncertain due to climate change. Aquaculture is going to be a very important piece of figuring out how to keep Mainers employed on the sea. Large foreign corporate entities who are going to siphon the profits out of the state are going to come looking at our waters (hence this conversation), but it is most certainly in our best interest to keep aquaculture operations owned and operated by Mainers. 

The lobster model of one license, one captain, one boat has been successful. Unlike other states, our commercial fishing fleet has not consolidated over time into just a couple of owners and factory boats. Aquaculture is different of course, the owner/operator model doesn’t work in the same way, but what we don’t want is to open up our coast to a bunch of foreign corporations who will use us for cheap labor and take all the profits. Take one look at Chile and ask yourself if that’s what you want to see here. The legacy of the lobster model is that we have the power, by statute, to grow a commercial industry in a way that benefits Maine. 

4. As to your “aquaculture and tourism have nothing to do with each other”, I’ll just say that in my experience they certainly do. The Frenchman Bay region relies heavily on tourism, and one of the things that people come here for are the views from Cadillac and the bays idyllic beauty. Now from the shore you can’t easily make out my oyster farm, or the local mussel farm, or the scallop experiment, or the kelp farms. By the nature of what we do, most of our gear is under the water. So you can have a bay full of successful aquaculture farms that also don’t take away from the tourist attraction. This is not going to be the case with 120 acres of fin fish pens off the Hop and Bald Rock. 

I’ll end with this: At sea salmon farming is not how we should be using the ocean for food production. This model exists because the industry has made people want to eat salmon, and so the market demands massive amounts of salmon. But packing fish that should be living wild into net pens and dumping food into the water is an awful way to treat both the animals and the sea. Disease, waste run off, and mistreated animals are the result of industrial monocrops, no matter how good you’re trying to be.

The future of sea farming in Maine should be shellfish and seaweed in the ocean, and finfish operations on land in RAS’, hopefully owned and run by Maine companies. This isn’t some pie in the sky hope, it’s already happening all along the coast. All we need to do as a state is guide it along, and a good starting point is keeping out foreign companies who want to raise fin fish in the worst way possible.",https://undelete.pullpush.io/r/Maine/comments/oerit2/_/h48iabb/,https://api.pullpush.io/reddit/comment/search/?ids=h48iabb
2021-07-06,r/Maine,None of the jobs are going to be Bar Harbor based anyways. The processing facility will be in Prospect Harbor.,https://undelete.pullpush.io/r/Maine/comments/oerit2/_/h48m3rb/,https://api.pullpush.io/reddit/comment/search/?ids=h48m3rb
2021-07-06,r/Maine,"Good news is there are much better ways to farm fish than at sea pens, and MUCH better ways to farm in the ocean than fish farming. Mussels, oysters, scallops, clams, and many varieties of sea vegetables lend themselves incredibly well to farming and are environmentally sustainable methods of food production.

Remember, the world eats salmon because in the 1980’s Norwegian firms convinced the Japanese to put salmon in sushi. We can choose to get food from the sea in a better way if we want to.",https://undelete.pullpush.io/r/Maine/comments/oerit2/_/h48ng69/,https://api.pullpush.io/reddit/comment/search/?ids=h48ng69
2021-07-06,r/Maine,"I’ve found so much resistance to aquaculture comes from ignorance of how it works, and once people get a better understanding of the details it all becomes much less scary. Except for sea based fin fish farming, that stays scary.",https://undelete.pullpush.io/r/Maine/comments/oerit2/_/h48no54/,https://api.pullpush.io/reddit/comment/search/?ids=h48no54
2021-07-08,r/Maine,Already do. Testified before the legislature a number of times on this subject as well. Some are more receptive than others.,https://undelete.pullpush.io/r/Maine/comments/oerit2/_/h4iowws/,https://api.pullpush.io/reddit/comment/search/?ids=h4iowws
2021-07-10,r/Maine,"Want to tour an oyster farm? Out on the water, no crowds, views of Acadia across the bay, and then you can hit Schoodic Point and get food at any of the places on the way back to MDI. Shoot me a DM if you want.",https://undelete.pullpush.io/r/Maine/comments/oh1io2/_/h4nl989/,https://api.pullpush.io/reddit/comment/search/?ids=h4nl989
2021-07-14,r/USMC,Took everything to goodwill besides a couple sets of filthy Iraq cammies and boots that sit in a sea bag in the basement.,https://undelete.pullpush.io/r/USMC/comments/ojpboy/_/h561up0/,https://api.pullpush.io/reddit/comment/search/?ids=h561up0
2021-07-15,r/Maine,"While you’ll rarely finding me defending Trump types, this bill was sponsored by Billy Bob Faulkingham who represents eastern Hancock County and is an avowed Trump supporter and borderline Q-type. I was pleasantly surprised to see his name on it.

It was also signed into law WITHOUT Mills’ signature. While I do approve of her COVID handling, her recent legislative activities are pretty damned pathetic.

If you live in Hancock County, call Billy Bob and thank him for his work on this. It is a pretty excellent move in the right direction.",https://undelete.pullpush.io/r/Maine/comments/okrdif/_/h5a06tc/,https://api.pullpush.io/reddit/comment/search/?ids=h5a06tc
2021-07-16,r/Maine,In a recent thread u/nswizdum mentioned people being BANANA’s: Build Absolutely Nothing Anywhere Near Anything. I’d say that fits this pretty handily.,https://undelete.pullpush.io/r/Maine/comments/ol7iyg/_/h5dxo7e/,https://api.pullpush.io/reddit/comment/search/?ids=h5dxo7e
2021-07-17,r/Maine,"Did a bunch of combat tours in Iraq and Afghan in the infantry. Somehow I manage to go through life not beating animals to death for fun. Methinks it’s not the PTSD, methinks it’s being a piece of shit cop.",https://undelete.pullpush.io/r/Maine/comments/olrw08/_/h5gzgqw/,https://api.pullpush.io/reddit/comment/search/?ids=h5gzgqw
2021-07-21,r/Maine,Semper Yut,https://undelete.pullpush.io/r/Maine/comments/oo11p7/_/h5y3gmo/,https://api.pullpush.io/reddit/comment/search/?ids=h5y3gmo
2021-07-21,r/USMC,"You’re getting downvotes, but you aren’t wrong.

War fighting is about accomplishing objectives. We didn’t accomplish ours, they are accomplishing theirs. That’s about as “losing” as it gets.",https://undelete.pullpush.io/r/USMC/comments/ooswtq/_/h611swr/,https://api.pullpush.io/reddit/comment/search/?ids=h611swr
2021-07-29,r/WarCollege,"I left in 2011 after my last Army tour, and was back a few years later as a contractor. Nothing had changed, it was all the same pointlessness. It’s almost impressive if it wasn’t so pathetic.",https://undelete.pullpush.io/r/WarCollege/comments/otluj6/_/h6yfkym/,https://api.pullpush.io/reddit/comment/search/?ids=h6yfkym
2021-07-30,r/SocialistRA,"Guns are like chainsaws. Dangerous when handled by the unfamiliar, require instruction and practice to utilize effectively, and if you buy a more expensive but less reliable one because you like the country it’s from, your friends will call you a dumbass.",https://undelete.pullpush.io/r/SocialistRA/comments/otqkuj/_/h70svww/,https://api.pullpush.io/reddit/comment/search/?ids=h70svww
2021-08-02,r/USMC,"I guess the good news is you aren’t alone. The most godawful depressing “kill me fucking now” posts that pop up on the subreddit are from you poor bastards flagged for recruiting duty. Fuck combat, sounds like that’s where the pain and misery is.

If shit is getting rough, talk to somebody. Military OneSource, a civvie therapist, whatever. But don’t bottle that shit up.",https://undelete.pullpush.io/r/USMC/comments/owiros/_/h7g9u8s/,https://api.pullpush.io/reddit/comment/search/?ids=h7g9u8s
2021-08-07,r/Maine,"By “closed system” they mean “we’re wrapping the pen in a plastic sheet”. I’m not making that up, it’s in their lease application on the DMR website. You’ll have to excuse me for not expecting that to be a solution to runoff that’s not devoid of likely failure at some point.",https://undelete.pullpush.io/r/Maine/comments/ozschk/_/h8284te/,https://api.pullpush.io/reddit/comment/search/?ids=h8284te
2021-08-07,r/Maine,"Salmon farming, by its nature, requires huge amounts of inputs like food and anti-disease measures, and also results in large amounts of outputs (mostly fish shit and dead fish). 

While AA claims they’ll be able to mitigate the runoff by wrapping a plastic sheet around the pens, it’s a method that isn’t allowed in Norway because, well, it’s untested at scale and likely to fail at some point.

Even a minor failure of a 120 acre salmon farm in the middle of Frenchman Bay can have a significant impact on the ecosystem.

Also, we want investment here, but in the form of Maine owned and run companies, not foreign firms owned by guys who have been to prison for fraud before and who will just use our waters to extract profits. 

It says something that lobstermen, aquaculturists, recreational bay users, the National Park, summer people, and locals all are against this thing. That’s a group of people who almost never see eye to eye, but on this issue there’s very little daylight between them.",https://undelete.pullpush.io/r/Maine/comments/ozschk/_/h82945o/,https://api.pullpush.io/reddit/comment/search/?ids=h82945o
2021-08-07,r/Maine,"Nah, oysters actually enjoy warmer waters. The flavor may change slightly, but they’ll be quite happy. Plus the most “the sky is falling” temperatures projections I’ve seen still leave Frenchman Bay pretty ok 20 years from now.

Source: I own Waukeag Neck Oyster.",https://undelete.pullpush.io/r/Maine/comments/ozschk/_/h829fvl/,https://api.pullpush.io/reddit/comment/search/?ids=h829fvl
2021-08-07,r/Maine,"As the farm owner, I guess I ought to chime in here. Didn’t quite expect to see this on Reddit this morning.

It’s a multi-faceted answer, so bear with me.

First and foremost, the biggest fear for myself and every other sea farmer on the bay is a system failure. AA claims they’ll be building a discharge free system, but their application on the DMR website shows they’re really just wrapping a plastic sheet around the pens and pumping water out through filters. It’s a method that is not allowed in Norway, and also hasn’t been done successfully at scale. It doesn’t engender confidence for those of us who rely heavily on the water quality and ecosystem of the bay. They want to put these pens pretty much in the center of the bay, and with the amount of water movement we get here even a minor failure could have huge consequences.

That’s the material fear. But there are others. This region relies heavily on tourism, and much of that tourism comes in the form of Acadia visitors. A 120 acre industrial farm in the center of the view shed from Cadillac is enough of a concern that the superintendent of the Park has made a public statement opposing the plan. For my part, eco-tourism is a portion of my business, and one of the things people seem to enjoy the most on farm tours is the idyllic state of the bay. A huge industrial farm in the center of it will certainly have an impact.

Another threat is what this kind of operation means for the future of aquaculture in Maine. Warming waters and changing conditions means that aquaculture is going to play a serious role in the future of Maine’s economy. I deeply love Maine’s connection to the sea and our tradition of working waterfront, and I very much want to see us find solutions that will keep this way of life alive. Shellfish and sea vegetable farms are environmentally healthy and sustainable ways to grow food in the ocean, and are not remotely as extractive as commercial fishing. They also require almost no inputs, as the shellfish and sea vegetables don’t require feeding or anti-disease measures.

Fin fish farming at sea requires massive amounts of inputs, and in an age where we have figured out how to farm them on land in recirculating aquaculture systems like are being proposed in Belfast, Bucksport, and Jonesport, exposing our waters to more of these operations is, frankly, just stupid. A better option exists, and that’s where we should be focusing.

Last but not least, as aquaculture becomes a clearer answer to the “food production in a time of climate change” question, our clean waters and protected coastline are going to be sought after by corporations and investors from other places looking to use our water to extract profits. We once protected our lobster fishery from that through the “one boat, one license” model, and if we’re any smart we need to find a similar solution in regards to aquaculture. What certainly is NOT a good idea is letting a foreign company set up a large unproven system to farm fin fish in an outdated manner.

ETA: They also approached this whole project in the exact wrong way. No community outreach, no relationship building with current bay users, hell, no research of any kind it seems. It’s managed to piss a lot of folks off and is giving the term “aquaculture” a bit of a negative connotation around here. For those of us who have been responsibly farming for some time here, that’s worrisome. There are some powerful entities in the state working on behalf of wealthy landowners who are worried about their views and property values who are more than happy to leverage this issue in a larger fight to hamstring aquaculture writ large. So American Aquafarms isn’t doing us any favors in that department.",https://undelete.pullpush.io/r/Maine/comments/ozschk/_/h82byg4/,https://api.pullpush.io/reddit/comment/search/?ids=h82byg4
2021-08-07,r/Maine,"Yeah, it’s better than the old school open pens, but in an age of recirculating aquaculture systems (RAS) it’s a risk not worth taking. Certainly not dead center of Frenchman Bay.

Cooke Aquaculture does open pens, but they also intelligently choose sites far away from things they might effect. While I’m no fan of the method on the whole, at least they do that.

The closed pen thing is new, and certainly *better* than an open pen, but choosing to try it at scale dead center in Frenchman Bay, in areas people use heavily already, may not have been the brightest call.",https://undelete.pullpush.io/r/Maine/comments/ozschk/_/h82drqs/,https://api.pullpush.io/reddit/comment/search/?ids=h82drqs
2021-08-07,r/Maine,"Sadly around here this project has people losing their goddamned minds. While I’m opposed to it (obviously), I’ve heard some of the dumbest things recently from passionate but fantastically ill informed opponents. 

Someone last week told me that if the salmon farm gets built, the bay will be anoxic in 10 years and the whole ecosystem will suffer total collapse. 

That person is an idiot.

I’m doing my best to communicate a rational opposition to the project, there’s plenty of actual bad in it without just making shit up.",https://undelete.pullpush.io/r/Maine/comments/ozschk/_/h82evvt/,https://api.pullpush.io/reddit/comment/search/?ids=h82evvt
2021-08-07,r/Maine,"Department of Marine Resources is the lease grantor. As someone who has been through the lease process, I can say it is incredibly thorough, rigorous, and ultimately very fair.

I would be very surprised if this thing got approved, guys set gear on the proposed site and impact on existing fisheries is the #1 thing that will get your application nuked.",https://undelete.pullpush.io/r/Maine/comments/ozschk/_/h82ftz4/,https://api.pullpush.io/reddit/comment/search/?ids=h82ftz4
2021-08-07,r/Maine,My pleasure. And appreciated.,https://undelete.pullpush.io/r/Maine/comments/ozschk/_/h82jq05/,https://api.pullpush.io/reddit/comment/search/?ids=h82jq05
2021-08-07,r/WarCollege,"I worked closely with a Legion OMLT in Afghan in 10-11. All highly experienced NCO’s, incredibly professional and some of the fittest men I have ever come across.

They also couldn’t shoot for shit. As they themselves pointed out, they do live fire like once a year. Even in Afghanistan, they had about 500 rounds for training for the entire deployment.

Good dudes, but if 15 year NCO’s are that abysmal with rifles, I can’t imagine the force as a whole.",https://undelete.pullpush.io/r/WarCollege/comments/ozmlli/_/h82qq4q/,https://api.pullpush.io/reddit/comment/search/?ids=h82qq4q
2021-08-07,r/WarCollege,"Sorry, I didn’t mean per man. For the whole element.",https://undelete.pullpush.io/r/WarCollege/comments/ozmlli/_/h839jdu/,https://api.pullpush.io/reddit/comment/search/?ids=h839jdu
2021-08-07,r/Maine,"I’m 36, grew up in Sullivan, own an oyster farm on the north side of the bay, and am close with pretty much every other farmer on the bay.

So…I make Reddit comments. And as detailed above am very against it, as are the other aquaculturists on the bay. Springtide Seaweed out of Gouldsboro was just in the Boston Globe expressing similar concerns to mine.

Please outline to me how we are wealthy retirees who are opposed to aquaculture. If we’re going to farm salmon (which we probably shouldn’t anyways), RAS’ are the way to go.",https://undelete.pullpush.io/r/Maine/comments/ozschk/_/h83ize6/,https://api.pullpush.io/reddit/comment/search/?ids=h83ize6
2021-08-08,r/Maine,"It may be ok. It may also be devastating. What we do know is the bay is currently operating wonderfully, so dumping new effluent into it is an unnecessary experiment.",https://undelete.pullpush.io/r/Maine/comments/ozschk/_/h84vj7p/,https://api.pullpush.io/reddit/comment/search/?ids=h84vj7p
2021-08-09,r/USMC,"Shit man, took me a good decade after Ramadi to get therapy. I spent that decade as a mess. Turns out….definitely should have done that sooner. Not a big deal at all, and with serious benefits.

Good advice.",https://undelete.pullpush.io/r/USMC/comments/p1afwl/_/h8c9aeh/,https://api.pullpush.io/reddit/comment/search/?ids=h8c9aeh
2021-08-12,r/USMC,"Got shared with me yesterday by a bunch of the retards I served with. The humor is Berger was our BC and Regimental CO, and anyone who had met the man would know this shit was so obviously not true.",https://undelete.pullpush.io/r/USMC/comments/p2xhci/_/h8oxl4d/,https://api.pullpush.io/reddit/comment/search/?ids=h8oxl4d
2021-08-13,r/Maine,"Man, I still do that….it doesn’t even cross my mind it hasn’t been the cheese house forever.

That and “the intersection where Dunkin used to be” for High Street and Main.",https://undelete.pullpush.io/r/Maine/comments/p3ps47/_/h8tcjcr/,https://api.pullpush.io/reddit/comment/search/?ids=h8tcjcr
2021-08-14,r/USMC,"The shock and sadness is kinda baffling. This shit was so obviously going to happen the moment we walked away, the Afghan gov is magnificently corrupt and impressively incompetent.

We’re just ripping the bandaid off, which is the only way to do it.",https://undelete.pullpush.io/r/USMC/comments/p3tnwf/_/h8uphd7/,https://api.pullpush.io/reddit/comment/search/?ids=h8uphd7
2021-08-15,r/Military,"If one of these kids fucking dies for this bullshit, I’m gonna be real pissed.",https://undelete.pullpush.io/r/Military/comments/p4hiuc/_/h8zrmle/,https://api.pullpush.io/reddit/comment/search/?ids=h8zrmle
2021-08-15,r/Military,The only thing that’s surprising is that people are surprised.,https://undelete.pullpush.io/r/Military/comments/p4l6qo/_/h91fla1/,https://api.pullpush.io/reddit/comment/search/?ids=h91fla1
2021-08-15,r/Military,"Turns out the Afghan government had less faith in itself that I did, and I didn’t have any faith in it at all.",https://undelete.pullpush.io/r/Military/comments/p4v07x/_/h92isew/,https://api.pullpush.io/reddit/comment/search/?ids=h92isew
2021-08-16,r/USMC,"Fuckin’ Walgren was the man. I knew him as a SSgt in 3/8, dude got you fucking motivated just by being there. He gave the John Glenn speech before we went to Fallujah, I’m pumped it got memorialized on film before the Marjah operation.

Some dudes make you love being a Marine.",https://undelete.pullpush.io/r/USMC/comments/p5c5x8/_/h966k4r/,https://api.pullpush.io/reddit/comment/search/?ids=h966k4r
2021-08-16,r/USMC,"There was no right way to do this, no matter what people say. It was always going to suck, and better to just get it over with. Anybody who fought in Afghan and was paying attention knows the Afghan gov was borderline non-existent in most places besides corrupt cops and soldiers who robbed folks because their own commanders were robbing them. 

It was never going to be pretty when that fell apart.",https://undelete.pullpush.io/r/USMC/comments/p5pm0g/_/h97mhjv/,https://api.pullpush.io/reddit/comment/search/?ids=h97mhjv
2021-08-17,r/Military,"Oh good. Back where we started. Sure glad 3500 allied lives, god knows how many Afghans, 20 years, and a trillion dollars had an impact.",https://undelete.pullpush.io/r/Military/comments/p5zjzr/_/h99vmz0/,https://api.pullpush.io/reddit/comment/search/?ids=h99vmz0
2021-08-17,r/Military,"I fought besides ANA, ALP, and ran a training program for and directly advised ANP.

This was always going to be the outcome. There were some borderline ok guys, and the Commandos and CIA trained bubbas were good (although it’s not like they really were fighting for Afghanistan, they were a tribe unto themselves). 


The vast, vast majority of Afghan security forces were illiterate dudes who just needed a job. Their leadership was stealing their pay, and so they’d often just steal from the population to make up for it. To the average Afghan civilian, the government was just the local cops and soldiers who’d rob you, kidnap your family members for ransom money on some fake charge, and rape some of the local kids. 

In 2011 my ANP had two magazines of ammunition per man, 1 RPG rocket for the whole police station, and zero gas for their Ford Rangers. Why? Because their district commander was selling it all.

The Afghan security forces borderline never really existed outside of the optimistic fever dreams of military leadership, diplomats, and Afghan politicians. 

Had anybody bothered to go ask the infantry, they’d have known this was coming years ago.",https://undelete.pullpush.io/r/Military/comments/p5ud4m/_/h9a9hv1/,https://api.pullpush.io/reddit/comment/search/?ids=h9a9hv1
2021-08-17,r/USMC,Really drives it all home haha,https://undelete.pullpush.io/r/USMC/comments/p5pm0g/_/h9avq2q/,https://api.pullpush.io/reddit/comment/search/?ids=h9avq2q
2021-08-20,r/USMC,"While I agree with most of this, let’s not let military leadership off the hook here. Politicians were too worthless to define actual goals, but partially because military leadership continued to sell them a bill of goods over the course of the war. 

The battalion commanders, brigade commanders, regional commanders, theater commanders, and every staff officer that worked in those commands is just as guilty as the political leadership. They kept the lie alive because it was good for their careers, and didn’t give a single fuck about the kids they sent off to die for something that didn’t even have a real plan.

They should never be forgiven for their betrayal.",https://undelete.pullpush.io/r/USMC/comments/p7roab/_/h9m8jix/,https://api.pullpush.io/reddit/comment/search/?ids=h9m8jix
2021-08-25,r/WarCollege,I’m digging the Generals sweet ass leather gun belt. That’s a man who knows he’s made and gives little fucks. Good on ya sir.,https://undelete.pullpush.io/r/WarCollege/comments/pauv4j/_/ha8jt9f/,https://api.pullpush.io/reddit/comment/search/?ids=ha8jt9f
2021-08-25,r/Military,"Which means they should have known better the absurd stress their presence would put on people trying to work through an already indescribably complex fuck show.

Asshats, the both of them.",https://undelete.pullpush.io/r/Military/comments/pbamuv/_/habtaq6/,https://api.pullpush.io/reddit/comment/search/?ids=habtaq6
2021-08-26,r/USMC,"Same here. I’ve watched it all with a sense of detachment and at times even bemusement since everyone has been so surprised over the so blatantly obvious.

But this shit…this stupid fucking war can’t come to an end soon enough. These kids are my people, I was looking at those pics of the 1/8 kids this morning with big ol’ dips in and unbloused boots and thinking “Marine grunts ain’t ever gonna change.” 

Maybe it’s because I’m older now, but I just feel…protective. These guys are the best of us, and we don’t deserve what they’re willing to give up, not after 20 years of this dumb bullshit.

This one hurts, man.",https://undelete.pullpush.io/r/USMC/comments/pc3uk2/_/hahgavc/,https://api.pullpush.io/reddit/comment/search/?ids=hahgavc
2021-08-27,r/USMC,"If anyone had sat some infantry NCO’s and company level officers down in from of Congress and let them be honest, nobody would have been surprised by this bullshit.

I left in 2011 as a Sgt and knew it was pointless back then.",https://undelete.pullpush.io/r/USMC/comments/pca7w3/_/hainuxg/,https://api.pullpush.io/reddit/comment/search/?ids=hainuxg
2021-08-27,r/USMC,"Oh no, he’s still in. NG Group in Texas. Fucking embarrassment to the uniform.",https://undelete.pullpush.io/r/USMC/comments/pcfho6/_/hairgz8/,https://api.pullpush.io/reddit/comment/search/?ids=hairgz8
2021-08-27,r/Military,"Studs. Fair winds and following seas Gents, you were the best we had. 

This stupid goddamned war can’t end soon enough.",https://undelete.pullpush.io/r/Military/comments/pcyfwb/_/hambggb/,https://api.pullpush.io/reddit/comment/search/?ids=hambggb
2021-08-28,r/SocialistRA,"Well that’s my old company, Kilo 3/8, in Ramadi for our 2006 tour. Carry handles were SL3 gear we couldn’t lose, and with ACOG’s being a newer issues item the Corps also felt we needed backup irons in case the optic shit the bed.

So they made us bolt the damned things to our rails. Dumb as shit from today’s perspective, but the Marine Corps has its moments of deep stupidity.",https://undelete.pullpush.io/r/SocialistRA/comments/pd0xr0/_/hannja6/,https://api.pullpush.io/reddit/comment/search/?ids=hannja6
2021-08-30,r/USMC,Good.,https://undelete.pullpush.io/r/USMC/comments/peqzgw/_/hazjo3e/,https://api.pullpush.io/reddit/comment/search/?ids=hazjo3e
2021-08-31,r/Maine,"On Sunday, 125 vessels met off The Hop at the site of a proposed 60 acre pen, half of the 120 acres a Norwegian company (humorously named “American Aquafarms”) is applying to use in Frenchman Bay for large scale salmon farming. 

From 12’ skiffs from Sorrento to 60’ lobster boats out of Winter Harbor, the turnout reflected the extensive opposition to the proposal from every corner of the bay and from all of its users. Commercial fisherman, oyster farmers, recreational boaters, seaweed aquaculturists, sail boats, all turned out in numbers that were astounding. 

Folks have a myriad of concerns over the project. Some are worried about the potential environmental impacts of an industrial salmon farm. Some are concerned about the project being proposed in an area filled with lobster traps. Others see a foreign company taking advantage of Maine’s clean waters to extract wealth as a bad precedent to set for how aquaculture looks in the future. Almost all are worried about what 120 acres of salmon pens will do to the natural beauty of the bay and its proximity to Acadia National Park.

Some feel that this is just NIMBYism. It isn’t. Aquaculture projects are alive and well on the bay, and supported by many of the participants in this protest. It is the nature of the Norwegian project that has aroused such a response, one that transcends the usual differences. Every single stakeholder in the bay was represented Sunday, and we all just hope that solidarity sends a message.",https://undelete.pullpush.io/r/Maine/comments/peumrq/_/hb04kfk/,https://api.pullpush.io/reddit/comment/search/?ids=hb04kfk
2021-08-31,r/Maine,"Fish farms on land are awesome, recirculating aquaculture systems are utilized successfully all over the world and Maine will be no exception with Nordic in Belfast, Whole Oceans in Bucksport, and the yellowtail project up in Jonesport.

Your comment makes little sense, Maine has plenty of recirculating aquaculture systems and is set to have plenty more.

At-sea salmon pens are outdated and risky compared to these far more sustainable systems.",https://undelete.pullpush.io/r/Maine/comments/peumrq/_/hb05jhl/,https://api.pullpush.io/reddit/comment/search/?ids=hb05jhl
2021-08-31,r/Maine,"Some locals, and that is absolutely NIMBY shit. Not the same thing as the Frenchman Bay proposal.",https://undelete.pullpush.io/r/Maine/comments/peumrq/_/hb09iwr/,https://api.pullpush.io/reddit/comment/search/?ids=hb09iwr
2021-08-31,r/Military,"I mean, some people did make A LOT of money, so not a total loss!",https://undelete.pullpush.io/r/Military/comments/peulyv/_/hb0dknt/,https://api.pullpush.io/reddit/comment/search/?ids=hb0dknt
2021-08-31,r/Maine,That’s exactly what we should do. It’s a real shame it won’t happen.,https://undelete.pullpush.io/r/Maine/comments/peumrq/_/hb0gnh5/,https://api.pullpush.io/reddit/comment/search/?ids=hb0gnh5
2021-08-31,r/Maine,"Please, let’s hear your brilliant thesis about how salmon farming is a form of “green energy”. I’m sure it’s a very well researched and informed opinion.",https://undelete.pullpush.io/r/Maine/comments/peumrq/_/hb1lf4r/,https://api.pullpush.io/reddit/comment/search/?ids=hb1lf4r
2021-08-31,r/Maine,I mean….you could have just read the title…,https://undelete.pullpush.io/r/Maine/comments/peumrq/_/hb1miuu/,https://api.pullpush.io/reddit/comment/search/?ids=hb1miuu
2021-09-07,r/Maine,These fucking assholes…,https://undelete.pullpush.io/r/Maine/comments/pjtek5/_/hbyxp7e/,https://api.pullpush.io/reddit/comment/search/?ids=hbyxp7e
2021-09-10,r/Maine,Good to see the home waters represented. Nice photo!,https://undelete.pullpush.io/r/Maine/comments/plu1d7/_/hcddv2v/,https://api.pullpush.io/reddit/comment/search/?ids=hcddv2v
2021-09-11,r/Military,"Welp, at least we’re consistent.

Fucking joke of a war. And I spent years of my life in it.",https://undelete.pullpush.io/r/Military/comments/plw4bi/_/hcedmrj/,https://api.pullpush.io/reddit/comment/search/?ids=hcedmrj
2021-09-12,r/Maine,Fuck yeah.,https://undelete.pullpush.io/r/Maine/comments/pmj1pr/_/hcj2ij4/,https://api.pullpush.io/reddit/comment/search/?ids=hcj2ij4
2021-09-13,r/USMC,"Just get into long distance shooting/3 gun/adventure races/whatever, you’ll have more fun anyways.",https://undelete.pullpush.io/r/USMC/comments/pnfsfa/_/hcoz9cc/,https://api.pullpush.io/reddit/comment/search/?ids=hcoz9cc
2021-09-13,r/USMC,"https://www.usara.com/

Long distance movements often combined with orienteering. Like long triathlons with land nav.",https://undelete.pullpush.io/r/USMC/comments/pnfsfa/_/hcp1fnq/,https://api.pullpush.io/reddit/comment/search/?ids=hcp1fnq
2021-09-13,r/USMC,It’s a blast. This your first event?,https://undelete.pullpush.io/r/USMC/comments/pnfsfa/_/hcp1rii/,https://api.pullpush.io/reddit/comment/search/?ids=hcp1rii
2021-09-13,r/USMC,"Don’t be. USPSA is a welcoming group in my experience, just show up looking to have fun and learn.",https://undelete.pullpush.io/r/USMC/comments/pnfsfa/_/hcp26o4/,https://api.pullpush.io/reddit/comment/search/?ids=hcp26o4
2021-09-17,r/Military,We just wanted to make sure we ended the war on the same note as we fought it. With incompetence and avoidable civilian killings.,https://undelete.pullpush.io/r/Military/comments/pq6mp9/_/hd8zyrs/,https://api.pullpush.io/reddit/comment/search/?ids=hd8zyrs
2021-09-21,r/Maine,"I’ve got a farm, what info are you looking for?",https://undelete.pullpush.io/r/Maine/comments/prz077/_/hdnzc8y/,https://api.pullpush.io/reddit/comment/search/?ids=hdnzc8y
2021-09-21,r/Maine,"Site selection can be hard, since not only are you looking for a spot with good flow/temps, but also a place that isn’t going to interfere with existing uses like fishing and recreation.

It’s also a little bit of an act of faith, since you won’t know what the product is going to taste like for a couple years. 

We started with LPA’s for a few years on a site that we thought would work, and luckily it did. Then got a 6 acre lease in the area once we knew it grew good oysters.",https://undelete.pullpush.io/r/Maine/comments/prz077/_/hdo3tse/,https://api.pullpush.io/reddit/comment/search/?ids=hdo3tse
2021-09-21,r/Maine,"I don’t know about line dancing, but contra dances are pretty popular downeast. Not sure how the winter is gonna look with Covid, though.",https://undelete.pullpush.io/r/Maine/comments/ps68dy/_/hdo6u1b/,https://api.pullpush.io/reddit/comment/search/?ids=hdo6u1b
2021-09-21,r/CombatFootage,And we still lost 🤷‍♂️,https://undelete.pullpush.io/r/CombatFootage/comments/psml5r/_/hdrpv5b/,https://api.pullpush.io/reddit/comment/search/?ids=hdrpv5b
2021-09-21,r/CombatFootage,"Yeah bud, I did multiple tours in Afghanistan. It was as much a failure of military leadership and lack of strategy as it was of our political leaders.

And ISIS killed 13 of our people on the way out the door, so it’s not like we won there either.",https://undelete.pullpush.io/r/CombatFootage/comments/psml5r/_/hdru3bt/,https://api.pullpush.io/reddit/comment/search/?ids=hdru3bt
2021-09-22,r/Maine,Hell yes. Consumer owned utility is the way to go.,https://undelete.pullpush.io/r/Maine/comments/pt48w1/_/hdubzw3/,https://api.pullpush.io/reddit/comment/search/?ids=hdubzw3
2021-09-23,r/Maine,"Yeah….why do you think many of us are against it? It’s specifically because Maine ISN’T getting what it could out of the deal.

That’s literally the whole point…,",https://undelete.pullpush.io/r/Maine/comments/ptjgi6/_/hdwp94q/,https://api.pullpush.io/reddit/comment/search/?ids=hdwp94q
2021-09-23,r/Maine,"Really depends where you fish out of and who with….

I know some real strung out boats, and I know boats with rock solid captains and sternmen. Runs the gamut.",https://undelete.pullpush.io/r/Maine/comments/ptt0ci/_/hdya678/,https://api.pullpush.io/reddit/comment/search/?ids=hdya678
2021-09-23,r/Maine,"You won’t be getting a license yourself, but if you’re willing to show up to the dock at 3am sober and haul all day, then you’ll find a boat.

But it can be real hit or miss. Get on a good boat with a sober captain who likes to work, and it can be an excellent (but hard) line of work. But lots of guys are assholes, some are strung out or drunks, and some are lazy. It can be a real shitshow sometimes. 

And the future of lobstering is pretty uncertain, the new whale regs are a big hit and with more likely coming down the pike. Then there’s the even more existential issue of a warming gulf of Maine, and there’s a real question of how lobstering looks 20 years from now.

Getting a job on a shellfish farm, on the other hand….",https://undelete.pullpush.io/r/Maine/comments/ptt0ci/_/hdyawcp/,https://api.pullpush.io/reddit/comment/search/?ids=hdyawcp
2021-09-23,r/Maine,"They aren’t. Some are, the majority are solid folks making a living. I work on the water and know a whole bunch of lobstermen, and only a few are pieces of shit. Granted, those few are absolutely terrible people, but it’s not remotely the bulk of guys fishing.",https://undelete.pullpush.io/r/Maine/comments/ptt0ci/_/he0ts4e/,https://api.pullpush.io/reddit/comment/search/?ids=he0ts4e
2021-09-23,r/Maine,"Holy fuck, I’d take the damned thing even if there were likelihood’s of side effects.

Oh, to frolic in the woods without fear again…",https://undelete.pullpush.io/r/Maine/comments/pu4fdf/_/he0wua3/,https://api.pullpush.io/reddit/comment/search/?ids=he0wua3
2021-09-24,r/Maine,"This apportionment proposal is a fucking shitshow.

It redistricts my town (Sullivan) out of District 12 on the coast into 18 that represents Aurora and Amherst.

Sullivan and Sorrento share a FD and a rec center. The high school serves Sullivan, Sorrento, Franklin, Gouldsboro. Being a coastal town, Sullivan is on the regional shellfish committee with our neighboring towns. We have a harbor with lobstering and oyster farming, and so being repped by a legislator who is focused on coastal communities isn’t a minor issue.

Some genius on the apportionment committee looked at a map and said “hey, see that coastal town being represented in a district of other coastal towns? Let’s instead have them represented by a district of inland towns with totally different concerns and needs!”

To add insult to injury, they have Cherryfield, closer in both proximity and issues to the rest of 18, being represented in District 12.

Whoever made this call is either a magnificently ignorant bureaucrat or a goddamned moron.",https://undelete.pullpush.io/r/Maine/comments/puimr7/_/he3bq4y/,https://api.pullpush.io/reddit/comment/search/?ids=he3bq4y
2021-09-25,r/Maine,"Usually a couple times a month in the summer, but with the price so high this year I only ate it a couple times when it was free.",https://undelete.pullpush.io/r/Maine/comments/pv2ipg/_/he7ne6i/,https://api.pullpush.io/reddit/comment/search/?ids=he7ne6i
2021-09-25,r/USMC,"I was in 3/8, we replaced 3/7 in March and then got replaced by 1/6 in September. 2006 was one hell of a year in that city.",https://undelete.pullpush.io/r/USMC/comments/pv0i1k/_/he8vysk/,https://api.pullpush.io/reddit/comment/search/?ids=he8vysk
2021-09-25,r/USMC,"I remember it well, I was with Kilo at the Gov Center. It was wild to watch them just drop an entire section of the city.",https://undelete.pullpush.io/r/USMC/comments/pv0i1k/_/hea0nez/,https://api.pullpush.io/reddit/comment/search/?ids=hea0nez
2021-09-26,r/sailing,Super illegal in Maine.,https://undelete.pullpush.io/r/sailing/comments/pvices/_/hec4dam/,https://api.pullpush.io/reddit/comment/search/?ids=hec4dam
2021-09-27,r/USMC,I’m an oyster farmer. Bit of a different lifestyle.,https://undelete.pullpush.io/r/USMC/comments/pw7y4u/_/hegl9kv/,https://api.pullpush.io/reddit/comment/search/?ids=hegl9kv
2021-09-27,r/USMC,"I love it. I work for myself on the sea, and back in Maine where I grew up. Bit of a learning curve, but it’s been awesome getting a bunch of new skill.",https://undelete.pullpush.io/r/USMC/comments/pw7y4u/_/hegmq31/,https://api.pullpush.io/reddit/comment/search/?ids=hegmq31
2021-09-27,r/USMC,"If you ever do, shoot me a DM. My farm is just across the bay from Bar Harbor, I look at Acadia all day.",https://undelete.pullpush.io/r/USMC/comments/pw7y4u/_/hegn0r6/,https://api.pullpush.io/reddit/comment/search/?ids=hegn0r6
2021-09-27,r/USMC,"Oh, big Robert Evans fan.",https://undelete.pullpush.io/r/USMC/comments/pw7y4u/_/hego9y3/,https://api.pullpush.io/reddit/comment/search/?ids=hego9y3
2021-09-27,r/USMC,"It Could Happen Here is excellent, and I’m very much enjoying the season 2 stuff. 

I’m farming a sustainable and ecologically beneficial food source for a reason…",https://undelete.pullpush.io/r/USMC/comments/pw7y4u/_/hehac5d/,https://api.pullpush.io/reddit/comment/search/?ids=hehac5d
2021-09-27,r/USMC,"I lease 6 acres from the state of Maine. It’s a long process of selecting a site, you need to find a place that both meets the needs of the animals and doesn’t interfere with any existing water usage. The application process itself took me 3 years from initiation to lease granting. But once that part is done, it’s $100 per acre, so eminently affordable.

The issue with most sea farming is equipment costs. Boats, line, chain, anchors, and then whatever equipment you need for the specific crop you’re growing (for us it’s mesh bags and floating cages). There are multiple different ways to farm oysters, and then tons of other species (mussels, scallops, sea vegetable varieties) that all have their own nuances. And it all depends on the environment you want to farm them in.

It’s a fantastic way to make a living though. Like all farming it’s hard and requires a ton of time and attention, but I find it extremely fulfilling. Shellfish and seaweed aquaculture are also ways to farm food that have either very minimal/even beneficial impacts on the environment. That’s a big difference from most of our other methods of food production.",https://undelete.pullpush.io/r/USMC/comments/pw7y4u/_/hehbch6/,https://api.pullpush.io/reddit/comment/search/?ids=hehbch6
2021-09-29,r/Maine,Wait….I’m not alone?! Holy shit.,https://undelete.pullpush.io/r/Maine/comments/pxi5rh/_/henytq2/,https://api.pullpush.io/reddit/comment/search/?ids=henytq2
2021-09-30,r/USMC,"I have this recurring dream where I’m still a Sergeant, but for some reason I need to go back to recruit training. And I spend the whole dream just being pissed about the whole thing.

That’s about it.",https://undelete.pullpush.io/r/USMC/comments/pym9lx/_/hev1vc1/,https://api.pullpush.io/reddit/comment/search/?ids=hev1vc1
2021-10-01,r/Maine,"Sadly it’s not like it used to be, the snow just doesn’t stick around long much anymore. Last year I got in about 4-5 skis total on the carriage roads.

Friends of Acadia does groom them, which is nice. I’m a fan of the Eagle Lake/Witch Hole pond loops.",https://undelete.pullpush.io/r/Maine/comments/pyvsn1/_/hexakhh/,https://api.pullpush.io/reddit/comment/search/?ids=hexakhh
2021-10-01,r/Maine,House I grew up in was built jn 1820 by a shipbuilder. It’s still going strong 200 years later.,https://undelete.pullpush.io/r/Maine/comments/pzgs8b/_/hf12bni/,https://api.pullpush.io/reddit/comment/search/?ids=hf12bni
2021-10-03,r/politics,"Uh….I live in District 2 and voted for Gideon.

This whole “everybody in D2 is a raging uneducated racist” schtick is goddamned idiotic. I guess everyone on Mount Desert Island is a Republican. What a nuanced and informed take you have of Maine politics.

Jesus Christ, our Congressman is a Democrat who left Maine for job opportunities (in DC no less), so this take is made even more absurd.

Plenty of folks in Tenants Harbor and Sanford also voted against Gideon. The DSCC just did a shit job of choosing a candidate.",https://undelete.pullpush.io/r/politics/comments/q0fu96/_/hf915ov/,https://api.pullpush.io/reddit/comment/search/?ids=hf915ov
2021-10-13,r/Maine,"So many pogies this year, it’s been awesome to watch the bait balls swim through the farm. Seals breach like sharks while chasing them, it’s very cool.

With bait prices where they are, it’s good a lot of lobstermen have had a chance to bring a bunch in.",https://undelete.pullpush.io/r/Maine/comments/q6v8es/_/hgfmjtl/,https://api.pullpush.io/reddit/comment/search/?ids=hgfmjtl
2021-10-14,r/USMC,"Ahhh, the memories.

I think being a ‘31 during a successful Range 400 run is one of the coolest things in the Corps. Getting a birds eye view of a supported rifle company in the assault really is awe inspiring.

Also, being a ‘31 during an UNSUCCESSFUL run is also amazing, because you get to just watch the entire thing fall apart before your eyes.

Both were worth the few minutes of misery that comes with getting the guns and ammo into position in time.",https://undelete.pullpush.io/r/USMC/comments/q7zvuc/_/hgm7n9w/,https://api.pullpush.io/reddit/comment/search/?ids=hgm7n9w
2021-10-16,r/USMC,"We had a bunch in Ramadi, things were wonderful.",https://undelete.pullpush.io/r/USMC/comments/q8veci/_/hgum6g4/,https://api.pullpush.io/reddit/comment/search/?ids=hgum6g4
2021-10-18,r/antiwork,Oyster farmer checking in.,https://undelete.pullpush.io/r/antiwork/comments/qabcfd/_/hh3i8ad/,https://api.pullpush.io/reddit/comment/search/?ids=hh3i8ad
2021-10-21,r/USMC,Wait…are there Marines who exist who haven’t heard of Gates of Fire?! It’s why every goddamned retarded unit shirt had Spartan shit when I was in.,https://undelete.pullpush.io/r/USMC/comments/qctn28/_/hhj3lap/,https://api.pullpush.io/reddit/comment/search/?ids=hhj3lap
2021-10-28,r/USMC,"Make sure to write up and submit a combat veteran lay statement as a 21-4138. If you have OEF as a grunt, the VA will have to take your statement as evidence as long as it fits within the activities an infantryman serving in Afghanistan would be taking part in.

So you can’t say your back hurts because aliens abducted you and dropped you from the UFO after the probing, BUT you can lay out how while serving as an infantryman during combat operations in RC South you carried upwards of 100 lbs of equipment on numerous foot patrols, and on several occasions felt pain in your lower back after jumping over walls/falling out of trucks/getting blown up/etc etc (don’t lie, but outline every opportunity you had to injure your back in combat). You did not report these injuries due to the high operational tempo of your unit, as well as the general culture of ignoring pain in combat infantry units. In the years since separation, the condition has worsened and has resulted in this eventual more obvious injury.

Submit that statement in tandem with a nexus letter from a doc (preferably a civilian one who will of course see obvious service connection) and you’ll have a good chance at a rating increase.",https://undelete.pullpush.io/r/USMC/comments/qhsj9d/_/hifc6tf/,https://api.pullpush.io/reddit/comment/search/?ids=hifc6tf
2021-10-28,r/USMC,"Happy to help brother. If you google around you should be able to find some lay statement examples, if not shoot me a DM and I’ll forward you mine from when I appealed for my back.",https://undelete.pullpush.io/r/USMC/comments/qhsj9d/_/hifedy9/,https://api.pullpush.io/reddit/comment/search/?ids=hifedy9
2021-10-29,r/Military,Fuck em if they can’t take a joke.,https://undelete.pullpush.io/r/Military/comments/qi0exj/_/higjxzo/,https://api.pullpush.io/reddit/comment/search/?ids=higjxzo
2021-10-29,r/USMC,"Sent you a message, let me know if it didn’t get through.",https://undelete.pullpush.io/r/USMC/comments/peqzgw/_/hih289l/,https://api.pullpush.io/reddit/comment/search/?ids=hih289l
2021-11-01,r/antiwork,37. I got older and became a communist.,https://undelete.pullpush.io/r/antiwork/comments/qkfovm/_/hixh6ls/,https://api.pullpush.io/reddit/comment/search/?ids=hixh6ls
2021-11-03,r/Military,"If I could have just stayed in a gun section, but had the opportunity to still gain “promotions” at least in relation to pay, I would likely still be in the Corps. If my fellow machinegunners were NCO’s, or at least an equivalent pay grade that allowed men to spend significantly longer periods in roles we currently allot to the kids, I can imagine a unit that has far less stupidity and far more professionalism.

But I cannot see a service that has been built on 50 years of “up or out” bureaucracy making this switch.",https://undelete.pullpush.io/r/Military/comments/qlyszh/_/hj6rl3w/,https://api.pullpush.io/reddit/comment/search/?ids=hj6rl3w
2021-11-03,r/Military,"Well aware my man. But we also just lost two wars and are having a hell of a time with retention, so there’s a possibility it’s a shit system.",https://undelete.pullpush.io/r/Military/comments/qlyszh/_/hj7dzbf/,https://api.pullpush.io/reddit/comment/search/?ids=hj7dzbf
2021-11-03,r/Military,"Well then, I suppose that right there does an excellent job of showing your opinion is utterly ignorable. 

And having fought as an infantryman in both of the recent wars we were unsuccessful in, I can say without reservation that a more mature and effective infantry (both USMC and Army) would have resulted in a better outcome. In the very least, adult infantrymen would have been taken far more seriously when they pointed out the wars were pointless and unwinnable. Nobody ever gave a fuck about what 19 year olds had to say, which is a bummer because they could have told you it was pointless long, long ago.",https://undelete.pullpush.io/r/Military/comments/qlyszh/_/hj7jicl/,https://api.pullpush.io/reddit/comment/search/?ids=hj7jicl
2021-11-03,r/Military,"I was always envious of the commonwealth outfits when we worked beside them. Dudes could take pay increases but not actual promotions, and so might still be a SAW gunner with 6 years in. Lucky bastards.",https://undelete.pullpush.io/r/Military/comments/qlyszh/_/hj7kf5i/,https://api.pullpush.io/reddit/comment/search/?ids=hj7kf5i
2021-11-03,r/Military,"The funny thing is, the guys who love the work would just take pay bumps that allow them to exist. You could still offer larger pay increases to leadership and management roles, and people who are interested in that would take them. It would be a relative pittance to keep the dudes who would stick around as a rifle team leader or machinegunner in those roles.",https://undelete.pullpush.io/r/Military/comments/qlyszh/_/hj7m1d7/,https://api.pullpush.io/reddit/comment/search/?ids=hj7m1d7
2021-11-03,r/Military,Did you have a significant role in the recent unpleasantness?,https://undelete.pullpush.io/r/Military/comments/qlyszh/_/hj7mfct/,https://api.pullpush.io/reddit/comment/search/?ids=hj7mfct
2021-11-03,r/Military,"Keep on telling yourself that friend. You’re so correct, the US military met all of its goals and certainly did not see its opponent meet all of theirs.

As for Iraq, I fought there in 2005-2006, and ISIS didn’t even exist yet.",https://undelete.pullpush.io/r/Military/comments/qlyszh/_/hj7r337/,https://api.pullpush.io/reddit/comment/search/?ids=hj7r337
2021-11-03,r/Military,"Well then you’d know that effective infantry was pretty much the whole game. Lots of people wasted time at BAF, KAF, and in Kabul, but it was the infantry who were out fighting the war. 

If you think a more effective and mature infantry force would have had zero impact on the Afghan war, I’d confidently say you spent no time out in the provinces where the war was being fought.",https://undelete.pullpush.io/r/Military/comments/qlyszh/_/hj7v5g8/,https://api.pullpush.io/reddit/comment/search/?ids=hj7v5g8
2021-11-03,r/Military,Jesus H Christ…,https://undelete.pullpush.io/r/Military/comments/qlyszh/_/hj7v7rh/,https://api.pullpush.io/reddit/comment/search/?ids=hj7v7rh
2021-11-03,r/Military,"Yes, I totally missed all the news related to the war I spent over a decade fighting.",https://undelete.pullpush.io/r/Military/comments/qlyszh/_/hj7vx72/,https://api.pullpush.io/reddit/comment/search/?ids=hj7vx72
2021-11-04,r/Military,I don’t want to be excessively insulting here….but are you retarded?,https://undelete.pullpush.io/r/Military/comments/qlyszh/_/hj7ytbb/,https://api.pullpush.io/reddit/comment/search/?ids=hj7ytbb
2021-11-04,r/Military,"If you believe that, it’s pretty clear you’re, in fact, a retard.",https://undelete.pullpush.io/r/Military/comments/qlyszh/_/hj8a9cr/,https://api.pullpush.io/reddit/comment/search/?ids=hj8a9cr
